comparison_id,effect,population,n_planets,n_systems,median_delta_e,median_delta_e_ci_low,median_delta_e_ci_high,mean_delta_e,median_abs_delta_e,p95_abs_delta_e,fraction_positive,median_baseline_e_width,median_abs_delta_over_e_width,interpretation
ld_reference_lc,limb_darkening,thick_multi,2,1,0.027595984900152148,0.027595984900152148,0.027595984900152148,0.027595984900152148,0.044321835247334046,0.06915822165747099,0.5,0.5035371109044029,0.08865175335783318,underpowered_fewer_than_5_systems
ld_reference_lc,limb_darkening,thick_single,4,4,0.01195458385368075,-0.0010263938892073,0.0385963753581374,0.015369787294072899,0.01195458385368075,0.0362318913802729,0.75,0.4359489359483648,0.03528213297585321,underpowered_fewer_than_5_systems
ld_reference_lc,limb_darkening,thin_multi,12,5,-0.00567277227594655,-0.0205861928355263,0.0051237888836991,-0.005883285827841642,0.02318236435726605,0.0575805517123988,0.5,0.4721587171153813,0.05022102290094756,descriptive_targeted_sample
ld_reference_lc,limb_darkening,thin_single,13,13,0.0016808262966827,-0.0074810232367709,0.0052275744253291,-0.001507628084471185,0.0060362737679094,0.031133654378744904,0.6153846153846154,0.34924357733878936,0.014927183944071113,descriptive_targeted_sample
