parameter,repeatability_n_planets,repeatability_abs_delta_p50,repeatability_abs_delta_p95,repeatability_abs_delta_max
t14_hr,9,0.0009568086231714901,0.020197051904449558,0.02097100671943508
impact,9,0.002957531770152566,0.0793447573922976,0.1107861895995832
rp_over_rs,9,1.633389907518268e-05,0.05726533582312349,0.09541112139893872
e,9,0.0010820037024174,0.02617874828726771,0.034259419802460556
zeta,9,0.0019143365890884612,0.014110109021504466,0.018087782617164594
