target_index,koi_target,kepid,disk,system,P_thick,validation_priority,selection_reason,driving_kepoi_name,driving_e50,driving_zeta_median,driving_ld_abs_max_delta,target_sample_planets,all_kepoi_names,min_period,max_period,short_cadence_file_count
0,K00856,6526710,thin,single,,1,high_leverage_thin_single_short_zeta,K00856.01,0.3776610401250549,0.7732058657409631,0.1703,1,K00856,39.74893077,39.74893077,0
1,K00791,12644822,thin,single,,2,high_leverage_thin_single_short_zeta,K00791.01,0.4093142660818995,0.7477238107359618,0.1462,1,K00791,12.611904345,12.611904345,0
2,K01553,7951018,thin,single,,3,high_leverage_thin_single_short_zeta,K01553.01,0.4733368693783279,0.6815104480480679,0.1606,1,K01553,52.75878505,52.75878505,0
3,K00716,9846348,thin,single,,4,high_leverage_thin_single_short_zeta,K00716.01,0.5262694314722753,0.6376897372906922,0.1608,1,K00716,26.89316101,26.89316101,1
8,K00890,7585481,thick,single,,9,high_leverage_thick_single_short_zeta,K00890.01,0.4377884639925992,0.7156596412833696,0.1672,1,K00890,8.09888906,8.09888906,0
11,K01001,1871056,thin,multi,,12,high_leverage_multis,K01001.01,0.3530246244336637,1.279827596641066,0.1816,2,"K01001,K01001",40.8065333,140.10765,24
15,K00680,7529266,thin,single,,16,thin_single_long_zeta_control,K00680.01,0.3803394644907331,1.3225548418973068,0.1639,1,K00680,8.600153929,8.600153929,9
17,K00428,10418224,thin,single,,18,stable_ld_offset_control,K00428.01,0.1536077711481352,0.9467247919958324,0.2272,1,K00428,6.8731664,6.8731664,0
