target_index,koi_target,kepid,disk,system,P_thick,validation_priority,selection_reason,driving_kepoi_name,driving_e50,driving_zeta_median,driving_ld_abs_max_delta,target_sample_planets,all_kepoi_names,min_period,max_period,short_cadence_file_count
3,K00716,9846348,thin,single,,4,high_leverage_thin_single_short_zeta,K00716.01,0.5262694314722753,0.6376897372906922,0.1608,1,K00716,26.89316101,26.89316101,1
4,K01299,10864656,thin,single,,5,high_leverage_thin_single_short_zeta,K01299.01,0.5579835235015451,0.6067755658404705,0.1013,1,K01299,52.5008645,52.5008645,23
9,K00064,7051180,thick,single,,10,high_leverage_thick_single_short_zeta,K00064.01,0.4524513307927338,0.7005109182174154,0.1066999999999999,1,K00064,1.951082219,1.951082219,41
11,K01001,1871056,thin,multi,,12,high_leverage_multis,K01001.01,0.3530246244336637,1.279827596641066,0.1816,2,"K01001,K01001",40.8065333,140.10765,24
13,K00283,5695396,thin,multi,,14,high_leverage_multis,K00283.01,0.4934735832111986,0.6514894775865196,0.133,3,"K00283,K00283,K00283",9.48814747,25.5172744,36
14,K02533,11074835,thick,multi,,15,high_leverage_multis,K02533.01,0.4572569759540377,3.037441190581524,0.1003,2,"K02533,K02533",6.03355539,26.1152887,11
15,K00680,7529266,thin,single,,16,thin_single_long_zeta_control,K00680.01,0.3803394644907331,1.3225548418973068,0.1639,1,K00680,8.600153929,8.600153929,9
16,K02712,11098013,thin,single,,17,thin_single_long_zeta_control,K02712.01,0.85887438257117,3.350977881966315,0.1743,1,K02712,7.50790041,7.50790041,4
19,K00319,8684730,thin,single,,20,stable_ld_offset_control,K00319.01,0.1072413593728583,0.9770077911695256,0.1866,1,K00319,46.15119482,46.15119482,14
