rowid,kepid,kepoi_name,kepler_name,koi_disposition,koi_vet_stat,koi_vet_date,koi_pdisposition,koi_score,koi_fpflag_nt,koi_fpflag_ss,koi_fpflag_co,koi_fpflag_ec,koi_disp_prov,koi_comment,koi_period,koi_period_err1,koi_period_err2,koi_time0bk,koi_time0bk_err1,koi_time0bk_err2,koi_time0,koi_time0_err1,koi_time0_err2,koi_eccen,koi_eccen_err1,koi_eccen_err2,koi_longp,koi_longp_err1,koi_longp_err2,koi_impact,koi_impact_err1,koi_impact_err2,koi_duration,koi_duration_err1,koi_duration_err2,koi_ingress,koi_ingress_err1,koi_ingress_err2,koi_depth,koi_depth_err1,koi_depth_err2,koi_ror,koi_ror_err1,koi_ror_err2,koi_srho,koi_srho_err1,koi_srho_err2,koi_fittype,koi_prad,koi_prad_err1,koi_prad_err2,koi_sma,koi_sma_err1,koi_sma_err2,koi_incl,koi_incl_err1,koi_incl_err2,koi_teq,koi_teq_err1,koi_teq_err2,koi_insol,koi_insol_err1,koi_insol_err2,koi_dor,koi_dor_err1,koi_dor_err2,koi_limbdark_mod,koi_ldm_coeff4,koi_ldm_coeff3,koi_ldm_coeff2,koi_ldm_coeff1,koi_parm_prov,koi_max_sngle_ev,koi_max_mult_ev,koi_model_snr,koi_count,koi_num_transits,koi_tce_plnt_num,koi_tce_delivname,koi_quarters,koi_bin_oedp_sig,koi_trans_mod,koi_model_dof,koi_model_chisq,koi_datalink_dvr,koi_datalink_dvs,koi_steff,koi_steff_err1,koi_steff_err2,koi_slogg,koi_slogg_err1,koi_slogg_err2,koi_smet,koi_smet_err1,koi_smet_err2,koi_srad,koi_srad_err1,koi_srad_err2,koi_smass,koi_smass_err1,koi_smass_err2,koi_sage,koi_sage_err1,koi_sage_err2,koi_sparprov,ra,dec,koi_kepmag,koi_gmag,koi_rmag,koi_imag,koi_zmag,koi_jmag,koi_hmag,koi_kmag,koi_fwm_stat_sig,koi_fwm_sra,koi_fwm_sra_err,koi_fwm_sdec,koi_fwm_sdec_err,koi_fwm_srao,koi_fwm_srao_err,koi_fwm_sdeco,koi_fwm_sdeco_err,koi_fwm_prao,koi_fwm_prao_err,koi_fwm_pdeco,koi_fwm_pdeco_err,koi_dicco_mra,koi_dicco_mra_err,koi_dicco_mdec,koi_dicco_mdec_err,koi_dicco_msky,koi_dicco_msky_err,koi_dikco_mra,koi_dikco_mra_err,koi_dikco_mdec,koi_dikco_mdec_err,koi_dikco_msky,koi_dikco_msky_err,koi_target,system,disk_published,p_thick_published,has_measured_velocity,disk,P_thick,paper_category_target,pre_visual_category_count,category_excess_before_visual_qc,paper_membership_status,berger_mass,berger_teff,berger_logg,berger_feh,berger_rad,rho_log,rho_log_upper,rho_log_lower,berger_age,berger2018_teff,berger2018_rad,berger2018_evol,berger2018_bin,archive_result_target_available,cloud_result_target_available,any_result_target_available,preferred_result_source
8593,4860678,K01602.02,,CANDIDATE,Done,2018-08-16,CANDIDATE,0.899,0,0,0,0,q1_q17_dr25_sup_koi,NO_COMMENT,3.03359398,3.558e-05,-3.558e-05,133.08355,0.00781,-0.00781,2454966.084,0.00781,-0.00781,0.0,,,,,,0.023,0.433,-0.022,4.026,0.224,-0.224,,,,95.6,8.8,-8.8,0.008811,0.000516,-0.000554,0.4083,0.02156,-0.19276,LS+MCMC,1.55,0.25,-0.39,0.0415,,,89.78,,,1529.0,,,1294.06,544.64,-613.37,5.835,0.308,-0.308,Claret (2011 A&A 529 75) ATLAS LS,0.0,0.0,0.2286,0.4641,q1_q17_dr25_koi,3.0804346,10.401874,12.3,2,415.0,2.0,q1_q17_dr25_tce,11111111111111111000000000000000,0.9493,Mandel and Agol (2002 ApJ 580 171),,,004/004860/004860678/dv/kplr004860678-20160209194854_dvr.pdf,004/004860/004860678/dv/kplr004860678-002-20160209194854_dvs.pdf,5557.0,83.0,-72.0,4.037,0.21,-0.09,0.16,0.15,-0.1,1.616,0.254,-0.413,1.035,0.085,-0.094,,,,q1_q17_dr25_stellar,297.79691,39.921371,14.943,15.483,14.902,14.712,14.631,13.705,13.349,13.302,0.003,19.853196,3.1e-05,39.92158,0.00033,2.8,1.3,0.8,1.2,-0.00023,0.00012,-0.00011,0.00011,0.61,0.85,0.12,0.68,0.62,0.77,0.4,0.9,0.0,0.67,0.4,0.89,K01602,multi,thick,0.9997,False,thick,0.9997,207,212,5,candidate_in_category_with_unpublished_final_rejections,1.323,6556.9,4.195,0.005,1.509,-0.426,-1.194,-1.267,1.79,5563.0,1.669,1.0,0.0,False,False,False,missing
1013,4860678,K01602.01,Kepler-1758 b,CONFIRMED,Done,2018-08-16,CANDIDATE,0.993,0,0,0,0,q1_q17_dr25_sup_koi,NO_COMMENT,9.97716876,8.015e-05,-8.015e-05,137.2361,0.00549,-0.00549,2454970.236,0.00549,-0.00549,0.0,,,,,,0.002,0.448,-0.002,5.908,0.22,-0.22,,,,252.9,12.7,-12.7,0.014328,0.000734,-0.000326,0.42718,0.04293,-0.16291,LS+MCMC,2.53,0.4,-0.65,0.0919,,,89.99,,,1028.0,,,263.89,111.06,-125.08,13.1,1.3,-1.3,Claret (2011 A&A 529 75) ATLAS LS,0.0,0.0,0.2286,0.4641,q1_q17_dr25_koi,4.0870767,18.558228,21.8,2,137.0,1.0,q1_q17_dr25_tce,11111111111111111000000000000000,0.7443,Mandel and Agol (2002 ApJ 580 171),,,004/004860/004860678/dv/kplr004860678-20160209194854_dvr.pdf,004/004860/004860678/dv/kplr004860678-001-20160209194854_dvs.pdf,5557.0,83.0,-72.0,4.037,0.21,-0.09,0.16,0.15,-0.1,1.616,0.254,-0.413,1.035,0.085,-0.094,,,,q1_q17_dr25_stellar,297.79691,39.921371,14.943,15.483,14.902,14.712,14.631,13.705,13.349,13.302,0.373,19.853127,1.7e-05,39.92137,0.00019,-0.03,0.72,0.01,0.68,7e-05,0.00017,-0.00011,0.00016,-0.09,0.59,-0.53,0.53,0.53,0.55,-0.3,0.67,-0.66,0.49,0.72,0.6,K01602,multi,thick,0.9997,False,thick,0.9997,207,212,5,candidate_in_category_with_unpublished_final_rejections,1.323,6556.9,4.195,0.005,1.509,-0.426,-1.194,-1.267,1.79,5563.0,1.669,1.0,0.0,False,False,False,missing
1535,2975770,K01788.01,Kepler-951 b,CONFIRMED,Done,2018-08-16,CANDIDATE,0.933,0,0,0,0,q1_q17_dr25_sup_koi,NO_COMMENT,71.52543938,9.47e-05,-9.47e-05,191.69147,0.00104,-0.00104,2455024.691,0.00104,-0.00104,0.0,,,,,,0.066,0.293,-0.066,5.9189,0.0564,-0.0564,,,,5904.3,59.5,-59.5,0.06781,0.001527,-0.000556,3.52177,0.01693,-0.85507,LS+MCMC,5.76,0.22,-0.35,0.3091,,,89.96,,,340.0,,,3.15,0.46,-0.56,98.388,0.473,-0.473,Claret (2011 A&A 529 75) ATLAS LS,0.0,0.0,0.1054,0.6323,q1_q17_dr25_koi,57.922966,110.04745,111.3,2,8.0,1.0,q1_q17_dr25_tce,110011001100110000000000000000,0.9821,Mandel and Agol (2002 ApJ 580 171),,,002/002975/002975770/dv/kplr002975770-20160209194854_dvr.pdf,002/002975/002975770/dv/kplr002975770-001-20160209194854_dvs.pdf,4855.0,77.0,-87.0,4.542,0.056,-0.02,0.12,0.15,-0.15,0.778,0.029,-0.047,0.769,0.048,-0.028,,,,q1_q17_dr25_stellar,287.73755,38.114559,14.521,15.413,14.462,14.138,14.005,12.92,12.382,12.251,0.0,19.1824997,2.5e-06,38.114525,3.4e-05,-0.18,0.11,-0.12,0.12,0.0011,0.0011,0.0018,0.0014,-0.016,0.089,-0.04,0.11,0.05,0.11,0.028,0.086,0.1,0.15,0.11,0.15,K01788,multi,thick,1.0,True,thick,1.0,207,212,5,candidate_in_category_with_unpublished_final_rejections,0.701,4718.4,4.596,-0.137,0.697,0.314,-0.88,-0.933,,4850.0,0.689,0.0,0.0,False,False,False,missing
1701,9022166,K02175.01,Kepler-368 b,CONFIRMED,Done,2018-08-16,CANDIDATE,0.989,0,0,0,0,q1_q17_dr25_sup_koi,NO_COMMENT,26.8475962,0.0001572,-0.0001572,142.17023,0.00479,-0.00479,2454975.17,0.00479,-0.00479,0.0,,,,,,0.457,0.421,-0.256,10.068,0.119,-0.119,,,,254.1,7.1,-7.1,0.01474,8.5e-05,-0.000638,0.16528,0.07269,-0.00608,LS+MCMC,3.2,0.55,-0.82,0.1833,,,88.58,,,800.0,,,96.89,46.92,-47.08,18.47,8.1,-8.1,Claret (2011 A&A 529 75) ATLAS LS,0.0,0.0,0.2329,0.4554,q1_q17_dr25_koi,6.623207,23.146439,39.2,2,27.0,1.0,q1_q17_dr25_tce,10101010101010101000000000000000,0.6452,Mandel and Agol (2002 ApJ 580 171),,,009/009022/009022166/dv/kplr009022166-20160209194854_dvr.pdf,009/009022/009022166/dv/kplr009022166-001-20160209194854_dvs.pdf,5508.0,110.0,,3.897,0.195,-0.09,0.1,0.15,-0.15,1.988,0.34,-0.51,1.136,0.127,-0.175,,,,q1_q17_dr25_stellar,291.88004,45.387932,12.848,13.366,12.794,12.626,12.539,11.6,11.229,11.175,0.032,19.4586753,8.2e-06,45.387986,7.8e-05,0.2,0.31,0.2,0.28,-8.7e-05,7.9e-05,-8.9e-05,7.1e-05,-0.22,0.18,-0.58,0.25,0.63,0.28,-0.35,0.2,-0.73,0.29,0.81,0.27,K02175,multi,thick,0.8953,True,thick,0.8953,207,212,5,candidate_in_category_with_unpublished_final_rejections,1.22,5687.5,3.89,0.131,2.064,-0.868,-1.814,-1.939,5.09,5459.0,2.129,1.0,0.0,False,False,False,missing
3702,9022166,K02175.02,Kepler-368 c,CONFIRMED,Done,2018-08-16,CANDIDATE,0.001,0,0,0,0,q1_q17_dr25_sup_koi,DEPTH_ODDEVEN_ALT,72.3826983,0.0006953,-0.0006953,179.49813,0.00787,-0.00787,2455012.498,0.00787,-0.00787,0.0,,,,,,0.791,0.126,-0.547,8.279,0.164,-0.164,,,,366.4,13.1,-13.1,0.019396,0.002706,-0.002065,0.28658,0.76814,-0.2035,LS+MCMC,4.21,0.72,-1.08,0.355,,,88.95,,,575.0,,,25.83,12.51,-12.55,43.0,19.2,-19.2,Claret (2011 A&A 529 75) ATLAS LS,0.0,0.0,0.2329,0.4554,q1_q17_dr25_koi,7.6299343,19.336872,29.5,2,9.0,2.0,q1_q17_dr25_tce,10101010101010101000000000000000,0.5036,Mandel and Agol (2002 ApJ 580 171),,,009/009022/009022166/dv/kplr009022166-20160209194854_dvr.pdf,009/009022/009022166/dv/kplr009022166-002-20160209194854_dvs.pdf,5508.0,110.0,0.0,3.897,0.195,-0.09,0.1,0.15,-0.15,1.988,0.34,-0.51,1.136,0.127,-0.175,,,,q1_q17_dr25_stellar,291.88004,45.387932,12.848,13.366,12.794,12.626,12.539,11.6,11.229,11.175,0.97,19.458664,1.2e-05,45.38789,0.00011,-0.23,0.44,-0.15,0.4,3e-05,0.00016,0.0,0.00014,-0.52,0.3,0.07,0.24,0.52,0.3,-0.65,0.28,-0.08,0.25,0.66,0.28,K02175,multi,thick,0.8953,True,thick,0.8953,207,212,5,candidate_in_category_with_unpublished_final_rejections,1.22,5687.5,3.89,0.131,2.064,-0.868,-1.814,-1.939,5.09,5459.0,2.129,1.0,0.0,False,False,False,missing
2629,6607357,K02838.02,Kepler-1365 c,CONFIRMED,Done,2018-08-16,CANDIDATE,0.936,0,0,0,0,q1_q17_dr25_sup_koi,CENT_KIC_POS,4.77466043,4.201e-05,-4.201e-05,135.16338,0.00743,-0.00743,2454968.163,0.00743,-0.00743,0.0,,,,,,0.03,0.433,-0.03,3.804,0.173,-0.173,,,,54.3,3.9,-3.9,0.006682,0.000335,-0.000332,0.74965,0.04967,-0.3456,LS+MCMC,0.81,0.12,-0.12,0.0545,,,89.82,,,1137.0,,,395.06,169.23,-128.9,9.667,0.641,-0.641,Claret (2011 A&A 529 75) ATLAS LS,0.0,0.0,0.2622,0.4035,q1_q17_dr25_koi,3.069145,12.583753,15.5,2,265.0,2.0,q1_q17_dr25_tce,11111111111111111000000000000000,0.0175,Mandel and Agol (2002 ApJ 580 171),,,006/006607/006607357/dv/kplr006607357-20160209194854_dvr.pdf,006/006607/006607357/dv/kplr006607357-002-20160209194854_dvs.pdf,5727.0,115.0,-104.0,4.328,0.132,-0.108,0.0,0.15,-0.15,1.104,0.164,-0.164,0.946,0.079,-0.057,,,,q1_q17_dr25_stellar,292.19971,42.046089,13.421,13.896,13.353,13.218,13.155,12.251,11.925,11.857,0.003,19.479965,2.1e-05,42.04562,0.00022,-0.64,0.83,-1.69,0.79,3.4e-05,4.2e-05,6.5e-05,4e-05,0.88,0.69,-0.22,0.59,0.91,0.55,0.71,0.68,-0.58,0.59,0.92,0.27,K02838,multi,thick,0.9933,True,thick,0.9933,207,212,5,candidate_in_category_with_unpublished_final_rejections,1.18,5796.2,4.091,0.206,1.623,-0.561,-1.549,-1.47,5.49,5700.0,1.646,1.0,2.0,False,False,False,missing
2628,6607357,K02838.01,Kepler-1365 b,CONFIRMED,Done,2018-08-16,CANDIDATE,0.996,0,0,0,0,q1_q17_dr25_sup_koi,CENT_KIC_POS,7.69994466,4.918e-05,-4.918e-05,134.39282,0.00601,-0.00601,2454967.393,0.00601,-0.00601,0.0,,,,,,0.018,0.436,-0.018,4.432,0.168,-0.168,,,,70.9,4.5,-4.5,0.007635,0.000368,-0.000289,0.76505,0.06726,-0.30548,LS+MCMC,0.92,0.14,-0.14,0.075,,,89.92,,,969.0,,,208.61,89.36,-68.07,13.38,1.2,-1.2,Claret (2011 A&A 529 75) ATLAS LS,0.0,0.0,0.2622,0.4035,q1_q17_dr25_koi,3.7344244,14.145231,17.4,2,176.0,1.0,q1_q17_dr25_tce,11111111111111111000000000000000,0.847,Mandel and Agol (2002 ApJ 580 171),,,006/006607/006607357/dv/kplr006607357-20160209194854_dvr.pdf,006/006607/006607357/dv/kplr006607357-001-20160209194854_dvs.pdf,5727.0,115.0,-104.0,4.328,0.132,-0.108,0.0,0.15,-0.15,1.104,0.164,-0.164,0.946,0.079,-0.057,,,,q1_q17_dr25_stellar,292.19971,42.046089,13.421,13.896,13.353,13.218,13.155,12.251,11.925,11.857,0.003,19.479978,1.7e-05,42.0463,0.00019,-0.1,0.7,0.75,0.67,9e-06,5e-05,-8.2e-05,4.8e-05,0.08,0.29,0.5,0.48,0.51,0.48,-0.05,0.3,0.18,0.47,0.19,0.46,K02838,multi,thick,0.9933,True,thick,0.9933,207,212,5,candidate_in_category_with_unpublished_final_rejections,1.18,5796.2,4.091,0.206,1.623,-0.561,-1.549,-1.47,5.49,5700.0,1.646,1.0,2.0,False,False,False,missing
9085,8105398,K05475.02,,CANDIDATE,Done,2018-08-16,CANDIDATE,0.981,0,0,0,0,q1_q17_dr25_sup_koi,NO_COMMENT,5.68325648,3.749e-05,-3.749e-05,134.87698,0.00599,-0.00599,2454967.877,0.00599,-0.00599,0.0,,,,,,0.844,0.12,-0.62,1.778,0.163,-0.163,,,,44.6,5.3,-5.3,0.006922,0.001692,-0.000896,1.41961,7.62164,-1.23418,LS+MCMC,0.97,0.19,-0.29,0.0584,,,86.4,,,1257.0,,,589.92,354.24,-324.43,13.43,6.6,-6.6,Claret (2011 A&A 529 75) ATLAS LS,0.0,0.0,0.3001,0.3078,q1_q17_dr25_koi,2.4699445,7.1500635,10.0,2,233.0,2.0,q1_q17_dr25_tce,11111111111111111000000000000000,0.1707,Mandel and Agol (2002 ApJ 580 171),,,008/008105/008105398/dv/kplr008105398-20160209194854_dvr.pdf,008/008105/008105398/dv/kplr008105398-002-20160209194854_dvs.pdf,6072.0,167.0,-137.0,4.133,0.301,-0.129,-0.76,0.3,-0.2,1.286,0.255,-0.383,0.818,0.106,-0.049,,,,q1_q17_dr25_stellar,294.49487,43.91362,13.093,13.474,13.055,12.93,12.873,12.033,11.731,11.66,0.297,19.632966,3.8e-05,43.9133,0.00045,-1.0,1.5,-1.2,1.6,4.5e-05,5.8e-05,3.9e-05,6.4e-05,-0.29,0.74,-0.79,0.62,0.84,0.72,-0.17,0.77,-0.89,0.54,0.91,0.6,K05475,multi,thick,0.6535,True,thick,0.6535,207,212,5,candidate_in_category_with_unpublished_final_rejections,1.173,6186.4,4.167,-0.132,1.474,-0.443,-1.434,-1.463,3.72,6071.0,1.507,0.0,2.0,False,False,False,missing
3584,5780885,K00097.01,Kepler-7 b,CONFIRMED,Done,2018-08-16,CANDIDATE,0.999,0,1,0,0,q1_q17_dr25_sup_koi,MOD_SEC_DV---PLANET_OCCULT_DV---MOD_SEC_ALT---PLANET_OCCULT_ALT---HAS_SEC_TCE,4.885488596,2.66e-07,-2.66e-07,134.2768785,4.53e-05,-4.53e-05,2454967.277,4.53e-05,-4.53e-05,0.0,,,,,,0.361,0.014,-0.017,5.16165,0.00597,-0.00597,,,,7458.4,3.7,-3.7,0.079898,9.4e-05,-0.000126,0.32016,0.00633,-0.00596,LS+MCMC,16.66,1.04,-0.7,0.0605,,,87.2,,,1496.0,,,1182.79,223.79,-147.95,7.392,0.146,-0.146,Claret (2011 A&A 529 75) ATLAS LS,0.0,0.0,0.2891,0.3589,q1_q17_dr25_koi,185.89848,2252.0361,2590.1,1,277.0,1.0,q1_q17_dr25_tce,11111111111111111000000000000000,0.2698,Mandel and Agol (2002 ApJ 580 171),,,005/005780/005780885/dv/kplr005780885-20160209194854_dvr.pdf,005/005780/005780885/dv/kplr005780885-001-20160209194854_dvs.pdf,6036.0,78.0,-72.0,3.968,0.02,-0.016,0.1,0.1,-0.1,1.909,0.12,-0.08,1.236,0.154,-0.066,,,,q1_q17_dr25_stellar,288.58151,41.089809,12.885,13.26,12.815,12.724,12.683,11.833,11.601,11.535,0.0,19.238767697,8.9e-08,41.08975656,9.5e-07,-0.0123,0.0036,-0.1924,0.0034,0.000285,7.8e-05,-2e-05,0.0001,-0.037,0.067,0.015,0.067,0.039,0.067,-0.035,0.069,-0.212,0.068,0.215,0.068,K00097,single,thick,0.998,True,thick,0.998,275,275,0,category_count_exact_before_visual_qc,1.435,6164.0,3.99,0.206,1.994,-0.751,-1.744,-1.771,2.41,6084.0,2.023,1.0,2.0,False,False,False,missing
1131,6442377,K00176.01,Kepler-483 b,CONFIRMED,Done,2018-08-16,CANDIDATE,1.0,0,0,0,0,q1_q17_dr25_sup_koi,NO_COMMENT,30.22910274,7.356e-05,-7.356e-05,134.52081,0.00193,-0.00193,2454967.521,0.00193,-0.00193,0.0,,,,,,0.77,0.118,-0.528,6.6751,0.0737,-0.0737,,,,443.4,7.0,-7.0,0.021046,0.000147,-0.001615,0.25832,0.53863,-0.02268,LS+MCMC,3.49,0.62,-0.62,0.2072,,,88.1,,,755.0,,,76.88,37.74,-29.38,23.19,9.7,-9.7,Claret (2011 A&A 529 75) ATLAS LS,0.0,0.0,0.3061,0.3279,q1_q17_dr25_koi,12.292663,53.19904,71.7,1,46.0,1.0,q1_q17_dr25_tce,11111111111111111000000000000000,0.5182,Mandel and Agol (2002 ApJ 580 171),,,006/006442/006442377/dv/kplr006442377-20160209194854_dvr.pdf,006/006442/006442377/dv/kplr006442377-001-20160209194854_dvs.pdf,6325.0,113.0,-138.0,4.188,0.125,-0.125,0.16,0.15,-0.15,1.518,0.271,-0.271,1.296,0.094,-0.129,,,,q1_q17_dr25_stellar,291.64676,41.884659,13.432,13.724,13.393,13.307,13.3,12.516,12.251,12.222,0.267,19.4431249,5.2e-06,41.884724,5.5e-05,0.33,0.21,0.23,0.2,-0.000102,9.1e-05,-2e-05,8.7e-05,-0.14,0.14,0.09,0.21,0.16,0.16,-0.07,0.13,0.23,0.21,0.24,0.2,K00176,single,thick,0.91,True,thick,0.91,275,275,0,category_count_exact_before_visual_qc,1.226,6566.1,4.279,-0.218,1.323,-0.283,-1.332,-1.364,1.7,6319.0,1.358,0.0,0.0,False,False,False,missing
2934,4143755,K00281.01,Kepler-510 b,CONFIRMED,Done,2018-08-16,CANDIDATE,1.0,0,0,0,0,q1_q17_dr25_sup_koi,NO_COMMENT,19.55662003,3.697e-05,-3.697e-05,189.04354,0.00147,-0.00147,2455022.044,0.00147,-0.00147,0.0,,,,,,0.606,0.18,-0.41,8.087,0.052,-0.052,,,,298.9,3.1,-3.1,0.01649,0.000196,-0.000676,0.17036,0.12556,-0.09089,LS+MCMC,2.45,0.12,-0.09,0.134,,,87.7,,,797.0,,,95.35,17.77,-9.89,15.1,5.6,-5.6,Claret (2011 A&A 529 75) ATLAS LS,0.0,0.0,0.2787,0.3719,q1_q17_dr25_koi,14.83938,82.66198,111.0,1,70.0,1.0,q1_q17_dr25_tce,11111111111111111000000000000000,0.9117,Mandel and Agol (2002 ApJ 580 171),,,004/004143/004143755/dv/kplr004143755-20160209194854_dvr.pdf,004/004143/004143755/dv/kplr004143755-001-20160209194854_dvs.pdf,5671.0,111.0,-51.0,4.094,0.033,-0.027,-0.36,0.1,-0.1,1.36,0.065,-0.049,0.839,0.047,-0.014,,,,q1_q17_dr25_stellar,287.655,39.244289,11.947,12.359,11.925,11.77,11.695,10.836,10.486,10.446,0.771,19.1769992,3.2e-06,39.24423,4.6e-05,-0.03,0.14,-0.22,0.16,1.2e-05,4e-05,1.5e-05,4.9e-05,0.02,0.18,0.1,0.27,0.1,0.28,0.06,0.19,-0.1,0.25,0.11,0.23,K00281,single,thick,0.5522,True,thick,0.5522,275,275,0,category_count_exact_before_visual_qc,0.891,5707.5,4.069,-0.329,1.44,-0.53,-1.48,-1.529,12.02,5700.0,1.472,1.0,0.0,False,False,False,missing
3596,7277317,K00674.01,Kepler-643 b,CONFIRMED,Done,2018-08-16,CANDIDATE,1.0,0,0,0,0,q1_q17_dr25_sup_koi,CENT_KIC_POS,16.33888067,1.882e-05,-1.882e-05,177.917586,0.000902,-0.000902,2455010.918,0.000902,-0.000902,0.0,,,,,,0.256,0.099,-0.256,9.3599,0.0485,-0.0485,,,,1718.4,9.7,-9.7,0.036942,0.000396,-0.000564,0.17114,0.01777,-0.02446,LS+MCMC,10.47,1.1,-0.8,0.1295,,,88.91,,,963.0,,,203.31,58.11,-37.26,13.42,1.4,-1.4,Claret (2011 A&A 529 75) ATLAS LS,0.0,0.0,0.1585,0.5703,q1_q17_dr25_koi,29.594252,151.49889,201.9,1,40.0,1.0,q1_q17_dr25_tce,1010101010101010000000000000000,0.2601,Mandel and Agol (2002 ApJ 580 171),,,007/007277/007277317/dv/kplr007277317-20160209194854_dvr.pdf,007/007277/007277317/dv/kplr007277317-001-20160209194854_dvs.pdf,4877.0,63.0,-53.0,3.645,0.06,-0.066,0.16,0.1,-0.1,2.595,0.273,-0.198,1.085,0.13,-0.095,,,,q1_q17_dr25_stellar,290.32733,42.898281,13.781,14.588,13.72,13.435,13.274,12.212,11.672,11.583,0.534,19.3551496,1.7e-06,42.898213,1.9e-05,-0.202,0.069,-0.241,0.067,8e-05,0.00013,-3e-05,0.00013,-0.022,0.092,-0.019,0.07,0.029,0.083,-0.34,0.082,-0.1,0.1,0.354,0.076,K00674,single,thick,0.8343,True,thick,0.8343,275,275,0,category_count_exact_before_visual_qc,1.14,4861.2,3.664,0.223,2.597,-1.191,-2.004,-1.97,7.02,4933.0,2.584,2.0,0.0,False,False,False,missing
1430,10663396,K02046.01,Kepler-1069 b,CONFIRMED,Done,2018-08-16,CANDIDATE,1.0,0,0,0,0,q1_q17_dr25_sup_koi,NO_COMMENT,23.8990075,0.0001281,-0.0001281,151.39847,0.00431,-0.00431,2454984.398,0.00431,-0.00431,0.0,,,,,,0.153,0.27,-0.153,15.955,0.121,-0.121,,,,293.4,5.5,-5.5,0.015456,0.000405,-0.000249,0.05041,0.00124,-0.01887,LS+MCMC,3.26,0.57,-0.86,0.1685,,,89.24,,,823.0,,,108.3,50.64,-52.76,11.503,0.283,-0.283,Claret (2011 A&A 529 75) ATLAS LS,0.0,0.0,0.2329,0.4554,q1_q17_dr25_koi,8.416729,33.028297,61.5,1,30.0,1.0,q1_q17_dr25_tce,11001100110011001000000000000000,0.1265,Mandel and Agol (2002 ApJ 580 171),,,010/010663/010663396/dv/kplr010663396-20160209194854_dvr.pdf,010/010663/010663396/dv/kplr010663396-001-20160209194854_dvs.pdf,5511.0,82.0,-74.0,3.914,0.21,-0.09,0.1,0.15,-0.1,1.93,0.34,-0.51,1.115,0.11,-0.152,,,,q1_q17_dr25_stellar,290.97934,47.988998,13.153,13.651,13.086,12.939,12.877,11.945,11.628,11.538,0.282,19.39861,7.7e-06,47.988973,6.6e-05,-0.43,0.28,-0.1,0.24,0.000104,8.2e-05,-1.9e-05,7.1e-05,0.13,0.14,-0.42,0.33,0.44,0.29,0.08,0.14,-0.61,0.4,0.61,0.39,K02046,single,thick,0.9929,True,thick,0.9929,275,275,0,category_count_exact_before_visual_qc,1.175,5743.8,4.118,0.265,1.565,-0.518,-1.553,-1.463,5.69,5579.0,1.597,1.0,0.0,False,False,False,missing
2131,7294743,K02516.01,,CANDIDATE,Done,2018-08-16,CANDIDATE,0.992,0,0,0,0,q1_q17_dr25_sup_koi,NO_COMMENT,2.81043228,2.115e-05,-2.115e-05,133.40821,0.00607,-0.00607,2454966.408,0.00607,-0.00607,0.0,,,,,,0.351,0.115,-0.351,3.874,0.185,-0.185,,,,47.4,3.1,-3.1,0.00628,0.000285,-0.000292,0.35002,0.10731,-0.13834,LS+MCMC,1.43,0.24,-0.39,0.041,,,86.18,,,1701.0,,,1978.53,885.15,-986.59,5.27,1.6,-1.6,Claret (2011 A&A 529 75) ATLAS LS,0.0,0.0,0.2329,0.4554,q1_q17_dr25_koi,3.4308627,13.533068,17.8,1,475.0,1.0,q1_q17_dr25_tce,11111111111111111000000000000000,0.7117,Mandel and Agol (2002 ApJ 580 171),,,007/007294/007294743/dv/kplr007294743-20160209194854_dvr.pdf,007/007294/007294743/dv/kplr007294743-001-20160209194854_dvs.pdf,5415.0,81.0,-72.0,3.868,0.196,-0.084,0.12,0.15,-0.15,2.079,0.349,-0.567,1.164,0.121,-0.197,,,,q1_q17_dr25_stellar,295.45367,42.858799,13.388,14.009,13.339,13.122,13.015,12.065,11.667,11.582,0.273,19.696918,1.7e-05,42.85867,0.0002,0.22,0.68,-0.46,0.72,-1.3e-05,3e-05,2.6e-05,3.2e-05,-0.35,0.37,-0.58,0.35,0.68,0.36,-0.38,0.37,-0.46,0.36,0.6,0.36,K02516,single,thick,0.522,True,thick,0.522,275,275,0,category_count_exact_before_visual_qc,1.212,5569.4,3.926,0.296,1.976,-0.809,-1.811,-1.892,5.79,5431.0,2.012,1.0,2.0,False,False,False,missing
2175,7515762,K02524.01,Kepler-1268 b,CONFIRMED,Done,2018-08-16,CANDIDATE,0.951,0,0,0,0,q1_q17_dr25_sup_koi,NO_COMMENT,40.9905002,0.0004401,-0.0004401,132.4136,0.00852,-0.00852,2454965.414,0.00852,-0.00852,0.0,,,,,,0.048,0.409,-0.048,7.336,0.249,-0.249,,,,297.3,22.1,-22.1,0.015658,0.000856,-0.000638,0.91456,0.05803,-0.38585,LS+MCMC,2.41,0.42,-0.46,0.2383,,,89.94,,,627.0,,,36.5,16.62,-13.77,43.31,2.7,-2.7,Claret (2011 A&A 529 75) ATLAS LS,0.0,0.0,0.2638,0.4046,q1_q17_dr25_koi,4.697859,14.687093,15.4,1,35.0,1.0,q1_q17_dr25_tce,11111111111111111000000000000000,0.0129,Mandel and Agol (2002 ApJ 580 171),,,007/007515/007515762/dv/kplr007515762-20160209194854_dvr.pdf,007/007515/007515762/dv/kplr007515762-001-20160209194854_dvs.pdf,5842.0,79.0,-70.0,4.17,0.176,-0.095,0.14,0.15,-0.15,1.41,0.246,-0.27,1.072,0.107,-0.071,,,,q1_q17_dr25_stellar,287.83847,43.153229,15.272,15.67,15.218,15.101,15.044,14.153,13.909,13.764,0.078,19.189218,2.4e-05,43.15297,0.00027,-0.56,0.94,-0.93,0.99,0.00013,0.00028,0.00034,0.0003,-0.58,0.44,-0.95,0.88,1.11,0.71,-0.71,0.42,-1.03,0.87,1.25,0.66,K02524,single,thick,0.9999,False,thick,0.9999,275,275,0,category_count_exact_before_visual_qc,1.121,5846.0,4.156,0.095,1.454,-0.449,-1.229,-1.28,5.89,5850.0,1.482,0.0,0.0,False,False,False,missing
2393,8259713,K02935.01,,CANDIDATE,Done,2018-08-16,CANDIDATE,0.999,0,0,0,0,q1_q17_dr25_sup_koi,NO_COMMENT,27.8813154,0.0003804,-0.0003804,134.51369,0.00959,-0.00959,2454967.514,0.00959,-0.00959,0.0,,,,,,0.168,0.288,-0.168,6.346,0.324,-0.324,,,,209.2,16.3,-16.3,0.013372,0.000733,-0.000545,0.91918,0.136,-0.39693,LS+MCMC,1.54,0.47,-0.2,0.1832,,,89.71,,,681.0,,,50.86,44.41,-17.26,33.55,5.0,-5.0,Claret (2011 A&A 529 75) ATLAS LS,0.0,0.0,0.3124,0.2859,q1_q17_dr25_koi,4.6876445,12.957856,15.5,1,46.0,1.0,q1_q17_dr25_tce,11111111111111111000000000000000,0.0731,Mandel and Agol (2002 ApJ 580 171),,,008/008259/008259713/dv/kplr008259713-20160209194854_dvr.pdf,008/008259/008259713/dv/kplr008259713-001-20160209194854_dvs.pdf,6434.0,152.0,-209.0,4.414,0.067,-0.202,-0.36,0.25,-0.3,1.055,0.323,-0.139,1.048,0.156,-0.128,,,,q1_q17_dr25_stellar,299.6611,44.112381,13.603,13.949,13.565,13.454,13.414,12.589,12.36,12.367,0.226,19.977352,3e-05,44.11233,0.00021,-2.1,1.2,-0.19,0.76,0.00021,0.00023,-9e-05,0.00015,0.16,0.86,-0.36,0.53,0.4,0.34,0.06,0.79,-0.53,0.53,0.53,0.47,K02935,single,thick,1.0,True,thick,1.0,275,275,0,category_count_exact_before_visual_qc,1.544,7272.4,4.116,-0.041,1.79,-0.577,-1.513,-1.54,1.1,6429.0,1.945,0.0,0.0,False,False,False,missing
4104,9897364,K04189.01,Kepler-1562 b,CONFIRMED,Done,2018-08-16,CANDIDATE,0.997,0,0,0,0,q1_q17_dr25_sup_koi,NO_COMMENT,64.2729088,0.0009417,-0.0009417,186.7353,0.0103,-0.0103,2455019.735,0.0103,-0.0103,0.0,,,,,,0.908,0.009,-0.654,12.136,0.607,-0.607,,,,1213.9,50.7,-50.7,0.03795,0.004767,-0.005763,0.03848,0.35822,-0.02542,LS+MCMC,5.38,1.76,-0.94,0.3308,,,87.44,,,554.0,,,22.31,21.51,-9.34,20.33,10.0,-10.0,Claret (2011 A&A 529 75) ATLAS LS,0.0,0.0,0.3029,0.3239,q1_q17_dr25_koi,9.94133,19.254738,27.4,1,6.0,1.0,q1_q17_dr25_tce,1100010001000000000000000000,0.6058,Mandel and Agol (2002 ApJ 580 171),,,009/009897/009897364/dv/kplr009897364-20160209194854_dvr.pdf,009/009897/009897364/dv/kplr009897364-001-20160209194854_dvs.pdf,6341.0,177.0,-243.0,4.278,0.132,-0.198,-0.04,0.25,-0.3,1.299,0.424,-0.228,1.165,0.181,-0.164,,,,q1_q17_dr25_stellar,294.45569,46.743561,15.589,16.092,15.543,15.373,,14.169,13.903,13.849,0.638,19.630374,1.4e-05,46.7436,0.00016,-0.19,0.53,0.14,0.59,0.00025,0.00064,-0.0003,0.00072,0.293,0.094,0.42,0.16,0.51,0.14,0.23,0.11,0.42,0.13,0.48,0.15,K04189,single,thick,0.9964,False,thick,0.9964,275,275,0,category_count_exact_before_visual_qc,1.217,6153.8,4.14,-0.045,1.539,-0.491,-1.24,-1.311,3.43,6345.0,1.546,0.0,0.0,False,False,False,missing
4151,7450747,K04267.01,Kepler-1949 b,CONFIRMED,Done,2018-08-16,CANDIDATE,0.951,0,0,0,0,q1_q17_dr25_sup_koi,NO_COMMENT,2.20829637,1.798e-05,-1.798e-05,131.63091,0.00589,-0.00589,2454964.631,0.00589,-0.00589,0.0,,,,,,0.205,0.244,-0.205,2.841,0.222,-0.222,,,,87.9,8.3,-8.3,0.008594,0.000359,-0.000622,0.79495,0.9206,-0.30376,LS+MCMC,1.36,0.24,-0.25,0.0352,,,88.0,,,1709.0,,,2016.25,908.25,-762.52,5.9,2.3,-2.3,Claret (2011 A&A 529 75) ATLAS LS,0.0,0.0,0.2891,0.3589,q1_q17_dr25_koi,4.366294,11.012017,12.0,1,605.0,1.0,q1_q17_dr25_tce,11111111111111111000000000000000,0.1362,Mandel and Agol (2002 ApJ 580 171),,,007/007450/007450747/dv/kplr007450747-20160209194854_dvr.pdf,007/007450/007450747/dv/kplr007450747-001-20160209194854_dvs.pdf,6028.0,81.0,-81.0,4.189,0.149,-0.122,0.14,0.15,-0.15,1.454,0.251,-0.276,1.194,0.087,-0.109,,,,q1_q17_dr25_stellar,293.5423,43.0261,15.201,15.678,15.167,14.996,14.934,14.029,13.729,13.694,0.857,19.569484,3.1e-05,43.02595,0.00033,-0.1,1.2,-0.5,1.2,-1e-05,0.0001,3e-05,0.0001,0.6,0.6,1.11,0.67,1.26,0.75,0.6,0.6,1.02,0.7,1.18,0.78,K04267,single,thick,0.9982,False,thick,0.9982,275,275,0,category_count_exact_before_visual_qc,1.389,6016.8,3.933,0.193,2.084,-0.83,-1.5,-1.574,2.9,6028.0,2.162,1.0,2.0,False,False,False,missing
4404,8700895,K04523.01,,CANDIDATE,Done,2018-08-16,CANDIDATE,0.878,0,0,0,0,q1_q17_dr25_sup_koi,NO_COMMENT,5.68251605,7.04e-05,-7.04e-05,131.6745,0.0105,-0.0105,2454964.675,0.0105,-0.0105,0.0,,,,,,0.0,0.462,0.0,3.479,0.327,-0.327,,,,81.2,10.4,-10.4,0.008164,0.000638,-0.000618,1.16993,0.19322,-0.64189,LS+MCMC,1.03,0.17,-0.14,0.0627,,,90.0,,,1090.0,,,333.82,142.98,-96.75,12.59,2.1,-2.1,Claret (2011 A&A 529 75) ATLAS LS,0.0,0.0,0.2555,0.4191,q1_q17_dr25_koi,3.0907645,8.313111,9.4,1,233.0,1.0,q1_q17_dr25_tce,11111111111111111000000000000000,0.7368,Mandel and Agol (2002 ApJ 580 171),,,008/008700/008700895/dv/kplr008700895-20160209194854_dvr.pdf,008/008700/008700895/dv/kplr008700895-001-20160209194854_dvs.pdf,5753.0,78.0,-78.0,4.319,0.115,-0.115,0.16,0.15,-0.15,1.157,0.189,-0.155,1.016,0.074,-0.062,,,,q1_q17_dr25_stellar,296.04425,44.80529,14.878,15.43,14.828,14.642,14.549,13.628,13.236,13.116,0.537,19.736256,3.9e-05,44.80536,0.00042,-1.0,1.5,0.2,1.5,9e-05,0.00011,-2e-05,0.00011,-0.52,0.91,1.3,1.2,1.4,1.3,-0.42,0.83,1.3,1.1,1.4,1.2,K04523,single,thick,0.9999,False,thick,0.9999,275,275,0,category_count_exact_before_visual_qc,1.266,5805.2,3.901,0.175,2.075,-0.856,-1.592,-1.668,4.38,5753.0,2.139,1.0,2.0,False,False,False,missing
4577,8626325,K04775.01,,CANDIDATE,Done,2018-08-16,CANDIDATE,0.625,0,0,0,0,q1_q17_dr25_sup_koi,NO_COMMENT,16.4491515,0.0002729,-0.0002729,145.7441,0.0142,-0.0142,2454978.744,0.0142,-0.0142,0.0,,,,,,0.866,0.05,-0.586,6.696,0.445,-0.445,,,,70.9,7.5,-7.5,0.009018,0.001522,-0.001589,0.06489,0.43798,-0.04768,LS+MCMC,2.75,0.58,-1.08,0.1437,,,84.91,,,1036.0,,,272.9,196.21,-187.63,9.75,4.7,-4.7,Claret (2011 A&A 529 75) ATLAS LS,0.0,0.0,0.1952,0.5198,q1_q17_dr25_koi,2.8845534,7.8027735,11.0,1,43.0,1.0,q1_q17_dr25_tce,10101010101010101000000000000000,0.6764,Mandel and Agol (2002 ApJ 580 171),,,008/008626/008626325/dv/kplr008626325-20160209194854_dvr.pdf,008/008626/008626325/dv/kplr008626325-001-20160209194854_dvs.pdf,5334.0,214.0,-214.0,3.712,0.308,-0.132,0.32,0.15,-0.3,2.789,0.591,-1.097,1.464,0.175,-0.438,,,,q1_q17_dr25_stellar,292.40323,44.782009,12.999,13.66,12.897,12.715,12.577,11.564,11.143,11.07,0.584,19.493546,2.7e-05,44.78219,0.00029,-0.1,1.0,0.6,1.0,0.0,7.4e-05,-4.3e-05,7.5e-05,0.57,0.71,-0.75,0.85,0.94,0.8,0.48,0.72,-0.78,0.83,0.91,0.8,K04775,single,thick,0.9777,True,thick,0.9777,275,275,0,category_count_exact_before_visual_qc,1.196,5045.3,3.839,0.385,2.171,-0.939,-2.036,-1.994,6.51,5210.0,2.146,1.0,0.0,False,False,False,missing
4683,6220312,K04793.01,,CANDIDATE,Done,2018-08-16,CANDIDATE,0.777,0,0,0,0,q1_q17_dr25_sup_koi,NO_COMMENT,5.2736268,0.0001581,-0.0001581,135.6461,0.0216,-0.0216,2454968.646,0.0216,-0.0216,0.0,,,,,,0.595,0.012,-0.495,5.291,0.511,-0.511,,,,86.1,12.1,-12.1,0.008831,0.000416,-0.000972,0.16586,0.30847,-0.15678,LS+MCMC,0.89,0.27,-0.1,0.0595,,,84.53,,,1014.0,,,249.68,230.17,-74.5,6.25,2.9,-2.9,Claret (2011 A&A 529 75) ATLAS LS,0.0,0.0,0.2622,0.4035,q1_q17_dr25_koi,2.775109,7.355178,8.7,1,254.0,1.0,q1_q17_dr25_tce,11111111111111111000000000000000,0.2813,Mandel and Agol (2002 ApJ 580 171),,,006/006220/006220312/dv/kplr006220312-20160209194854_dvr.pdf,006/006220/006220312/dv/kplr006220312-001-20160209194854_dvs.pdf,5851.0,157.0,-192.0,4.515,0.039,-0.221,-0.04,0.25,-0.3,0.918,0.289,-0.096,1.007,0.113,-0.126,,,,q1_q17_dr25_stellar,296.12253,41.561138,15.374,15.932,15.325,15.134,15.047,14.114,13.742,13.604,0.223,19.741559,4.6e-05,41.56116,0.00052,2.3,1.9,0.1,1.9,-0.00018,0.00015,-1e-05,0.00015,-0.19,0.83,0.42,0.5,0.47,0.61,-0.23,0.49,0.62,0.58,0.66,0.57,K04793,single,thick,1.0,False,thick,1.0,275,275,0,category_count_exact_before_visual_qc,1.1,5711.8,3.974,0.029,1.766,-0.715,-1.33,-1.453,6.89,5851.0,1.808,1.0,2.0,False,False,False,missing
6167,4164511,K05046.01,,CANDIDATE,Done,2018-08-16,CANDIDATE,,0,0,0,0,q1_q17_dr25_sup_koi,,40.9882124,0.0006804,-0.0006804,152.2483,0.0113,-0.0113,2454985.248,0.0113,-0.0113,0.0,,,,,,0.2697,0.1948,-0.2694,3.599,0.382,-0.382,,,,145.8,20.8,-20.8,0.011238,0.001049,-0.000722,6.8635,2.63445,-3.92217,MCMC,1.44,0.57,-0.19,0.2381,,,89.95,,,657.0,,,43.98,49.81,-15.16,84.8,32.5,-32.5,Claret (2011 A&A 529 75) ATLAS LS,0.0,0.0,0.3067,0.2776,q1_q16_koi,,,11.3,1,,1.0,q1_q16_tce,,,Mandel and Agol (2002 ApJ 580 171),,,004/004164/004164511/dv/kplr004164511-20130815195353_dvr.pdf,004/004164/004164511/dv/kplr004164511-001-20130826182306_dvs.pdf,6705.0,159.0,-217.0,4.328,0.099,-0.255,-0.54,0.22,-0.32,1.174,0.462,-0.159,1.068,0.168,-0.116,,,,stellar_q1_q16,293.24701,39.236691,13.006,13.229,12.931,12.856,12.837,12.068,11.832,11.777,0.346,19.549799,2.7e-05,39.23648,0.00034,0.0,1.1,-0.8,1.2,8e-05,0.00015,9e-05,0.00016,-0.59,0.5,-0.1,1.0,0.6,0.84,-0.32,0.49,0.1,1.0,0.3,1.0,K05046,single,thick,0.808,False,thick,0.808,275,275,0,category_count_exact_before_visual_qc,1.238,6790.2,4.31,-0.353,1.285,-0.24,-1.284,-1.303,1.13,6704.0,1.301,0.0,0.0,False,False,False,missing
8218,8693536,K07076.01,,CANDIDATE,Done,2018-08-16,CANDIDATE,0.99,0,0,0,0,q1_q17_dr25_sup_koi,NO_COMMENT,16.2347636,0.0002556,-0.0002556,139.9705,0.0139,-0.0139,2454972.97,0.0139,-0.0139,0.0,,,,,,0.046,0.404,-0.046,4.2,0.374,-0.374,,,,115.5,12.6,-12.6,0.009904,0.000666,-0.000603,1.89915,0.26216,-1.05195,LS+MCMC,1.28,0.41,-0.16,0.1338,,,89.91,,,852.0,,,124.25,111.35,-40.68,29.8,4.1,-4.1,Claret (2011 A&A 529 75) ATLAS LS,0.0,0.0,0.3119,0.2971,q1_q17_dr25_koi,3.0157962,8.249764,10.7,1,79.0,1.0,q1_q17_dr25_tce,11111111111111111000000000000000,0.256,Mandel and Agol (2002 ApJ 580 171),,,008/008693/008693536/dv/kplr008693536-20160209194854_dvr.pdf,008/008693/008693536/dv/kplr008693536-001-20160209194854_dvs.pdf,6478.0,160.0,-208.0,4.371,0.065,-0.195,-0.04,0.25,-0.3,1.188,0.37,-0.148,1.209,0.169,-0.169,,,,q1_q17_dr25_stellar,293.53033,44.832771,14.299,14.639,14.247,14.153,14.123,13.307,13.059,13.013,0.068,19.568721,3e-05,44.83241,0.00036,1.2,1.1,-1.3,1.3,-0.00015,0.00013,0.00014,0.00014,-1.03,0.67,-0.43,0.86,1.12,0.79,-1.05,0.61,-0.44,0.89,1.14,0.74,K07076,single,thick,0.7114,False,thick,0.7114,275,275,0,category_count_exact_before_visual_qc,1.516,6636.8,3.957,0.008,2.126,-0.813,-1.654,-1.718,1.68,6492.0,2.174,0.0,0.0,False,False,False,missing
8587,12016243,K07506.01,,CANDIDATE,Done,2018-08-16,CANDIDATE,1.0,0,0,0,0,q1_q17_dr25_sup_koi,CENT_FEW_MEAS,11.8436119,0.0003144,-0.0003144,138.0037,0.0211,-0.0211,2454971.004,0.0211,-0.0211,0.0,,,,,,0.067,0.393,-0.067,6.044,0.49,-0.49,,,,199.3,22.0,-22.0,0.012914,0.000882,-0.000832,0.46822,0.86821,-0.1892,LS+MCMC,1.41,0.47,-0.16,0.1043,,,89.75,,,830.0,,,111.98,111.89,-35.48,15.14,7.0,-7.0,Claret (2011 A&A 529 75) ATLAS LS,0.0,0.0,0.2868,0.3588,q1_q17_dr25_koi,3.707846,8.382526,10.4,1,61.0,1.0,q1_q17_dr25_tce,11001100110011001000000000000000,0.6375,Mandel and Agol (2002 ApJ 580 171),,,012/012016/012016243/dv/kplr012016243-20160209194854_dvr.pdf,012/012016/012016243/dv/kplr012016243-001-20160209194854_dvs.pdf,6077.0,181.0,-217.0,4.471,0.056,-0.224,-0.04,0.25,-0.3,0.999,0.333,-0.111,1.077,0.145,-0.145,,,,q1_q17_dr25_stellar,293.49564,50.48064,15.193,15.668,15.146,14.989,14.937,14.036,13.632,13.609,0.065,19.566318,3.8e-05,50.48026,0.00042,-2.0,1.3,-1.4,1.5,0.00037,0.00025,0.00026,0.00029,-0.72,0.35,-1.2,2.0,1.4,1.6,-0.77,0.32,-1.1,1.7,1.4,1.2,K07506,single,thick,0.7128,False,thick,0.7128,275,275,0,category_count_exact_before_visual_qc,1.068,5727.5,4.042,0.034,1.635,-0.612,-1.376,-1.504,7.64,6082.0,1.599,0.0,0.0,False,False,False,missing
9198,10198225,K07991.01,,CANDIDATE,Done,2018-08-16,CANDIDATE,0.989,0,0,0,0,q1_q17_dr25_sup_koi,NO_COMMENT,11.9451376,0.000216,-0.000216,142.3107,0.0167,-0.0167,2454975.311,0.0167,-0.0167,0.0,,,,,,0.443,0.54,-0.248,6.893,0.541,-0.541,,,,63.3,6.1,-6.1,0.007296,0.00028,-0.000604,0.22885,0.14606,-0.07234,LS+MCMC,3.32,0.64,-1.05,0.1176,,,87.88,,,1337.0,,,755.16,408.67,-438.05,12.0,3.8,-3.8,Claret (2011 A&A 529 75) ATLAS LS,0.0,0.0,0.1713,0.5474,q1_q17_dr25_koi,2.9203577,7.650106,12.4,1,115.0,1.0,q1_q17_dr25_tce,11111111111111111000000000000000,0.4747,Mandel and Agol (2002 ApJ 580 171),,,010/010198/010198225/dv/kplr010198225-20160209194854_dvr.pdf,010/010198/010198225/dv/kplr010198225-001-20160209194854_dvs.pdf,5094.0,100.0,-138.0,3.38,0.21,-0.157,-0.08,0.2,-0.3,4.163,0.808,-1.313,1.517,0.206,-0.48,,,,q1_q17_dr25_stellar,287.55182,47.244862,12.609,13.343,12.55,12.294,12.146,11.087,10.635,10.521,0.123,19.170121,1.7e-05,47.24462,0.00018,0.0,0.62,-0.86,0.65,-9e-06,3.6e-05,3.9e-05,3.8e-05,-0.84,0.89,0.87,0.65,1.21,0.51,-0.93,0.82,0.72,0.61,1.17,0.56,K07991,single,thick,0.7503,True,thick,0.7503,275,275,0,category_count_exact_before_visual_qc,1.228,4865.5,3.439,0.127,3.479,-1.545,-2.263,-2.265,4.89,5096.0,3.427,1.0,0.0,False,False,False,missing
9388,11443757,K08054.01,,CANDIDATE,Done,2018-08-16,CANDIDATE,0.995,0,0,0,0,q1_q17_dr25_sup_koi,NO_COMMENT,43.9088053,0.0007351,-0.0007351,169.335,0.0155,-0.0155,2455002.335,0.0155,-0.0155,0.0,,,,,,0.272,0.18,-0.272,6.265,0.506,-0.506,,,,297.8,25.6,-25.6,0.01559,0.000898,-0.000788,1.41153,0.33109,-0.70947,LS+MCMC,7.33,1.87,-4.38,0.2911,,,89.7,,,885.0,,,144.75,115.28,-124.24,52.4,12.3,-12.3,Claret (2011 A&A 529 75) ATLAS LS,0.0,0.0,0.2129,0.4858,q1_q17_dr25_koi,3.1444068,7.258483,13.7,1,24.0,1.0,q1_q17_dr25_tce,11111110111011101000000000000000,0.5649,Mandel and Agol (2002 ApJ 580 171),,,011/011443/011443757/dv/kplr011443757-20160209194854_dvr.pdf,011/011443/011443757/dv/kplr011443757-001-20160209194854_dvs.pdf,5216.0,172.0,-172.0,3.402,0.592,-0.197,-0.08,0.3,-0.3,4.303,1.102,-2.571,1.703,0.195,-0.732,,,,q1_q17_dr25_stellar,285.08685,49.36282,13.589,14.297,13.515,13.286,13.117,12.078,11.551,11.463,0.013,19.005824,2e-05,49.36264,0.00019,1.19,0.71,-0.66,0.67,-0.00032,0.00019,0.00023,0.00018,0.3,0.46,-0.23,0.49,0.37,0.63,0.25,0.48,-0.08,0.54,0.26,0.6,K08054,single,thick,1.0,False,thick,1.0,275,275,0,category_count_exact_before_visual_qc,1.386,4949.9,3.19,-0.117,4.916,-1.944,-2.642,-2.659,2.64,5225.0,4.788,1.0,0.0,False,False,False,missing
3283,8056665,K00089.01,Kepler-462 b,CONFIRMED,Done,2018-08-16,CANDIDATE,0.881,0,0,0,0,q1_q17_dr25_sup_koi,NO_COMMENT,84.6877524,0.0001778,-0.0001778,150.57084,0.00172,-0.00172,2454983.571,0.00172,-0.00172,0.0,,,,,,0.017,0.303,-0.017,10.0248,0.052,-0.052,,,,347.7,4.1,-4.1,0.017238,0.000222,-0.000133,0.74607,0.02088,-0.11263,LS+MCMC,3.37,0.58,-0.78,0.4172,,,89.99,,,611.0,,,32.96,15.8,-15.16,65.64,1.8,-1.8,Claret (2011 A&A 529 75) ATLAS LS,0.0,0.0,0.318,0.2734,q1_q17_dr25_koi,32.52374,71.26699,95.1,2,18.0,1.0,q1_q17_dr25_tce,11111111111111111000000000000000,0.361,Mandel and Agol (2002 ApJ 580 171),,,008/008056/008056665/dv/kplr008056665-20160209194854_dvr.pdf,008/008056/008056665/dv/kplr008056665-001-20160209194854_dvs.pdf,6688.0,120.0,-147.0,4.062,0.174,-0.116,-0.2,0.15,-0.15,1.79,0.311,-0.415,1.353,0.096,-0.178,,,,q1_q17_dr25_stellar,299.82117,43.81427,11.642,11.74,11.609,11.649,11.677,10.983,10.876,10.851,0.008,19.9880544,6.6e-06,43.81437,5.1e-05,-0.89,0.26,0.36,0.18,0.000175,9e-05,-5.9e-05,6.5e-05,-0.13,0.32,0.32,0.21,0.34,0.25,-0.28,0.31,0.4,0.22,0.49,0.29,K00089,multi,thin,0.0489,False,thin,0.0489,862,883,21,candidate_in_category_with_unpublished_final_rejections,1.639,8329.9,4.266,-0.21,1.554,-0.365,-1.374,-1.383,0.51,6688.0,1.741,0.0,0.0,False,False,False,missing
3537,6462863,K00094.04,Kepler-89 b,CONFIRMED,Done,2018-08-16,CANDIDATE,0.999,0,0,0,0,q1_q17_dr25_sup_koi,NO_COMMENT,3.743166733,5.614e-06,-5.614e-06,131.61967,0.00142,-0.00142,2454964.62,0.00142,-0.00142,0.0,,,,,,0.008,0.392,-0.008,3.6888,0.0421,-0.0421,,,,126.3,2.2,-2.2,0.010306,0.00048,-0.000224,0.654,0.01482,-0.17096,LS+MCMC,1.5,0.27,-0.23,0.0488,,,89.94,,,1423.0,,,971.76,487.5,-328.28,7.854,0.178,-0.178,Claret (2011 A&A 529 75) ATLAS LS,0.0,0.0,0.305,0.3201,q1_q17_dr25_koi,6.2497396,31.52265,47.2,4,154.0,4.0,q1_q17_dr25_tce,10011001100110011000000000000000,0.1809,Mandel and Agol (2002 ApJ 580 171),,,006/006462/006462863/dv/kplr006462863-20160209194854_dvr.pdf,006/006462/006462863/dv/kplr006462863-004-20160209194854_dvs.pdf,6181.0,111.0,-135.0,4.234,0.143,-0.117,-0.02,0.15,-0.15,1.331,0.243,-0.199,1.106,0.116,-0.074,,,,q1_q17_dr25_stellar,297.33307,41.891121,12.205,12.551,12.186,12.057,12.039,11.218,10.957,10.926,0.032,19.822201,7.3e-06,41.891176,6.6e-05,-0.12,0.29,0.2,0.24,6.1e-05,3.6e-05,-2.1e-05,2.9e-05,-0.41,0.21,0.07,0.29,0.41,0.21,-0.24,0.23,0.24,0.29,0.34,0.26,K00094,multi,thin,0.1353,True,thin,0.1353,862,883,21,candidate_in_category_with_unpublished_final_rejections,1.339,6837.1,4.316,-0.048,1.33,-0.248,-1.507,-1.504,0.43,6181.0,1.383,0.0,0.0,False,False,False,missing
3169,6462863,K00094.02,Kepler-89 c,CONFIRMED,Done,2018-08-16,CANDIDATE,1.0,0,0,0,0,q1_q17_dr25_sup_koi,NO_COMMENT,10.423677439,7.173e-06,-7.173e-06,138.009041,0.000584,-0.000584,2454971.009,0.000584,-0.000584,0.0,,,,,,0.005,0.299,-0.005,5.2257,0.021,-0.021,,,,777.3,4.1,-4.1,0.025563,0.000305,-4.6e-05,0.66594,0.00938,-0.1087,LS+MCMC,3.72,0.67,-0.56,0.0967,,,89.98,,,1012.0,,,247.48,124.16,-83.6,15.639,0.22,-0.22,Claret (2011 A&A 529 75) ATLAS LS,0.0,0.0,0.305,0.3201,q1_q17_dr25_koi,24.24831,136.5389,204.4,4,57.0,3.0,q1_q17_dr25_tce,10011001100110011000000000000000,0.5822,Mandel and Agol (2002 ApJ 580 171),,,006/006462/006462863/dv/kplr006462863-20160209194854_dvr.pdf,006/006462/006462863/dv/kplr006462863-003-20160209194854_dvs.pdf,6181.0,111.0,-135.0,4.234,0.143,-0.117,-0.02,0.15,-0.15,1.331,0.243,-0.199,1.106,0.116,-0.074,,,,q1_q17_dr25_stellar,297.33307,41.891121,12.205,12.551,12.186,12.057,12.039,11.218,10.957,10.926,0.0,19.8222088,1.8e-06,41.891175,1.6e-05,0.193,0.073,0.198,0.057,0.000144,5.8e-05,-0.000132,4.8e-05,0.097,0.098,-0.05,0.25,0.11,0.12,0.245,0.096,0.12,0.19,0.27,0.14,K00094,multi,thin,0.1353,True,thin,0.1353,862,883,21,candidate_in_category_with_unpublished_final_rejections,1.339,6837.1,4.316,-0.048,1.33,-0.248,-1.507,-1.504,0.43,6181.0,1.383,0.0,0.0,False,False,False,missing
3098,6462863,K00094.01,Kepler-89 d,CONFIRMED,Done,2018-08-16,CANDIDATE,0.994,0,0,0,0,q1_q17_dr25_sup_koi,NO_COMMENT,22.342964828,3.404e-06,-3.404e-06,132.741641,0.000128,-0.000128,2454965.742,0.000128,-0.000128,0.0,,,,,,0.031,0.045,-0.031,6.66405,0.0039,-0.0039,,,,5612.8,5.3,-5.3,0.068705,5.7e-05,-3.6e-05,0.77681,0.0034,-0.00811,LS+MCMC,9.99,1.82,-1.5,0.1607,,,89.93,,,785.0,,,89.61,44.96,-30.27,27.368,0.12,-0.12,Claret (2011 A&A 529 75) ATLAS LS,0.0,0.0,0.305,0.3201,q1_q17_dr25_koi,174.54733,702.9733,1118.9,4,30.0,1.0,q1_q17_dr25_tce,10011001100110011000000000000000,0.0066,Mandel and Agol (2002 ApJ 580 171),,,006/006462/006462863/dv/kplr006462863-20160209194854_dvr.pdf,006/006462/006462863/dv/kplr006462863-001-20160209194854_dvs.pdf,6181.0,111.0,-135.0,4.234,0.143,-0.117,-0.02,0.15,-0.15,1.331,0.243,-0.199,1.106,0.116,-0.074,,,,q1_q17_dr25_stellar,297.33307,41.891121,12.205,12.551,12.186,12.057,12.039,11.218,10.957,10.926,0.0,19.82220736,3.4e-07,41.8911423,3e-06,0.135,0.014,0.08,0.011,0.00137,0.00016,-0.00029,0.0002,-0.078,0.075,0.011,0.073,0.078,0.073,0.102,0.075,0.185,0.076,0.211,0.076,K00094,multi,thin,0.1353,True,thin,0.1353,862,883,21,candidate_in_category_with_unpublished_final_rejections,1.339,6837.1,4.316,-0.048,1.33,-0.248,-1.507,-1.504,0.43,6181.0,1.383,0.0,0.0,False,False,False,missing
3194,6462863,K00094.03,Kepler-89 e,CONFIRMED,Done,2018-08-16,CANDIDATE,0.953,0,0,0,0,q1_q17_dr25_sup_koi,NO_COMMENT,54.31996151,3.391e-05,-3.391e-05,161.239869,0.000503,-0.000503,2454994.24,0.000503,-0.000503,0.0,,,,,,0.497,0.005,-0.357,8.5858,0.0243,-0.0243,,,,1975.0,7.2,-7.2,0.041779,0.000108,-0.000932,0.55625,0.21602,-0.00357,LS+MCMC,6.07,1.11,-0.91,0.2906,,,89.36,,,584.0,,,27.4,13.75,-9.25,44.3,17.2,-17.2,Claret (2011 A&A 529 75) ATLAS LS,0.0,0.0,0.305,0.3201,q1_q17_dr25_koi,61.653397,162.07628,291.3,4,11.0,2.0,q1_q17_dr25_tce,10011001100110011000000000000000,0.3868,Mandel and Agol (2002 ApJ 580 171),,,006/006462/006462863/dv/kplr006462863-20160209194854_dvr.pdf,006/006462/006462863/dv/kplr006462863-002-20160209194854_dvs.pdf,6181.0,111.0,-135.0,4.234,0.143,-0.117,-0.02,0.15,-0.15,1.331,0.243,-0.199,1.106,0.116,-0.074,,,,q1_q17_dr25_stellar,297.33307,41.891121,12.205,12.551,12.186,12.057,12.039,11.218,10.957,10.926,0.002,19.8222095,1.5e-06,41.891134,1.2e-05,0.221,0.06,0.052,0.045,0.00031,0.00014,-4e-05,0.00013,-0.15,0.13,-0.05,0.14,0.16,0.15,0.02,0.15,-0.07,0.18,0.08,0.18,K00094,multi,thin,0.1353,True,thin,0.1353,862,883,21,candidate_in_category_with_unpublished_final_rejections,1.339,6837.1,4.316,-0.048,1.33,-0.248,-1.507,-1.504,0.43,6181.0,1.383,0.0,0.0,False,False,False,missing
434,8394721,K00152.03,Kepler-79 b,CONFIRMED,Done,2018-08-16,CANDIDATE,1.0,0,0,0,0,q1_q17_dr25_sup_koi,NO_COMMENT,13.48457668,2.3e-05,-2.3e-05,136.61808,0.00132,-0.00132,2454969.618,0.00132,-0.00132,0.0,,,,,,0.011,0.319,-0.011,5.0197,0.0395,-0.0395,,,,653.5,8.8,-8.8,0.023452,0.000375,-0.000179,0.96491,0.03273,-0.15881,LS+MCMC,3.39,0.63,-0.52,0.1146,,,89.97,,,929.0,,,176.29,90.17,-60.44,21.01,0.713,-0.713,Claret (2011 A&A 529 75) ATLAS LS,0.0,0.0,0.305,0.3201,q1_q17_dr25_koi,12.837913,58.810806,80.8,4,98.0,2.0,q1_q17_dr25_tce,11111111111111111000000000000000,0.3395,Mandel and Agol (2002 ApJ 580 171),,,008/008394/008394721/dv/kplr008394721-20160209194854_dvr.pdf,008/008394/008394721/dv/kplr008394721-002-20160209194854_dvs.pdf,6198.0,111.0,-136.0,4.237,0.13,-0.117,-0.04,0.15,-0.15,1.324,0.247,-0.202,1.101,0.109,-0.081,,,,q1_q17_dr25_stellar,300.51712,44.38158,13.914,14.273,13.879,13.761,13.741,12.913,12.653,12.606,0.209,20.0344908,4.8e-06,44.381514,4.8e-05,0.6,0.19,-0.24,0.17,0.00011,0.00012,7e-05,0.00012,-0.25,0.15,-0.16,0.15,0.3,0.16,-0.2,0.14,-0.25,0.15,0.32,0.16,K00152,multi,thin,0.0711,True,thin,0.0711,862,883,21,candidate_in_category_with_unpublished_final_rejections,1.294,6524.7,4.304,0.038,1.325,-0.26,-1.354,-1.331,0.93,6389.0,1.343,0.0,0.0,False,False,False,missing
412,8394721,K00152.02,Kepler-79 c,CONFIRMED,Done,2018-08-16,CANDIDATE,1.0,0,0,0,0,q1_q17_dr25_sup_koi,NO_COMMENT,27.40229859,5.136e-05,-5.136e-05,133.6284,0.0015,-0.0015,2454966.628,0.0015,-0.0015,0.0,,,,,,0.022,0.296,-0.022,6.8491,0.0479,-0.0479,,,,747.5,10.0,-10.0,0.025079,0.000372,-0.000186,0.77467,0.01532,-0.12934,LS+MCMC,3.63,0.67,-0.56,0.1839,,,89.96,,,734.0,,,68.46,35.02,-23.47,31.329,0.62,-0.62,Claret (2011 A&A 529 75) ATLAS LS,0.0,0.0,0.305,0.3201,q1_q17_dr25_koi,10.937192,49.846386,79.3,4,49.0,3.0,q1_q17_dr25_tce,11111111111111111000000000000000,0.4083,Mandel and Agol (2002 ApJ 580 171),,,008/008394/008394721/dv/kplr008394721-20160209194854_dvr.pdf,008/008394/008394721/dv/kplr008394721-003-20160209194854_dvs.pdf,6198.0,111.0,-136.0,4.237,0.13,-0.117,-0.04,0.15,-0.15,1.324,0.247,-0.202,1.101,0.109,-0.081,,,,q1_q17_dr25_stellar,300.51712,44.38158,13.914,14.273,13.879,13.761,13.741,12.913,12.653,12.606,0.96,20.034496,5.2e-06,44.381547,5.1e-05,0.8,0.2,-0.12,0.18,-3e-05,0.00015,-1e-05,0.00014,-0.08,0.12,0.07,0.14,0.1,0.14,-0.03,0.13,-0.01,0.1,0.03,0.13,K00152,multi,thin,0.0711,True,thin,0.0711,862,883,21,candidate_in_category_with_unpublished_final_rejections,1.294,6524.7,4.304,0.038,1.325,-0.26,-1.354,-1.331,0.93,6389.0,1.343,0.0,0.0,False,False,False,missing
392,8394721,K00152.01,Kepler-79 d,CONFIRMED,Done,2018-08-16,CANDIDATE,0.994,0,0,0,0,q1_q17_dr25_sup_koi,NO_COMMENT,52.09081627,4.206e-05,-4.206e-05,158.744665,0.00067,-0.00067,2454991.745,0.00067,-0.00067,0.0,,,,,,0.065,0.113,-0.065,8.6388,0.0228,-0.0228,,,,2894.1,12.6,-12.6,0.049363,0.000215,-0.000115,0.78307,0.0119,-0.03532,LS+MCMC,7.14,1.33,-1.09,0.2822,,,89.92,,,592.0,,,29.07,14.87,-9.97,48.249,0.733,-0.733,Claret (2011 A&A 529 75) ATLAS LS,0.0,0.0,0.305,0.3201,q1_q17_dr25_koi,34.855324,143.3882,243.5,4,27.0,1.0,q1_q17_dr25_tce,11111111111111111000000000000000,0.3217,Mandel and Agol (2002 ApJ 580 171),,,008/008394/008394721/dv/kplr008394721-20160209194854_dvr.pdf,008/008394/008394721/dv/kplr008394721-001-20160209194854_dvs.pdf,6198.0,111.0,-136.0,4.237,0.13,-0.117,-0.04,0.15,-0.15,1.324,0.247,-0.202,1.101,0.109,-0.081,,,,q1_q17_dr25_stellar,300.51712,44.38158,13.914,14.273,13.879,13.761,13.741,12.913,12.653,12.606,0.0,20.0344922,1.7e-06,44.381603,1.7e-05,0.651,0.065,0.084,0.059,0.00032,0.00024,-0.00062,0.00028,0.048,0.08,0.023,0.079,0.053,0.08,0.091,0.079,-0.053,0.079,0.105,0.078,K00152,multi,thin,0.0711,True,thin,0.0711,862,883,21,candidate_in_category_with_unpublished_final_rejections,1.294,6524.7,4.304,0.038,1.325,-0.26,-1.354,-1.331,0.93,6389.0,1.343,0.0,0.0,False,False,False,missing
871,8394721,K00152.04,Kepler-79 e,CONFIRMED,Done,2018-08-16,CANDIDATE,0.976,0,0,0,0,q1_q17_dr25_sup_koi,NO_COMMENT,81.0637895,0.0004077,-0.0004077,139.53492,0.0043,-0.0043,2454972.535,0.0043,-0.0043,0.0,,,,,,0.584,0.36,-0.379,3.001,0.126,-0.126,,,,476.0,26.0,-26.0,0.020793,0.005085,-0.000872,14.84249,10.68907,-12.56516,LS+MCMC,3.01,0.56,-0.46,0.379,,,89.81,,,511.0,,,16.12,8.24,-5.53,172.8,62.2,-62.2,Claret (2011 A&A 529 75) ATLAS LS,0.0,0.0,0.305,0.3201,q1_q17_dr25_koi,5.0436325,12.769576,19.4,4,17.0,4.0,q1_q17_dr25_tce,11111111111111111000000000000000,0.1192,Mandel and Agol (2002 ApJ 580 171),,,008/008394/008394721/dv/kplr008394721-20160209194854_dvr.pdf,008/008394/008394721/dv/kplr008394721-004-20160209194854_dvs.pdf,6198.0,111.0,-136.0,4.237,0.13,-0.117,-0.04,0.15,-0.15,1.324,0.247,-0.202,1.101,0.109,-0.081,,,,q1_q17_dr25_stellar,300.51712,44.38158,13.914,14.273,13.879,13.761,13.741,12.913,12.653,12.606,0.489,20.034498,2.3e-05,44.3814,0.00023,0.87,0.9,-0.66,0.82,-4e-05,0.00036,0.00021,0.00033,0.12,0.22,-0.18,0.63,0.22,0.5,0.15,0.22,-0.26,0.59,0.3,0.49,K00152,multi,thin,0.0711,True,thin,0.0711,862,883,21,candidate_in_category_with_unpublished_final_rejections,1.294,6524.7,4.304,0.038,1.325,-0.26,-1.354,-1.331,0.93,6389.0,1.343,0.0,0.0,False,False,False,missing
1886,7219825,K00238.01,Kepler-123 b,CONFIRMED,Done,2018-08-16,CANDIDATE,1.0,0,0,0,0,q1_q17_dr25_sup_koi,NO_COMMENT,17.23232894,3.566e-05,-3.566e-05,135.0922,0.00168,-0.00168,2454968.092,0.00168,-0.00168,0.0,,,,,,0.395,0.096,-0.348,4.5568,0.0508,-0.0508,,,,509.8,8.6,-8.6,0.020998,0.000167,-0.000581,1.28263,0.45038,-0.09217,LS+MCMC,2.79,0.45,-0.41,0.1312,,,89.17,,,817.0,,,105.47,50.25,-35.25,27.2,9.6,-9.6,Claret (2011 A&A 529 75) ATLAS LS,0.0,0.0,0.2916,0.3447,q1_q17_dr25_koi,8.936768,54.0081,64.1,3,77.0,1.0,q1_q17_dr25_tce,11111111111111111000000000000000,0.841,Mandel and Agol (2002 ApJ 580 171),,,007/007219/007219825/dv/kplr007219825-20160209194854_dvr.pdf,007/007219/007219825/dv/kplr007219825-001-20160209194854_dvs.pdf,6086.0,133.0,-133.0,4.274,0.137,-0.112,-0.16,0.2,-0.15,1.216,0.199,-0.179,1.013,0.096,-0.064,,,,q1_q17_dr25_stellar,296.99863,42.78196,14.061,14.458,14.013,13.891,13.819,12.982,12.725,12.655,0.002,19.7999051,5.3e-06,42.78208,6e-05,-0.12,0.21,0.43,0.22,-1e-05,0.00011,-0.00021,0.00011,0.33,0.14,0.0,0.14,0.33,0.14,0.26,0.13,0.14,0.14,0.3,0.15,K00238,multi,thin,0.0492,False,thin,0.0492,862,883,21,candidate_in_category_with_unpublished_final_rejections,1.257,6571.7,4.309,-0.104,1.29,-0.242,-1.427,-1.333,1.06,6154.0,1.362,0.0,0.0,False,False,False,missing
1914,7219825,K00238.02,Kepler-123 c,CONFIRMED,Done,2018-08-16,CANDIDATE,0.993,0,0,0,0,q1_q17_dr25_sup_koi,NO_COMMENT,26.6951944,0.0002607,-0.0002607,143.9999,0.00806,-0.00806,2454977.0,0.00806,-0.00806,0.0,,,,,,0.136,0.311,-0.136,4.576,0.207,-0.207,,,,132.6,10.6,-10.6,0.010567,0.000595,-0.000431,2.35995,0.30045,-0.96518,LS+MCMC,1.4,0.23,-0.2,0.1757,,,89.83,,,706.0,,,58.81,28.02,-19.66,44.63,5.7,-5.7,Claret (2011 A&A 529 75) ATLAS LS,0.0,0.0,0.2916,0.3447,q1_q17_dr25_koi,3.2941353,10.90227,13.4,3,46.0,3.0,q1_q17_dr25_tce,11111111111111111000000000000000,0.322,Mandel and Agol (2002 ApJ 580 171),,,007/007219/007219825/dv/kplr007219825-20160209194854_dvr.pdf,007/007219/007219825/dv/kplr007219825-003-20160209194854_dvs.pdf,6086.0,133.0,-133.0,4.274,0.137,-0.112,-0.16,0.2,-0.15,1.216,0.199,-0.179,1.013,0.096,-0.064,,,,q1_q17_dr25_stellar,296.99863,42.78196,14.061,14.458,14.013,13.891,13.819,12.982,12.725,12.655,0.627,19.799886,2.9e-05,42.78204,0.00033,-0.9,1.1,0.3,1.2,9e-05,0.00014,-3e-05,0.00014,-0.39,0.57,0.01,0.3,0.39,0.57,-0.46,0.57,0.17,0.31,0.49,0.55,K00238,multi,thin,0.0492,False,thin,0.0492,862,883,21,candidate_in_category_with_unpublished_final_rejections,1.257,6571.7,4.309,-0.104,1.29,-0.242,-1.427,-1.333,1.06,6154.0,1.362,0.0,0.0,False,False,False,missing
2667,6196457,K00285.01,Kepler-92 b,CONFIRMED,Done,2018-08-16,CANDIDATE,1.0,0,0,0,0,q1_q17_dr25_sup_koi,NO_COMMENT,13.74883059,1.295e-05,-1.295e-05,179.279158,0.000738,-0.000738,2455012.279,0.000738,-0.000738,0.0,,,,,,0.658,0.153,-0.433,6.0968,0.0425,-0.0425,,,,425.9,2.9,-2.9,0.019908,0.001248,-0.000949,0.24298,0.25217,-0.12799,LS+MCMC,3.63,0.26,-0.18,0.1174,,,87.19,,,975.0,,,213.84,47.92,-30.83,13.44,4.6,-4.6,Claret (2011 A&A 529 75) ATLAS LS,0.0,0.0,0.26,0.4133,q1_q17_dr25_koi,15.991425,114.88917,167.6,3,98.0,1.0,q1_q17_dr25_tce,11111111111111111000000000000000,0.8938,Mandel and Agol (2002 ApJ 580 171),,,006/006196/006196457/dv/kplr006196457-20160209194854_dvr.pdf,006/006196/006196457/dv/kplr006196457-001-20160209194854_dvs.pdf,5862.0,97.0,-80.0,4.05,0.033,-0.027,0.16,0.15,-0.1,1.67,0.118,-0.082,1.142,0.16,-0.053,,,,q1_q17_dr25_stellar,289.08606,41.562958,11.565,12.481,11.679,,,10.747,10.47,10.403,0.159,19.2724062,1.8e-06,41.563002,1.7e-05,0.097,0.073,0.156,0.062,0.0,3.1e-05,2.6e-05,2.7e-05,0.02,0.14,0.06,0.18,0.06,0.2,0.1,0.13,0.26,0.18,0.28,0.2,K00285,multi,thin,0.1961,True,thin,0.1961,862,883,21,candidate_in_category_with_unpublished_final_rejections,1.124,5508.6,3.954,0.198,1.84,-0.751,-1.807,-1.832,7.44,5946.0,1.779,1.0,2.0,False,False,False,missing
2711,6196457,K00285.02,Kepler-92 c,CONFIRMED,Done,2018-08-16,CANDIDATE,0.976,0,0,0,0,q1_q17_dr25_sup_koi,NO_COMMENT,26.723169,7.883e-05,-7.883e-05,147.93696,0.00232,-0.00232,2454980.937,0.00232,-0.00232,0.0,,,,,,0.035,0.374,-0.035,8.501,0.0688,-0.0688,,,,195.0,3.1,-3.1,0.012689,0.000304,-0.000145,0.38065,0.00023,-0.12626,LS+MCMC,2.31,0.17,-0.11,0.1829,,,89.92,,,781.0,,,88.1,19.75,-12.7,24.3117,0.0147,-0.0147,Claret (2011 A&A 529 75) ATLAS LS,0.0,0.0,0.26,0.4133,q1_q17_dr25_koi,9.11644,39.584602,67.5,3,51.0,2.0,q1_q17_dr25_tce,11111111111111111000000000000000,0.079,Mandel and Agol (2002 ApJ 580 171),,,006/006196/006196457/dv/kplr006196457-20160209194854_dvr.pdf,006/006196/006196457/dv/kplr006196457-002-20160209194854_dvs.pdf,5862.0,97.0,-80.0,4.05,0.033,-0.027,0.16,0.15,-0.1,1.67,0.118,-0.082,1.142,0.16,-0.053,,,,q1_q17_dr25_stellar,289.08606,41.562958,11.565,12.481,11.679,,,10.747,10.47,10.403,0.011,19.2724136,4.8e-06,41.563064,4.5e-05,0.4,0.19,0.38,0.16,-6e-05,3.9e-05,-3.2e-05,3.3e-05,-0.14,0.26,-0.53,0.46,0.54,0.49,-0.03,0.27,-0.44,0.48,0.44,0.49,K00285,multi,thin,0.1961,True,thin,0.1961,862,883,21,candidate_in_category_with_unpublished_final_rejections,1.124,5508.6,3.954,0.198,1.84,-0.751,-1.807,-1.832,7.44,5946.0,1.779,1.0,2.0,False,False,False,missing
2755,6196457,K00285.03,Kepler-92 d,CONFIRMED,Done,2018-08-16,CANDIDATE,0.476,0,0,0,0,q1_q17_dr25_sup_koi,LPP_DV,49.3567907,0.0003564,-0.0003564,134.29533,0.00666,-0.00666,2454967.295,0.00666,-0.00666,0.0,,,,,,0.277,0.189,-0.277,10.954,0.165,-0.165,,,,130.2,3.9,-3.9,0.010449,0.000305,-0.000262,0.2907,0.04058,-0.10235,LS+MCMC,1.91,0.13,-0.1,0.2754,,,89.53,,,637.0,,,38.86,8.71,-5.6,33.45,4.7,-4.7,Claret (2011 A&A 529 75) ATLAS LS,0.0,0.0,0.26,0.4133,q1_q17_dr25_koi,6.337603,20.625551,35.0,3,27.0,3.0,q1_q17_dr25_tce,11111111111111111000000000000000,0.1094,Mandel and Agol (2002 ApJ 580 171),,,006/006196/006196457/dv/kplr006196457-20160209194854_dvr.pdf,006/006196/006196457/dv/kplr006196457-003-20160209194854_dvs.pdf,5862.0,97.0,-80.0,4.05,0.033,-0.027,0.16,0.15,-0.1,1.67,0.118,-0.082,1.142,0.16,-0.053,,,,q1_q17_dr25_stellar,289.08606,41.562958,11.565,12.481,11.679,,,10.747,10.47,10.403,0.779,19.2724089,9.4e-06,41.563045,8.8e-05,0.2,0.38,0.31,0.32,-1.5e-05,5.2e-05,-1.3e-05,4.3e-05,-0.31,0.19,-0.47,0.48,0.56,0.42,-0.17,0.2,-0.28,0.49,0.32,0.43,K00285,multi,thin,0.1961,True,thin,0.1961,862,883,21,candidate_in_category_with_unpublished_final_rejections,1.124,5508.6,3.954,0.198,1.84,-0.751,-1.807,-1.832,7.44,5946.0,1.779,1.0,2.0,False,False,False,missing
3068,8121310,K00317.02,,CANDIDATE,Done,2018-08-16,CANDIDATE,0.812,0,0,0,0,q1_q17_dr25_sup_koi,NO_COMMENT,11.505879,0.0002263,-0.0002263,136.2363,0.0173,-0.0173,2454969.236,0.0173,-0.0173,0.0,,,,,,0.029,0.441,-0.029,5.583,0.516,-0.516,,,,49.8,4.8,-4.8,0.006463,0.000447,-0.000296,0.56886,0.04852,-0.34811,LS+MCMC,0.99,0.17,-0.09,0.1096,,,89.89,,,1000.0,,,236.35,113.65,-58.85,15.85,1.4,-1.4,Claret (2011 A&A 529 75) ATLAS LS,0.0,0.0,0.3016,0.3403,q1_q17_dr25_koi,3.7709699,7.545454,12.5,2,113.0,2.0,q1_q17_dr25_tce,11111111111111111000000000000000,0.7269,Mandel and Agol (2002 ApJ 580 171),,,008/008121/008121310/dv/kplr008121310-20160209194854_dvr.pdf,008/008121/008121310/dv/kplr008121310-002-20160209194854_dvs.pdf,6336.0,113.0,-139.0,4.266,0.063,-0.117,0.34,0.1,-0.15,1.403,0.245,-0.132,1.324,0.092,-0.084,,,,q1_q17_dr25_stellar,298.81638,43.998039,12.885,13.199,12.852,12.751,12.734,11.915,11.745,11.67,0.608,19.921083,3.1e-05,43.99819,0.00029,-0.3,1.2,0.6,1.1,1.5e-05,6.3e-05,-2.5e-05,5.5e-05,0.78,0.45,-0.32,0.47,0.84,0.45,0.73,0.46,-0.31,0.47,0.8,0.47,K00317,multi,thin,0.1301,True,thin,0.1301,862,883,21,candidate_in_category_with_unpublished_final_rejections,1.494,7089.9,4.205,0.066,1.595,-0.437,-1.499,-1.501,0.81,6563.0,1.668,0.0,2.0,False,False,False,missing
2756,8121310,K00317.01,Kepler-521 b,CONFIRMED,Done,2018-08-16,CANDIDATE,0.999,0,0,0,0,q1_q17_dr25_sup_koi,NO_COMMENT,22.20809549,4.141e-05,-4.141e-05,206.35965,0.00135,-0.00135,2455039.36,0.00135,-0.00135,0.0,,,,,,0.017,0.308,-0.017,7.3327,0.0449,-0.0449,,,,463.2,5.4,-5.4,0.019714,0.000289,-0.000124,0.50398,0.00171,-0.11563,LS+MCMC,3.02,0.53,-0.28,0.1699,,,89.96,,,803.0,,,98.36,47.29,-24.5,23.5971,0.0801,-0.0801,Claret (2011 A&A 529 75) ATLAS LS,0.0,0.0,0.3016,0.3403,q1_q17_dr25_koi,11.958813,53.278522,92.7,2,58.0,1.0,q1_q17_dr25_tce,11111111111111111000000000000000,0.8971,Mandel and Agol (2002 ApJ 580 171),,,008/008121/008121310/dv/kplr008121310-20160209194854_dvr.pdf,008/008121/008121310/dv/kplr008121310-001-20160209194854_dvs.pdf,6336.0,113.0,-139.0,4.266,0.063,-0.117,0.34,0.1,-0.15,1.403,0.245,-0.132,1.324,0.092,-0.084,,,,q1_q17_dr25_stellar,298.81638,43.998039,12.885,13.199,12.852,12.751,12.734,11.915,11.745,11.67,0.032,19.9210938,4.5e-06,43.998007,4.3e-05,0.07,0.17,-0.12,0.15,-5.8e-05,8e-05,8.5e-05,7.1e-05,0.4,0.23,0.35,0.17,0.53,0.23,0.45,0.24,0.36,0.17,0.58,0.25,K00317,multi,thin,0.1301,True,thin,0.1301,862,883,21,candidate_in_category_with_unpublished_final_rejections,1.494,7089.9,4.205,0.066,1.595,-0.437,-1.499,-1.501,0.81,6563.0,1.668,0.0,2.0,False,False,False,missing
7262,5613330,K00649.02,,CANDIDATE,Done,2018-08-16,CANDIDATE,0.616,0,0,0,0,q1_q17_dr25_sup_koi,NO_COMMENT,10.2090268,0.0001879,-0.0001879,140.6805,0.0185,-0.0185,2454973.68,0.0185,-0.0185,0.0,,,,,,0.213,0.232,-0.213,6.264,0.564,-0.564,,,,36.7,4.4,-4.4,0.005552,0.000447,-0.000314,0.33386,0.18477,-0.15358,LS+MCMC,0.92,0.17,-0.13,0.1014,,,89.01,,,1058.0,,,296.42,148.26,-100.16,12.25,3.4,-3.4,Claret (2011 A&A 529 75) ATLAS LS,0.0,0.0,0.3077,0.344,q1_q17_dr25_koi,2.9493306,7.389698,9.8,2,126.0,2.0,q1_q17_dr25_tce,11111111111111111000000000000000,0.2794,Mandel and Agol (2002 ApJ 580 171),,,005/005613/005613330/dv/kplr005613330-20160209194854_dvr.pdf,005/005613/005613330/dv/kplr005613330-002-20160209194854_dvs.pdf,6188.0,110.0,-135.0,4.196,0.115,-0.126,0.44,0.05,-0.15,1.524,0.278,-0.228,1.33,0.1,-0.1,,,,q1_q17_dr25_stellar,289.77325,40.80072,13.31,13.666,13.238,13.157,13.058,12.235,11.959,11.903,0.0,19.318118,3.5e-05,40.80032,0.00039,-4.0,1.4,-1.4,1.4,0.000157,5.5e-05,5.4e-05,5.4e-05,0.2,1.3,0.56,0.59,0.59,0.68,0.2,1.4,0.49,0.64,0.55,0.88,K00649,multi,thin,0.0446,True,thin,0.0446,862,883,21,candidate_in_category_with_unpublished_final_rejections,1.497,6260.1,3.972,0.219,2.08,-0.786,-1.777,-1.791,2.05,6282.0,2.078,1.0,0.0,False,False,False,missing
3467,5613330,K00649.01,Kepler-635 b,CONFIRMED,Done,2018-08-16,CANDIDATE,1.0,0,0,0,0,q1_q17_dr25_sup_koi,NO_COMMENT,23.44970494,7.193e-05,-7.193e-05,182.92295,0.0024,-0.0024,2455015.923,0.0024,-0.0024,0.0,,,,,,0.193,0.232,-0.193,8.6567,0.0766,-0.0766,,,,315.6,5.0,-5.0,0.016268,0.000342,-0.000231,0.30321,0.01485,-0.11063,LS+MCMC,2.71,0.49,-0.41,0.1764,,,89.46,,,802.0,,,97.94,49.0,-33.09,20.66,1.0,-1.0,Claret (2011 A&A 529 75) ATLAS LS,0.0,0.0,0.3077,0.344,q1_q17_dr25_koi,8.48974,43.83411,67.9,2,60.0,1.0,q1_q17_dr25_tce,11111111111111111000000000000000,0.6247,Mandel and Agol (2002 ApJ 580 171),,,005/005613/005613330/dv/kplr005613330-20160209194854_dvr.pdf,005/005613/005613330/dv/kplr005613330-001-20160209194854_dvs.pdf,6188.0,110.0,-135.0,4.196,0.115,-0.126,0.44,0.05,-0.15,1.524,0.278,-0.228,1.33,0.1,-0.1,,,,q1_q17_dr25_stellar,289.77325,40.80072,13.31,13.666,13.238,13.157,13.058,12.235,11.959,11.903,0.0,19.3182128,5.6e-06,40.800592,6.2e-05,-0.13,0.23,-0.46,0.22,6.5e-05,7.4e-05,0.000142,7.2e-05,-0.01,0.14,0.0,0.17,0.01,0.14,0.04,0.15,-0.03,0.17,0.05,0.15,K00649,multi,thin,0.0446,True,thin,0.0446,862,883,21,candidate_in_category_with_unpublished_final_rejections,1.497,6260.1,3.972,0.219,2.08,-0.786,-1.777,-1.791,2.05,6282.0,2.078,1.0,0.0,False,False,False,missing
349,11013201,K00972.02,,CANDIDATE,Done,2018-08-16,CANDIDATE,0.0,0,0,0,0,q1_q17_dr25_sup_koi,LPP_ALT---CENT_SATURATED,7.82187328,2.242e-05,-2.242e-05,123.49907,0.00248,-0.00248,2454956.499,0.00248,-0.00248,0.0,,,,,,0.005,0.397,-0.005,3.8417,0.0707,-0.0707,,,,42.2,1.3,-1.3,0.006005,0.000172,-0.0001,1.18707,0.0734,-0.32452,LS+MCMC,2.78,0.15,-0.84,0.0975,,,89.98,,,2101.0,,,4601.71,836.19,-2569.52,15.658,0.968,-0.968,Claret (2011 A&A 529 75) ATLAS LS,0.0,0.0,0.2369,0.3715,q1_q17_dr25_koi,11.118767,20.88297,37.2,2,166.0,2.0,q1_q17_dr25_tce,11111111111111111000000000000000,0.8888,Mandel and Agol (2002 ApJ 580 171),,,011/011013/011013201/dv/kplr011013201-20160209194854_dvr.pdf,011/011013/011013201/dv/kplr011013201-002-20160209194854_dvs.pdf,7221.0,114.0,-171.0,3.488,0.272,-0.048,-0.18,0.15,-0.1,4.24,0.227,-1.284,2.018,0.029,-0.248,,,,q1_q17_dr25_stellar,282.00031,48.542221,9.275,9.265,9.278,9.392,9.493,8.816,8.765,8.736,,18.800049,2.7e-05,48.54236,0.0003,1.0,0.97,0.5,1.1,-2.6e-05,3.1e-05,,,-2.6,1.2,2.8,1.7,3.9,1.7,-4.7,1.2,3.0,1.8,5.6,1.7,K00972,multi,thin,0.0543,False,thin,0.0543,862,883,21,candidate_in_category_with_unpublished_final_rejections,1.559,7899.3,4.244,-0.181,1.557,-0.387,-1.483,-1.473,0.67,7200.0,1.648,0.0,0.0,False,False,False,missing
347,11013201,K00972.01,,CANDIDATE,Done,2018-08-16,CANDIDATE,0.632,0,0,0,0,q1_q17_dr25_sup_koi,CENT_SATURATED,13.118962443,6.039e-06,-6.039e-06,261.539434,0.000329,-0.000329,2455094.539,0.000329,-0.000329,0.0,,,,,,0.042,0.271,-0.042,4.3045,0.0122,-0.0122,,,,372.2,1.5,-1.5,0.017826,0.000163,-5.8e-05,1.46058,0.00221,-0.33196,LS+MCMC,8.25,0.45,-2.5,0.1376,,,89.9,,,1768.0,,,2310.43,419.83,-1290.11,23.6858,0.0358,-0.0358,Claret (2011 A&A 529 75) ATLAS LS,0.0,0.0,0.2369,0.3715,q1_q17_dr25_koi,25.880836,182.40976,267.4,2,103.0,1.0,q1_q17_dr25_tce,11111111111111111000000000000000,0.8905,Mandel and Agol (2002 ApJ 580 171),,,011/011013/011013201/dv/kplr011013201-20160209194854_dvr.pdf,011/011013/011013201/dv/kplr011013201-001-20160209194854_dvs.pdf,7221.0,114.0,-171.0,3.488,0.272,-0.048,-0.18,0.15,-0.1,4.24,0.227,-1.284,2.018,0.029,-0.248,,,,q1_q17_dr25_stellar,282.00031,48.542221,9.275,9.265,9.278,9.392,9.493,8.816,8.765,8.736,,18.8000076,3.1e-06,48.542446,3.4e-05,-0.49,0.11,0.81,0.12,0.000238,4e-05,,,-3.41,0.96,3.9,1.3,5.2,1.5,-3.21,0.81,4.3,1.1,5.4,1.3,K00972,multi,thin,0.0543,False,thin,0.0543,862,883,21,candidate_in_category_with_unpublished_final_rejections,1.559,7899.3,4.244,-0.181,1.557,-0.387,-1.483,-1.473,0.67,7200.0,1.648,0.0,0.0,False,False,False,missing
934,3640905,K01221.01,Kepler-278 b,CONFIRMED,Done,2018-08-16,CANDIDATE,1.0,0,0,0,0,q1_q17_dr25_sup_koi,NO_COMMENT,30.1599411,0.0001761,-0.0001761,138.51774,0.00484,-0.00484,2454971.518,0.00484,-0.00484,0.0,,,,,,0.802,0.021,-0.558,7.874,0.13,-0.13,,,,175.9,5.8,-5.8,0.013612,0.001892,-0.001655,0.12435,0.3576,-0.09355,LS+MCMC,4.54,0.3,-0.61,0.213,,,87.47,,,836.0,,,115.69,21.26,-35.56,18.15,8.7,-8.7,Claret (2011 A&A 529 75) ATLAS LS,0.0,0.0,0.1585,0.5703,q1_q17_dr25_koi,4.9868255,18.599192,32.3,2,44.0,1.0,q1_q17_dr25_tce,11111111111111111000000000000000,0.3745,Mandel and Agol (2002 ApJ 580 171),,,003/003640/003640905/dv/kplr003640905-20160209194854_dvr.pdf,003/003640/003640905/dv/kplr003640905-001-20160209194854_dvs.pdf,5010.0,51.0,-103.0,3.62,0.06,-0.055,0.24,0.1,-0.2,3.051,0.202,-0.404,1.414,0.099,-0.277,,,,q1_q17_dr25_stellar,290.10718,38.702229,11.584,12.328,11.497,11.265,11.126,10.047,9.581,9.465,0.0,19.3404709,6.2e-06,38.702383,8.3e-05,-0.33,0.26,0.55,0.3,-2.2e-05,4.6e-05,-0.000146,5.2e-05,0.32,0.26,0.21,0.31,0.39,0.28,0.38,0.26,0.4,0.3,0.55,0.29,K01221,multi,thin,0.1105,True,thin,0.1105,862,883,21,candidate_in_category_with_unpublished_final_rejections,1.379,5009.3,3.674,0.23,2.818,-1.218,-2.174,-2.081,3.4,5002.0,2.83,2.0,0.0,False,False,False,missing
935,3640905,K01221.02,Kepler-278 c,CONFIRMED,Done,2018-08-16,CANDIDATE,0.981,0,0,0,0,q1_q17_dr25_sup_koi,NO_COMMENT,51.0771048,0.0005573,-0.0005573,152.35694,0.0079,-0.0079,2454985.357,0.0079,-0.0079,0.0,,,,,,0.498,0.011,-0.443,11.233,0.249,-0.249,,,,141.5,6.2,-6.2,0.010971,0.002331,-0.000422,0.20697,0.11024,-0.02365,LS+MCMC,3.66,0.24,-0.49,0.3027,,,89.07,,,702.0,,,57.28,10.53,-17.6,30.56,8.1,-8.1,Claret (2011 A&A 529 75) ATLAS LS,0.0,0.0,0.1585,0.5703,q1_q17_dr25_koi,5.042655,13.911419,24.1,2,24.0,2.0,q1_q17_dr25_tce,11111111111111111000000000000000,0.4778,Mandel and Agol (2002 ApJ 580 171),,,003/003640/003640905/dv/kplr003640905-20160209194854_dvr.pdf,003/003640/003640905/dv/kplr003640905-002-20160209194854_dvs.pdf,5010.0,51.0,-103.0,3.62,0.06,-0.055,0.24,0.1,-0.2,3.051,0.202,-0.404,1.414,0.099,-0.277,,,,q1_q17_dr25_stellar,290.10718,38.702229,11.584,12.328,11.497,11.265,11.126,10.047,9.581,9.465,0.573,19.3404728,9.2e-06,38.7022,0.00013,-0.25,0.39,-0.12,0.46,-3e-05,5.6e-05,-2.4e-05,6.6e-05,0.11,0.28,-1.31,0.44,1.31,0.44,0.17,0.28,-1.18,0.48,1.2,0.48,K01221,multi,thin,0.1105,True,thin,0.1105,862,883,21,candidate_in_category_with_unpublished_final_rejections,1.379,5009.3,3.674,0.23,2.818,-1.218,-2.174,-2.081,3.4,5002.0,2.83,2.0,0.0,False,False,False,missing
1192,7869917,K01525.01,Kepler-880 b,CONFIRMED,Done,2018-08-16,CANDIDATE,1.0,0,0,0,0,q1_q17_dr25_sup_koi,NO_COMMENT,7.71467686,2.907e-05,-2.907e-05,133.55635,0.00331,-0.00331,2454966.556,0.00331,-0.00331,0.0,,,,,,0.899,0.029,-0.662,4.5871,0.0726,-0.0726,,,,233.9,7.6,-7.6,0.016382,0.000162,-0.002159,0.074,0.63679,-0.0302,LS+MCMC,4.65,0.93,-1.52,0.0915,,,81.59,,,1622.0,,,1636.72,987.17,-979.35,6.15,2.9,-2.9,Claret (2011 A&A 529 75) ATLAS LS,0.0,0.0,0.3299,0.2544,q1_q17_dr25_koi,5.1115084,31.662823,33.3,2,180.0,1.0,q1_q17_dr25_tce,11111111111111111000000000000000,0.3543,Mandel and Agol (2002 ApJ 580 171),,,007/007869/007869917/dv/kplr007869917-20160209194854_dvr.pdf,007/007869/007869917/dv/kplr007869917-001-20160209194854_dvs.pdf,6900.0,184.0,-204.0,3.843,0.259,-0.111,0.0,0.25,-0.3,2.599,0.523,-0.85,1.714,0.17,-0.316,,,,q1_q17_dr25_stellar,281.97125,43.672771,12.082,12.265,12.022,12.009,12.053,11.25,11.065,11.039,0.797,18.7980823,4.1e-06,43.672827,3.8e-05,-0.02,0.16,0.2,0.14,1.7e-05,3.5e-05,3e-06,3e-05,-0.06,0.13,0.15,0.19,0.16,0.19,0.02,0.14,0.4,0.2,0.4,0.19,K01525,multi,thin,0.0826,True,thin,0.0826,862,883,21,candidate_in_category_with_unpublished_final_rejections,1.409,6885.2,4.207,0.013,1.544,-0.422,-1.443,-1.463,1.12,6907.0,1.549,0.0,0.0,False,False,False,missing
5099,7869917,K01525.02,Kepler-880 c,CONFIRMED,Done,2018-08-16,CANDIDATE,0.981,0,0,0,0,q1_q17_dr25_sup_koi,NO_COMMENT,11.8061737,0.0001518,-0.0001518,138.2641,0.0107,-0.0107,2454971.264,0.0107,-0.0107,0.0,,,,,,0.905,0.059,-0.711,4.472,0.261,-0.261,,,,88.1,9.4,-9.4,0.010108,0.001101,-0.001587,0.10161,1.17278,-0.08032,LS+MCMC,2.87,0.58,-0.94,0.1216,,,84.28,,,1407.0,,,926.72,558.94,-554.52,9.08,4.4,-4.4,Claret (2011 A&A 529 75) ATLAS LS,0.0,0.0,0.3299,0.2544,q1_q17_dr25_koi,3.748976,12.1275425,10.1,2,107.0,2.0,q1_q17_dr25_tce,11111111111111111000000000000000,0.984,Mandel and Agol (2002 ApJ 580 171),,,007/007869/007869917/dv/kplr007869917-20160209194854_dvr.pdf,007/007869/007869917/dv/kplr007869917-002-20160209194854_dvs.pdf,6900.0,184.0,-204.0,3.843,0.259,-0.111,0.0,0.25,-0.3,2.599,0.523,-0.85,1.714,0.17,-0.316,,,,q1_q17_dr25_stellar,281.97125,43.672771,12.082,12.265,12.022,12.009,12.053,11.25,11.065,11.039,0.087,18.798068,1e-05,43.672832,9.3e-05,-0.59,0.39,0.22,0.34,7.1e-05,4.3e-05,-1e-06,3.7e-05,0.37,0.39,0.38,0.48,0.53,0.53,0.49,0.34,0.67,0.43,0.84,0.46,K01525,multi,thin,0.0826,True,thin,0.0826,862,883,21,candidate_in_category_with_unpublished_final_rejections,1.409,6885.2,4.207,0.013,1.544,-0.422,-1.443,-1.463,1.12,6907.0,1.549,0.0,0.0,False,False,False,missing
5592,5202905,K01932.02,Kepler-340 b,CONFIRMED,Done,2018-08-16,CANDIDATE,0.636,0,0,0,0,q1_q17_dr25_sup_koi,NO_COMMENT,14.8444836,0.0002121,-0.0002121,143.576,0.0115,-0.0115,2454976.576,0.0115,-0.0115,0.0,,,,,,0.149,0.316,-0.149,6.091,0.356,-0.356,,,,177.9,19.2,-19.2,0.012341,0.000899,-0.000702,0.55705,0.21587,-0.18225,LS+MCMC,2.49,0.44,-0.54,0.1329,,,89.54,,,1092.0,,,336.06,159.3,-148.42,18.65,7.2,-7.2,Claret (2011 A&A 529 75) ATLAS LS,0.0,0.0,0.3218,0.2736,q1_q17_dr25_koi,5.929023,24.633482,10.5,2,74.0,2.0,q1_q17_dr25_tce,11111011101110111000000000000000,0.7595,Mandel and Agol (2002 ApJ 580 171),,,005/005202/005202905/dv/kplr005202905-20160209194854_dvr.pdf,005/005202/005202905/dv/kplr005202905-002-20160209194854_dvs.pdf,6642.0,105.0,-157.0,4.057,0.174,-0.116,-0.02,0.15,-0.15,1.846,0.326,-0.399,1.421,0.109,-0.164,,,,q1_q17_dr25_stellar,295.93347,40.300571,12.345,12.404,12.325,12.366,12.398,11.725,11.629,11.583,0.0,19.7289151,7.7e-06,40.300691,9.6e-05,0.71,0.32,0.44,0.35,-0.00014,5.2e-05,-5.5e-05,5.7e-05,0.32,0.46,-0.22,0.26,0.39,0.39,0.4,0.44,-0.15,0.25,0.43,0.4,K01932,multi,thin,0.0461,False,thin,0.0461,862,883,21,candidate_in_category_with_unpublished_final_rejections,1.633,8108.7,4.286,-0.122,1.516,-0.335,-1.43,-1.423,0.33,6620.0,1.676,0.0,0.0,False,False,False,missing
1565,5202905,K01932.01,Kepler-340 c,CONFIRMED,Done,2018-08-16,CANDIDATE,0.944,0,0,0,0,q1_q17_dr25_sup_koi,NO_COMMENT,22.8245144,0.000235,-0.000235,144.46843,0.00848,-0.00848,2454977.468,0.00848,-0.00848,0.0,,,,,,0.279,0.175,-0.279,6.617,0.3,-0.3,,,,322.7,22.4,-22.4,0.016692,0.000708,-0.000708,0.62132,0.11852,-0.2301,LS+MCMC,3.36,0.6,-0.72,0.177,,,89.38,,,946.0,,,189.46,89.81,-83.67,25.77,4.9,-4.9,Claret (2011 A&A 529 75) ATLAS LS,0.0,0.0,0.3218,0.2736,q1_q17_dr25_koi,7.4408913,35.568695,15.9,2,48.0,1.0,q1_q17_dr25_tce,11111011101110111000000000000000,0.5772,Mandel and Agol (2002 ApJ 580 171),,,005/005202/005202905/dv/kplr005202905-20160209194854_dvr.pdf,005/005202/005202905/dv/kplr005202905-001-20160209194854_dvs.pdf,6642.0,105.0,-157.0,4.057,0.174,-0.116,-0.02,0.15,-0.15,1.846,0.326,-0.399,1.421,0.109,-0.164,,,,q1_q17_dr25_stellar,295.93347,40.300571,12.345,12.404,12.325,12.366,12.398,11.725,11.629,11.583,0.625,19.7288971,5.1e-06,40.300574,6.4e-05,-0.04,0.21,0.01,0.23,-3.2e-05,6.2e-05,2.5e-05,6.8e-05,-0.2,0.29,0.25,0.22,0.32,0.23,-0.11,0.26,0.43,0.23,0.44,0.22,K01932,multi,thin,0.0461,False,thin,0.0461,862,883,21,candidate_in_category_with_unpublished_final_rejections,1.633,8108.7,4.286,-0.122,1.516,-0.335,-1.43,-1.423,0.33,6620.0,1.676,0.0,0.0,False,False,False,missing
1567,5384079,K02011.01,Kepler-348 b,CONFIRMED,Done,2018-08-16,CANDIDATE,0.989,0,0,0,0,q1_q17_dr25_sup_koi,NO_COMMENT,7.05675145,2.052e-05,-2.052e-05,132.53512,0.00231,-0.00231,2454965.535,0.00231,-0.00231,0.0,,,,,,0.631,0.307,-0.409,2.0261,0.0744,-0.0744,,,,130.0,6.0,-6.0,0.010978,0.002317,-0.000475,3.5363,3.70882,-3.24155,LS+MCMC,1.68,0.32,-0.21,0.0778,,,88.28,,,1196.0,,,483.95,252.62,-146.37,21.04,7.4,-7.4,Claret (2011 A&A 529 75) ATLAS LS,0.0,0.0,0.3168,0.2958,q1_q17_dr25_koi,4.9753275,23.796177,25.2,2,181.0,1.0,q1_q17_dr25_tce,11111111111111111000000000000000,0.7142,Mandel and Agol (2002 ApJ 580 171),,,005/005384/005384079/dv/kplr005384079-20160209194854_dvr.pdf,005/005384/005384079/dv/kplr005384079-001-20160209194854_dvs.pdf,6388.0,115.0,-140.0,4.244,0.088,-0.121,0.1,0.15,-0.2,1.402,0.267,-0.178,1.259,0.103,-0.113,,,,q1_q17_dr25_stellar,297.25504,40.54837,12.556,12.875,12.5,12.419,12.447,11.708,11.454,11.377,0.024,19.817008,1.2e-05,40.54866,0.00013,0.2,0.49,1.05,0.45,-3.9e-05,6e-05,-7.6e-05,5.6e-05,0.39,0.19,-0.27,0.22,0.48,0.2,0.39,0.2,-0.13,0.22,0.41,0.2,K02011,multi,thin,0.0949,True,thin,0.0949,862,883,21,candidate_in_category_with_unpublished_final_rejections,1.296,6744.0,4.328,-0.104,1.289,-0.223,-1.422,-1.41,0.52,6421.0,1.319,0.0,0.0,False,False,False,missing
5270,5384079,K02011.02,Kepler-348 c,CONFIRMED,Done,2018-08-16,CANDIDATE,0.947,0,0,0,0,q1_q17_dr25_sup_koi,NO_COMMENT,17.2653659,0.0001965,-0.0001965,135.3549,0.00843,-0.00843,2454968.355,0.00843,-0.00843,0.0,,,,,,0.007,0.452,-0.007,5.02,0.234,-0.234,,,,67.9,5.5,-5.5,0.007577,0.000438,-0.000288,1.17794,0.14647,-0.51356,LS+MCMC,1.16,0.22,-0.15,0.1412,,,89.99,,,888.0,,,146.92,76.7,-44.43,26.48,3.3,-3.3,Claret (2011 A&A 529 75) ATLAS LS,0.0,0.0,0.3168,0.2958,q1_q17_dr25_koi,4.0386195,12.769484,13.9,2,77.0,2.0,q1_q17_dr25_tce,11111111111111111000000000000000,0.9443,Mandel and Agol (2002 ApJ 580 171),,,005/005384/005384079/dv/kplr005384079-20160209194854_dvr.pdf,005/005384/005384079/dv/kplr005384079-002-20160209194854_dvs.pdf,6388.0,115.0,-140.0,4.244,0.088,-0.121,0.1,0.15,-0.2,1.402,0.267,-0.178,1.259,0.103,-0.113,,,,q1_q17_dr25_stellar,297.25504,40.54837,12.556,12.875,12.5,12.419,12.447,11.708,11.454,11.377,0.446,19.817011,1.9e-05,40.54839,0.00019,0.33,0.76,0.07,0.7,-3.6e-05,6.2e-05,2.9e-05,5.7e-05,0.36,0.42,0.46,0.34,0.59,0.37,0.39,0.42,0.63,0.33,0.74,0.36,K02011,multi,thin,0.0949,True,thin,0.0949,862,883,21,candidate_in_category_with_unpublished_final_rejections,1.296,6744.0,4.328,-0.104,1.289,-0.223,-1.422,-1.41,0.52,6421.0,1.319,0.0,0.0,False,False,False,missing
1949,4770617,K02243.01,Kepler-1154 b,CONFIRMED,Done,2018-08-16,CANDIDATE,1.0,0,0,0,0,q1_q17_dr25_sup_koi,CENT_KIC_POS,5.18560081,2.084e-05,-2.084e-05,132.32455,0.00322,-0.00322,2454965.325,0.00322,-0.00322,0.0,,,,,,0.012,0.424,-0.012,4.054,0.097,-0.097,,,,252.6,10.0,-10.0,0.014547,0.000562,-0.000276,0.68894,0.04202,-0.23555,LS+MCMC,2.34,0.47,-0.4,0.0631,,,89.93,,,1314.0,,,705.79,368.41,-243.79,9.931,0.606,-0.606,Claret (2011 A&A 529 75) ATLAS LS,0.0,0.0,0.3061,0.3279,q1_q17_dr25_koi,4.41703,22.708656,27.6,3,261.0,1.0,q1_q17_dr25_tce,11111111111111111000000000000000,0.0973,Mandel and Agol (2002 ApJ 580 171),,,004/004770/004770617/dv/kplr004770617-20160209194854_dvr.pdf,004/004770/004770617/dv/kplr004770617-001-20160209194854_dvs.pdf,6172.0,74.0,-86.0,4.198,0.13,-0.13,0.16,0.15,-0.15,1.471,0.301,-0.247,1.25,0.095,-0.116,,,,q1_q17_dr25_stellar,297.47711,39.877239,14.806,15.245,14.76,14.618,14.575,13.706,13.417,13.348,0.0,19.831818,7.7e-06,39.87721,0.00012,0.41,0.32,-0.12,0.44,0.000116,7.9e-05,0.00045,0.00011,-0.37,0.43,-0.22,0.51,0.43,0.5,0.11,0.45,0.38,0.49,0.4,0.53,K02243,multi,thin,0.0471,False,thin,0.0471,862,883,21,candidate_in_category_with_unpublished_final_rejections,1.314,6670.1,4.294,-0.013,1.35,-0.278,-1.291,-1.279,0.84,6170.0,1.414,0.0,0.0,False,False,False,missing
3693,4770617,K02243.02,Kepler-1154 c,CONFIRMED,Done,2018-08-16,CANDIDATE,0.992,0,0,0,0,q1_q17_dr25_sup_koi,CENT_KIC_POS,8.45805119,4.522e-05,-4.522e-05,137.06123,0.0044,-0.0044,2454970.061,0.0044,-0.0044,0.0,,,,,,0.697,0.018,-0.522,2.998,0.126,-0.126,,,,258.7,15.5,-15.5,0.015703,0.00411,-0.001044,1.07235,1.62359,-0.97691,LS+MCMC,2.52,0.52,-0.42,0.0875,,,87.5,,,1117.0,,,367.05,191.58,-126.79,15.95,6.0,-6.0,Claret (2011 A&A 529 75) ATLAS LS,0.0,0.0,0.3061,0.3279,q1_q17_dr25_koi,4.2561727,16.042082,18.3,3,140.0,2.0,q1_q17_dr25_tce,11111111111111111000000000000000,0.7133,Mandel and Agol (2002 ApJ 580 171),,,004/004770/004770617/dv/kplr004770617-20160209194854_dvr.pdf,004/004770/004770617/dv/kplr004770617-002-20160209194854_dvs.pdf,6172.0,74.0,-86.0,4.198,0.13,-0.13,0.16,0.15,-0.15,1.471,0.301,-0.247,1.25,0.095,-0.116,,,,q1_q17_dr25_stellar,297.47711,39.877239,14.806,15.245,14.76,14.618,14.575,13.706,13.417,13.348,0.0,19.831814,1.1e-05,39.87722,0.00017,0.27,0.45,-0.07,0.63,0.00016,0.00012,0.00047,0.00016,-0.27,0.23,-1.4,0.55,1.43,0.54,0.29,0.23,-0.79,0.55,0.84,0.52,K02243,multi,thin,0.0471,False,thin,0.0471,862,883,21,candidate_in_category_with_unpublished_final_rejections,1.314,6670.1,4.294,-0.013,1.35,-0.278,-1.291,-1.279,0.84,6170.0,1.414,0.0,0.0,False,False,False,missing
2922,4770617,K02243.03,,CANDIDATE,Done,2018-08-16,CANDIDATE,0.972,0,0,0,0,q1_q17_dr25_sup_koi,CENT_KIC_POS,31.4452709,0.0001698,-0.0001698,154.58136,0.00513,-0.00513,2454987.581,0.00513,-0.00513,0.0,,,,,,0.97,0.006,-0.725,1.758,0.108,-0.108,,,,531.1,48.1,-48.1,0.028295,0.00171,-0.008018,1.93177,107.54565,-0.41916,LS+MCMC,4.55,0.93,-0.77,0.2099,,,88.81,,,721.0,,,63.78,33.3,-22.03,46.6,23.1,-23.1,Claret (2011 A&A 529 75) ATLAS LS,0.0,0.0,0.3061,0.3279,q1_q17_dr25_koi,4.8942747,9.441151,12.7,3,38.0,3.0,q1_q17_dr25_tce,11111111111111111000000000000000,0.8982,Mandel and Agol (2002 ApJ 580 171),,,004/004770/004770617/dv/kplr004770617-20160209194854_dvr.pdf,004/004770/004770617/dv/kplr004770617-003-20160209194854_dvs.pdf,6172.0,74.0,-86.0,4.198,0.13,-0.13,0.16,0.15,-0.15,1.471,0.301,-0.247,1.25,0.095,-0.116,,,,q1_q17_dr25_stellar,297.47711,39.877239,14.806,15.245,14.76,14.618,14.575,13.706,13.417,13.348,0.835,19.831825,1.8e-05,39.87766,0.00027,0.69,0.74,1.52,0.99,9e-05,0.00034,0.0001,0.00046,-0.14,0.65,-0.22,0.79,0.27,0.77,0.43,0.6,0.48,0.75,0.64,0.73,K02243,multi,thin,0.0471,False,thin,0.0471,862,883,21,candidate_in_category_with_unpublished_final_rejections,1.314,6670.1,4.294,-0.013,1.35,-0.278,-1.291,-1.279,0.84,6170.0,1.414,0.0,0.0,False,False,False,missing
2239,2305866,K02610.01,,CANDIDATE,Done,2018-08-16,CANDIDATE,0.966,0,0,0,0,q1_q17_dr25_sup_koi,NO_COMMENT,24.1073172,0.0002662,-0.0002662,145.9415,0.00998,-0.00998,2454978.942,0.00998,-0.00998,0.0,,,,,,0.693,0.235,-0.468,10.465,0.273,-0.273,,,,104.2,4.9,-4.9,0.009958,0.001855,-0.000558,0.07085,0.09925,-0.05999,LS+MCMC,2.74,0.65,-1.31,0.1872,,,86.94,,,1065.0,,,304.22,216.75,-233.31,12.96,6.1,-6.1,Claret (2011 A&A 529 75) ATLAS LS,0.0,0.0,0.311,0.2938,q1_q17_dr25_koi,4.727476,12.200507,23.6,2,58.0,1.0,q1_q17_dr25_tce,11111111111111111000000000000000,0.8069,Mandel and Agol (2002 ApJ 580 171),,,002/002305/002305866/dv/kplr002305866-20160209194854_dvr.pdf,002/002305/002305866/dv/kplr002305866-001-20160209194854_dvs.pdf,6585.0,182.0,-250.0,3.813,0.448,-0.112,-0.08,0.25,-0.3,2.517,0.602,-1.204,1.502,0.211,-0.362,,,,q1_q17_dr25_stellar,292.09332,37.61348,12.605,12.969,12.547,12.449,,11.529,11.34,11.271,0.158,19.472899,1.3e-05,37.61333,0.00019,0.44,0.55,-0.53,0.68,-5.2e-05,5.8e-05,5.2e-05,7.1e-05,-0.03,0.59,-0.77,0.49,0.77,0.48,-0.08,0.67,-0.74,0.5,0.75,0.49,K02610,multi,thin,0.0448,True,thin,0.0448,862,883,21,candidate_in_category_with_unpublished_final_rejections,1.552,6541.5,3.9,0.014,2.304,-0.903,-1.904,-1.934,1.68,6576.0,2.323,0.0,0.0,False,False,False,missing
2621,11071200,K02696.02,,CANDIDATE,Done,2018-08-16,CANDIDATE,0.992,0,0,0,0,q1_q17_dr25_sup_koi,NO_COMMENT,44.5643831,0.0003501,-0.0003501,143.43526,0.00604,-0.00604,2454976.435,0.00604,-0.00604,0.0,,,,,,0.851,0.042,-0.577,7.874,0.178,-0.178,,,,360.5,14.4,-14.4,0.019632,0.001142,-0.002159,0.13718,0.64597,-0.09062,LS+MCMC,5.8,1.04,-1.93,0.2941,,,88.0,,,940.0,,,184.67,101.75,-112.33,24.3,11.5,-11.5,Claret (2011 A&A 529 75) ATLAS LS,0.0,0.0,0.3259,0.2559,q1_q17_dr25_koi,6.449726,21.775496,27.0,2,24.0,2.0,q1_q17_dr25_tce,11111110111011101000000000000000,0.5888,Mandel and Agol (2002 ApJ 580 171),,,011/011071/011071200/dv/kplr011071200-20160209194854_dvr.pdf,011/011071/011071200/dv/kplr011071200-002-20160209194854_dvs.pdf,7029.0,194.0,-219.0,3.806,0.277,-0.092,-0.16,0.3,-0.3,2.704,0.485,-0.901,1.704,0.174,-0.349,,,,q1_q17_dr25_stellar,284.41592,48.65802,12.998,13.172,12.94,12.901,12.947,12.188,12.032,11.95,0.067,18.9610561,9.2e-06,48.657871,8.8e-05,-0.21,0.33,-0.54,0.32,4e-05,0.00011,0.00013,0.00011,0.16,0.3,-0.19,0.36,0.24,0.35,0.24,0.29,-0.34,0.38,0.41,0.37,K02696,multi,thin,0.0487,False,thin,0.0487,862,883,21,candidate_in_category_with_unpublished_final_rejections,1.387,6949.9,4.176,-0.1,1.585,-0.464,-1.424,-1.496,1.4,7036.0,1.588,0.0,0.0,False,False,False,missing
2620,11071200,K02696.01,,CANDIDATE,Done,2018-08-16,CANDIDATE,0.996,0,0,0,0,q1_q17_dr25_sup_koi,NO_COMMENT,96.4562198,0.0004226,-0.0004226,214.74931,0.00341,-0.00341,2455047.749,0.00341,-0.00341,0.0,,,,,,0.775,0.114,-0.526,11.195,0.166,-0.166,,,,950.5,18.3,-18.3,0.030816,0.002288,-0.002083,0.18221,0.41533,-0.00399,LS+MCMC,9.1,1.63,-3.03,0.4921,,,89.01,,,727.0,,,65.96,36.34,-40.12,44.7,20.4,-20.4,Claret (2011 A&A 529 75) ATLAS LS,0.0,0.0,0.3259,0.2559,q1_q17_dr25_koi,14.380493,39.718987,54.6,2,11.0,1.0,q1_q17_dr25_tce,11111110111011101000000000000000,0.005,Mandel and Agol (2002 ApJ 580 171),,,011/011071/011071200/dv/kplr011071200-20160209194854_dvr.pdf,011/011071/011071200/dv/kplr011071200-001-20160209194854_dvs.pdf,7029.0,194.0,-219.0,3.806,0.277,-0.092,-0.16,0.3,-0.3,2.704,0.485,-0.901,1.704,0.174,-0.349,,,,q1_q17_dr25_stellar,284.41592,48.65802,12.998,13.172,12.94,12.901,12.947,12.188,12.032,11.95,0.397,18.9610653,4.9e-06,48.657981,4.9e-05,0.12,0.18,-0.14,0.18,-0.00018,0.00016,0.0,0.00017,-0.23,0.23,-0.31,0.24,0.39,0.24,-0.16,0.24,-0.45,0.25,0.48,0.25,K02696,multi,thin,0.0487,False,thin,0.0487,862,883,21,candidate_in_category_with_unpublished_final_rejections,1.387,6949.9,4.176,-0.1,1.585,-0.464,-1.424,-1.496,1.4,7036.0,1.588,0.0,0.0,False,False,False,missing
3138,7017274,K03209.02,,CANDIDATE,Done,2018-08-16,CANDIDATE,0.57,0,0,0,0,q1_q17_dr25_sup_koi,NO_COMMENT,6.77067637,5.734e-05,-5.734e-05,133.34914,0.00695,-0.00695,2454966.349,0.00695,-0.00695,0.0,,,,,,0.127,0.322,-0.127,5.982,0.184,-0.184,,,,65.8,3.7,-3.7,0.00746,0.000306,-0.000277,0.26816,0.0164,-0.10729,LS+MCMC,1.9,0.41,-0.61,0.0812,,,89.16,,,1499.0,,,1193.45,655.67,-674.75,8.662,0.53,-0.53,Claret (2011 A&A 529 75) ATLAS LS,0.0,0.0,0.3061,0.3279,q1_q17_dr25_koi,3.3418858,9.905856,19.6,2,187.0,2.0,q1_q17_dr25_tce,11111111111111111000000000000000,0.675,Mandel and Agol (2002 ApJ 580 171),,,007/007017/007017274/dv/kplr007017274-20160209194854_dvr.pdf,007/007017/007017274/dv/kplr007017274-002-20160209194854_dvs.pdf,6337.0,76.0,-82.0,3.893,0.253,-0.136,0.16,0.15,-0.15,2.335,0.503,-0.755,1.556,0.167,-0.272,,,,q1_q17_dr25_stellar,285.92322,42.54985,11.915,12.125,11.845,11.778,11.798,11.02,10.75,10.745,0.46,19.0615731,8.8e-06,42.54961,0.00011,1.0,0.35,-0.86,0.38,7e-06,2.1e-05,-1.3e-05,2.2e-05,-0.41,0.43,0.77,0.34,0.87,0.42,-0.39,0.44,0.73,0.32,0.83,0.41,K03209,multi,thin,0.0532,True,thin,0.0532,862,883,21,candidate_in_category_with_unpublished_final_rejections,1.557,6608.9,3.943,0.061,2.195,-0.84,-1.837,-1.881,1.6,6336.0,2.259,1.0,0.0,False,False,False,missing
4709,7017274,K03209.01,,CANDIDATE,Done,2018-08-16,CANDIDATE,0.995,0,0,0,0,q1_q17_dr25_sup_koi,NO_COMMENT,11.91256675,8.508e-05,-8.508e-05,143.15988,0.00554,-0.00554,2454976.16,0.00554,-0.00554,0.0,,,,,,0.174,0.263,-0.174,6.126,0.153,-0.153,,,,123.1,4.8,-4.8,0.010217,0.000296,-0.000326,0.43181,0.05164,-0.12331,LS+MCMC,2.61,0.56,-0.85,0.1183,,,89.33,,,1242.0,,,562.27,308.91,-317.89,14.8,1.8,-1.8,Claret (2011 A&A 529 75) ATLAS LS,0.0,0.0,0.3061,0.3279,q1_q17_dr25_koi,4.2669125,15.7930565,27.8,2,112.0,1.0,q1_q17_dr25_tce,11111111111111111000000000000000,0.3392,Mandel and Agol (2002 ApJ 580 171),,,007/007017/007017274/dv/kplr007017274-20160209194854_dvr.pdf,007/007017/007017274/dv/kplr007017274-001-20160209194854_dvs.pdf,6337.0,76.0,-82.0,3.893,0.253,-0.136,0.16,0.15,-0.15,2.335,0.503,-0.755,1.556,0.167,-0.272,,,,q1_q17_dr25_stellar,285.92322,42.54985,11.915,12.125,11.845,11.778,11.798,11.02,10.75,10.745,0.341,19.0615697,6e-06,42.549553,7.2e-05,0.86,0.24,-1.07,0.26,2.9e-05,2.8e-05,-2e-06,3e-05,0.08,0.3,0.56,0.37,0.56,0.39,0.11,0.28,0.53,0.33,0.54,0.35,K03209,multi,thin,0.0532,True,thin,0.0532,862,883,21,candidate_in_category_with_unpublished_final_rejections,1.557,6608.9,3.943,0.061,2.195,-0.84,-1.837,-1.881,1.6,6336.0,2.259,1.0,0.0,False,False,False,missing
3186,5544450,K03226.02,,CANDIDATE,Done,2018-08-16,CANDIDATE,0.995,0,0,0,0,q1_q17_dr25_sup_koi,NO_COMMENT,6.93650854,8.196e-05,-8.196e-05,133.98309,0.00948,-0.00948,2454966.983,0.00948,-0.00948,0.0,,,,,,0.331,0.131,-0.331,3.674,0.27,-0.27,,,,88.7,8.9,-8.9,0.008773,0.000482,-0.000551,1.02361,0.34111,-0.50242,LS+MCMC,1.51,0.28,-0.21,0.0786,,,88.62,,,1305.0,,,687.21,322.55,-203.54,13.76,4.6,-4.6,Claret (2011 A&A 529 75) ATLAS LS,0.0,0.0,0.3132,0.2951,q1_q17_dr25_koi,3.2453425,8.556,11.3,2,143.0,2.0,q1_q17_dr25_tce,11111011101110111000000000000000,0.5636,Mandel and Agol (2002 ApJ 580 171),,,005/005544/005544450/dv/kplr005544450-20160209194854_dvr.pdf,005/005544/005544450/dv/kplr005544450-002-20160209194854_dvs.pdf,6615.0,65.0,-92.0,4.173,0.108,-0.132,0.04,0.15,-0.2,1.574,0.297,-0.216,1.343,0.111,-0.1,,,,q1_q17_dr25_stellar,294.89734,40.798168,12.209,12.422,12.139,12.096,12.097,11.364,11.123,11.126,0.002,19.659818,1e-05,40.798041,9.9e-05,-0.18,0.42,-0.46,0.36,3e-05,3.7e-05,5.5e-05,3.1e-05,0.0,0.24,-0.17,0.35,0.17,0.34,0.02,0.22,-0.15,0.35,0.15,0.36,K03226,multi,thin,0.0642,True,thin,0.0642,862,883,21,candidate_in_category_with_unpublished_final_rejections,1.375,6787.7,4.248,0.041,1.457,-0.355,-1.438,-1.438,0.97,6604.0,1.486,0.0,0.0,False,False,False,missing
5145,5621333,K03341.02,,CANDIDATE,Done,2018-08-16,CANDIDATE,0.937,0,0,0,0,q1_q17_dr25_sup_koi,NO_COMMENT,11.5474983,0.000164,-0.000164,139.9777,0.0129,-0.0129,2454972.978,0.0129,-0.0129,0.0,,,,,,0.495,0.462,-0.285,6.684,0.365,-0.365,,,,115.5,10.7,-10.7,0.010036,0.000306,-0.00084,0.22364,0.17761,-0.02204,LS+MCMC,1.48,0.24,-0.29,0.1014,,,87.56,,,930.0,,,176.97,75.14,-69.23,11.64,4.6,-4.6,Claret (2011 A&A 529 75) ATLAS LS,0.0,0.0,0.2638,0.4046,q1_q17_dr25_koi,3.3055933,9.804899,12.3,2,112.0,2.0,q1_q17_dr25_tce,11111111111111111000000000000000,0.9381,Mandel and Agol (2002 ApJ 580 171),,,005/005621/005621333/dv/kplr005621333-20160209194854_dvr.pdf,005/005621/005621333/dv/kplr005621333-002-20160209194854_dvs.pdf,5775.0,78.0,-78.0,4.193,0.162,-0.108,0.14,0.15,-0.15,1.352,0.219,-0.268,1.038,0.09,-0.065,,,,q1_q17_dr25_stellar,292.22977,40.808949,14.886,15.341,14.83,14.692,14.625,13.75,13.465,13.394,0.9,19.48195,3.2e-05,40.80893,0.00029,-1.4,1.3,-0.1,1.0,-2e-05,0.00014,2e-05,0.00011,-0.4,1.5,-0.7,1.2,0.8,1.4,-0.6,1.4,-0.7,1.0,0.9,1.4,K03341,multi,thin,0.2975,True,thin,0.2975,862,883,21,candidate_in_category_with_unpublished_final_rejections,1.262,5950.4,3.982,0.11,1.89,-0.737,-1.474,-1.539,4.15,5773.0,1.977,1.0,2.0,False,False,False,missing
5144,5621333,K03341.01,,CANDIDATE,Done,2018-08-16,CANDIDATE,0.985,0,0,0,0,q1_q17_dr25_sup_koi,NO_COMMENT,27.0965146,0.0004876,-0.0004876,139.3521,0.0115,-0.0115,2454972.352,0.0115,-0.0115,0.0,,,,,,0.769,0.184,-0.554,8.42,0.401,-0.401,,,,208.4,13.5,-13.5,0.014451,0.002704,-0.001469,0.11159,0.2664,-0.02431,LS+MCMC,2.13,0.35,-0.42,0.179,,,87.3,,,700.0,,,56.79,24.11,-22.22,16.3,7.8,-7.8,Claret (2011 A&A 529 75) ATLAS LS,0.0,0.0,0.2638,0.4046,q1_q17_dr25_koi,4.3452373,14.673198,16.4,2,52.0,1.0,q1_q17_dr25_tce,11111111111111111000000000000000,0.368,Mandel and Agol (2002 ApJ 580 171),,,005/005621/005621333/dv/kplr005621333-20160209194854_dvr.pdf,005/005621/005621333/dv/kplr005621333-001-20160209194854_dvs.pdf,5775.0,78.0,-78.0,4.193,0.162,-0.108,0.14,0.15,-0.15,1.352,0.219,-0.268,1.038,0.09,-0.065,,,,q1_q17_dr25_stellar,292.22977,40.808949,14.886,15.341,14.83,14.692,14.625,13.75,13.465,13.394,0.053,19.481987,2.3e-05,40.80904,0.00021,0.12,0.96,0.34,0.76,-0.00034,0.00019,-3e-05,0.00015,0.54,0.56,-0.96,0.56,1.1,0.56,0.35,0.55,-0.99,0.55,1.05,0.55,K03341,multi,thin,0.2975,True,thin,0.2975,862,883,21,candidate_in_category_with_unpublished_final_rejections,1.262,5950.4,3.982,0.11,1.89,-0.737,-1.474,-1.539,4.15,5773.0,1.977,1.0,2.0,False,False,False,missing
5055,3561464,K03398.03,,CANDIDATE,Done,2018-08-16,CANDIDATE,0.994,0,0,0,0,q1_q17_dr25_sup_koi,CENT_KIC_POS,4.32710579,6.045e-05,-6.045e-05,131.5891,0.0125,-0.0125,2454964.589,0.0125,-0.0125,0.0,,,,,,0.025,0.426,-0.025,3.872,0.314,-0.314,,,,84.1,10.0,-10.0,0.008287,0.000645,-0.000525,0.64844,0.08346,-0.34934,LS+MCMC,3.58,0.62,-1.25,0.0633,,,89.83,,,2004.0,,,3805.87,1760.47,-2272.59,8.63,1.1,-1.1,Claret (2011 A&A 529 75) ATLAS LS,0.0,0.0,0.2657,0.4109,q1_q17_dr25_koi,3.7869942,9.682645,9.5,3,224.0,3.0,q1_q17_dr25_tce,11111011101110111000000000000000,0.9001,Mandel and Agol (2002 ApJ 580 171),,,003/003561/003561464/dv/kplr003561464-20160209194854_dvr.pdf,003/003561/003561464/dv/kplr003561464-003-20160209194854_dvs.pdf,5745.0,86.0,-77.0,3.499,0.259,-0.129,0.4,0.05,-0.15,3.955,0.688,-1.376,1.801,0.193,-0.359,,,,q1_q17_dr25_stellar,295.49811,38.644501,13.489,13.786,13.445,13.361,13.349,12.556,12.311,12.289,0.068,19.699888,1.6e-05,38.64417,0.00018,0.58,0.66,-1.19,0.66,-5.9e-05,6.4e-05,6.2e-05,6.4e-05,0.16,0.64,0.16,0.87,0.23,0.77,0.04,0.66,-0.2,1.0,0.2,0.99,K03398,multi,thin,0.3682,False,thin,0.3682,862,883,21,candidate_in_category_with_unpublished_final_rejections,1.386,6674.5,4.229,0.115,1.494,-0.386,-1.443,-1.449,1.12,5750.0,1.63,1.0,0.0,False,False,False,missing
5052,3561464,K03398.01,Kepler-1487 b,CONFIRMED,Done,2018-08-16,CANDIDATE,0.002,0,0,0,0,q1_q17_dr25_sup_koi,LPP_DV---CENT_KIC_POS,7.31945294,6.16e-05,-6.16e-05,137.22065,0.00739,-0.00739,2454970.221,0.00739,-0.00739,0.0,,,,,,0.112,0.342,-0.112,4.881,0.228,-0.228,,,,166.8,11.1,-11.1,0.011683,0.000581,-0.000506,0.54182,0.07312,-0.22365,LS+MCMC,5.05,0.87,-1.76,0.0898,,,89.44,,,1682.0,,,1891.07,874.75,-1129.21,11.53,1.6,-1.6,Claret (2011 A&A 529 75) ATLAS LS,0.0,0.0,0.2657,0.4109,q1_q17_dr25_koi,3.8754206,13.295371,16.3,3,142.0,2.0,q1_q17_dr25_tce,11111011101110111000000000000000,0.7679,Mandel and Agol (2002 ApJ 580 171),,,003/003561/003561464/dv/kplr003561464-20160209194854_dvr.pdf,003/003561/003561464/dv/kplr003561464-002-20160209194854_dvs.pdf,5745.0,86.0,-77.0,3.499,0.259,-0.129,0.4,0.05,-0.15,3.955,0.688,-1.376,1.801,0.193,-0.359,,,,q1_q17_dr25_stellar,295.49811,38.644501,13.489,13.786,13.445,13.361,13.349,12.556,12.311,12.289,0.279,19.699881,1.1e-05,38.64444,0.00013,0.3,0.47,-0.23,0.48,-5.4e-05,7.9e-05,-5.2e-05,8e-05,-0.08,0.3,-0.14,0.6,0.16,0.57,-0.3,0.29,-0.53,0.66,0.61,0.59,K03398,multi,thin,0.3682,False,thin,0.3682,862,883,21,candidate_in_category_with_unpublished_final_rejections,1.386,6674.5,4.229,0.115,1.494,-0.386,-1.443,-1.449,1.12,5750.0,1.63,1.0,0.0,False,False,False,missing
5053,3561464,K03398.02,Kepler-1487 c,CONFIRMED,Done,2018-08-16,CANDIDATE,0.996,0,0,0,0,q1_q17_dr25_sup_koi,CENT_KIC_POS,35.8007112,0.0003713,-0.0003713,144.92169,0.00935,-0.00935,2454977.922,0.00935,-0.00935,0.0,,,,,,0.043,0.402,-0.043,8.219,0.208,-0.208,,,,417.4,17.5,-17.5,0.018458,0.000793,-0.000464,0.5732,0.05272,-0.18092,LS+MCMC,7.97,1.39,-2.77,0.2588,,,89.93,,,991.0,,,227.68,105.32,-135.95,33.86,3.1,-3.1,Claret (2011 A&A 529 75) ATLAS LS,0.0,0.0,0.2657,0.4109,q1_q17_dr25_koi,5.2988043,15.342841,25.0,3,33.0,1.0,q1_q17_dr25_tce,11111011101110111000000000000000,0.5701,Mandel and Agol (2002 ApJ 580 171),,,003/003561/003561464/dv/kplr003561464-20160209194854_dvr.pdf,003/003561/003561464/dv/kplr003561464-001-20160209194854_dvs.pdf,5745.0,86.0,-77.0,3.499,0.259,-0.129,0.4,0.05,-0.15,3.955,0.688,-1.376,1.801,0.193,-0.359,,,,q1_q17_dr25_stellar,295.49811,38.644501,13.489,13.786,13.445,13.361,13.349,12.556,12.311,12.289,0.946,19.6998719,7.1e-06,38.644351,8.5e-05,-0.09,0.3,-0.53,0.31,3e-05,0.00014,-1e-05,0.00014,-0.1,0.18,0.25,0.18,0.27,0.22,-0.2,0.16,-0.13,0.13,0.24,0.15,K03398,multi,thin,0.3682,False,thin,0.3682,862,883,21,candidate_in_category_with_unpublished_final_rejections,1.386,6674.5,4.229,0.115,1.494,-0.386,-1.443,-1.449,1.12,5750.0,1.63,1.0,0.0,False,False,False,missing
5202,9117416,K03425.02,Kepler-1921 c,CONFIRMED,Done,2018-08-16,CANDIDATE,0.953,0,0,0,0,q1_q17_dr25_sup_koi,NO_COMMENT,3.15722086,1.947e-05,-1.947e-05,131.69915,0.0048,-0.0048,2454964.699,0.0048,-0.0048,0.0,,,,,,0.001,0.455,-0.001,3.762,0.143,-0.143,,,,49.7,3.2,-3.2,0.006453,0.000335,-0.000209,0.51611,0.09238,-0.16378,LS+MCMC,1.41,0.33,-0.57,0.0454,,,89.99,,,1791.0,,,2436.47,1766.22,-1678.55,6.48,1.2,-1.2,Claret (2011 A&A 529 75) ATLAS LS,0.0,0.0,0.2904,0.3534,q1_q17_dr25_koi,3.736013,13.838663,17.4,3,410.0,2.0,q1_q17_dr25_tce,11111111111111111000000000000000,0.4541,Mandel and Agol (2002 ApJ 580 171),,,009/009117/009117416/dv/kplr009117416-20160209194854_dvr.pdf,009/009117/009117416/dv/kplr009117416-002-20160209194854_dvs.pdf,6120.0,195.0,-217.0,3.934,0.398,-0.133,0.02,0.25,-0.3,2.0,0.467,-0.801,1.251,0.19,-0.233,,,,q1_q17_dr25_stellar,300.31619,45.49538,13.266,13.985,13.232,12.957,,11.897,11.61,11.514,0.024,20.021058,2.5e-05,45.49512,0.00021,-0.81,0.95,-0.95,0.74,5.6e-05,4.9e-05,4.6e-05,3.8e-05,-0.45,0.63,0.16,0.35,0.48,0.6,-0.46,0.67,0.01,0.32,0.47,0.67,K03425,multi,thin,0.274,False,thin,0.274,862,883,21,candidate_in_category_with_unpublished_final_rejections,1.459,6557.4,3.992,0.001,2.018,-0.752,-1.854,-1.882,1.88,6149.0,2.094,1.0,0.0,False,False,False,missing
8873,9117416,K03425.03,,CANDIDATE,Done,2018-08-16,CANDIDATE,0.866,0,0,0,0,q1_q17_dr25_sup_koi,NO_COMMENT,7.64370363,6.183e-05,-6.183e-05,137.87526,0.00765,-0.00765,2454970.875,0.00765,-0.00765,0.0,,,,,,0.785,0.178,-0.572,2.738,0.182,-0.182,,,,70.9,5.9,-5.9,0.008476,0.001994,-0.00085,0.80132,2.30296,-0.72653,LS+MCMC,1.85,0.43,-0.74,0.0819,,,86.67,,,1334.0,,,748.7,542.73,-515.8,13.53,6.5,-6.5,Claret (2011 A&A 529 75) ATLAS LS,0.0,0.0,0.2904,0.3534,q1_q17_dr25_koi,2.768338,8.173433,13.2,3,144.0,3.0,q1_q17_dr25_tce,11111111111111111000000000000000,0.9559,Mandel and Agol (2002 ApJ 580 171),,,009/009117/009117416/dv/kplr009117416-20160209194854_dvr.pdf,009/009117/009117416/dv/kplr009117416-003-20160209194854_dvs.pdf,6120.0,195.0,-217.0,3.934,0.398,-0.133,0.02,0.25,-0.3,2.0,0.467,-0.801,1.251,0.19,-0.233,,,,q1_q17_dr25_stellar,300.31619,45.49538,13.266,13.985,13.232,12.957,,11.897,11.61,11.514,0.239,20.021065,3.9e-05,45.49562,0.00032,-0.6,1.5,0.9,1.1,4.9e-05,8.8e-05,-5.6e-05,6.8e-05,-2.44,0.88,1.0,1.2,2.65,0.94,-2.44,0.87,0.9,1.2,2.59,0.91,K03425,multi,thin,0.274,False,thin,0.274,862,883,21,candidate_in_category_with_unpublished_final_rejections,1.459,6557.4,3.992,0.001,2.018,-0.752,-1.854,-1.882,1.88,6149.0,2.094,1.0,0.0,False,False,False,missing
5200,9117416,K03425.01,Kepler-1921 b,CONFIRMED,Done,2018-08-16,CANDIDATE,0.995,0,0,0,0,q1_q17_dr25_sup_koi,NO_COMMENT,20.034708,0.0001819,-0.0001819,145.4541,0.00731,-0.00731,2454978.454,0.00731,-0.00731,0.0,,,,,,0.193,0.27,-0.193,6.49,0.209,-0.209,,,,124.4,5.8,-5.8,0.010243,0.000396,-0.000339,0.60326,0.09176,-0.20764,LS+MCMC,2.24,0.52,-0.9,0.1557,,,89.53,,,967.0,,,207.16,150.16,-142.72,23.39,3.6,-3.6,Claret (2011 A&A 529 75) ATLAS LS,0.0,0.0,0.2904,0.3534,q1_q17_dr25_koi,4.421295,16.491846,22.9,3,69.0,1.0,q1_q17_dr25_tce,11111111111111111000000000000000,0.2456,Mandel and Agol (2002 ApJ 580 171),,,009/009117/009117416/dv/kplr009117416-20160209194854_dvr.pdf,009/009117/009117416/dv/kplr009117416-001-20160209194854_dvs.pdf,6120.0,195.0,-217.0,3.934,0.398,-0.133,0.02,0.25,-0.3,2.0,0.467,-0.801,1.251,0.19,-0.233,,,,q1_q17_dr25_stellar,300.31619,45.49538,13.266,13.985,13.232,12.957,,11.897,11.61,11.514,0.843,20.021079,2e-05,45.49539,0.00017,-0.03,0.77,0.03,0.6,3.8e-05,9.7e-05,-1e-05,7.6e-05,0.52,0.55,0.53,0.46,0.74,0.66,0.52,0.61,0.42,0.49,0.67,0.73,K03425,multi,thin,0.274,False,thin,0.274,862,883,21,candidate_in_category_with_unpublished_final_rejections,1.459,6557.4,3.992,0.001,2.018,-0.752,-1.854,-1.882,1.88,6149.0,2.094,1.0,0.0,False,False,False,missing
5206,7517261,K03496.02,,CANDIDATE,Done,2018-08-16,CANDIDATE,0.994,0,0,0,0,q1_q17_dr25_sup_koi,NO_COMMENT,8.5433774,0.0001984,-0.0001984,137.9895,0.0192,-0.0192,2454970.99,0.0192,-0.0192,0.0,,,,,,0.748,0.226,-0.505,6.149,0.478,-0.478,,,,75.1,8.3,-8.3,0.008588,0.002948,-0.00075,0.09802,0.25633,-0.09117,LS+MCMC,1.58,0.46,-0.42,0.09,,,84.06,,,1260.0,,,595.97,514.55,-318.95,7.23,3.2,-3.2,Claret (2011 A&A 529 75) ATLAS LS,0.0,0.0,0.311,0.2938,q1_q17_dr25_koi,4.052461,9.940453,10.3,2,151.0,2.0,q1_q17_dr25_tce,1111111111111111000000000000000,0.7164,Mandel and Agol (2002 ApJ 580 171),,,007/007517/007517261/dv/kplr007517261-20160209194854_dvr.pdf,007/007517/007517261/dv/kplr007517261-002-20160209194854_dvs.pdf,6602.0,181.0,-250.0,4.108,0.22,-0.18,-0.12,0.25,-0.3,1.685,0.494,-0.444,1.333,0.193,-0.236,,,,q1_q17_dr25_stellar,288.4212,43.179794,13.932,14.291,13.87,13.778,,12.713,12.544,12.471,0.183,19.228058,1.9e-05,43.1797,0.00022,-0.86,0.74,-0.33,0.8,6.3e-05,5.1e-05,1.8e-05,5.5e-05,0.44,0.76,0.58,0.52,0.73,0.62,0.43,0.76,0.47,0.52,0.64,0.64,K03496,multi,thin,0.0752,True,thin,0.0752,862,883,21,candidate_in_category_with_unpublished_final_rejections,1.462,6723.0,4.0,-0.091,1.99,-0.738,-1.684,-1.724,1.75,6619.0,2.018,0.0,0.0,False,False,False,missing
5205,7517261,K03496.01,Kepler-1511 b,CONFIRMED,Done,2018-08-16,CANDIDATE,0.997,0,0,0,0,q1_q17_dr25_sup_koi,NO_COMMENT,23.2385587,0.0004483,-0.0004483,143.5274,0.0178,-0.0178,2454976.527,0.0178,-0.0178,0.0,,,,,,0.355,0.108,-0.355,8.432,0.374,-0.374,,,,161.2,11.2,-11.2,0.011845,0.000485,-0.000534,0.27848,0.10696,-0.06583,LS+MCMC,2.18,0.64,-0.57,0.1753,,,88.98,,,903.0,,,157.09,135.63,-84.07,19.96,7.7,-7.7,Claret (2011 A&A 529 75) ATLAS LS,0.0,0.0,0.311,0.2938,q1_q17_dr25_koi,4.5062227,13.55673,15.5,2,54.0,1.0,q1_q17_dr25_tce,1111111111111111000000000000000,0.7332,Mandel and Agol (2002 ApJ 580 171),,,007/007517/007517261/dv/kplr007517261-20160209194854_dvr.pdf,007/007517/007517261/dv/kplr007517261-001-20160209194854_dvs.pdf,6602.0,181.0,-250.0,4.108,0.22,-0.18,-0.12,0.25,-0.3,1.685,0.494,-0.444,1.333,0.193,-0.236,,,,q1_q17_dr25_stellar,288.4212,43.179794,13.932,14.291,13.87,13.778,,12.713,12.544,12.471,0.059,19.228089,1.1e-05,43.17993,0.00013,0.35,0.44,0.48,0.47,-5.1e-05,7.7e-05,-9.4e-05,8.3e-05,-0.22,0.34,-0.28,0.35,0.35,0.3,-0.24,0.25,-0.42,0.33,0.49,0.31,K03496,multi,thin,0.0752,True,thin,0.0752,862,883,21,candidate_in_category_with_unpublished_final_rejections,1.462,6723.0,4.0,-0.091,1.99,-0.738,-1.684,-1.724,1.75,6619.0,2.018,0.0,0.0,False,False,False,missing
5234,6058816,K03500.02,,CANDIDATE,Done,2018-08-16,CANDIDATE,0.979,0,0,0,0,q1_q17_dr25_sup_koi,NO_COMMENT,4.7482669,6.006e-05,-6.006e-05,135.8003,0.0108,-0.0108,2454968.8,0.0108,-0.0108,0.0,,,,,,0.673,0.292,-0.449,4.947,0.299,-0.299,,,,35.6,3.4,-3.4,0.005783,0.001513,-0.000437,0.14259,0.2144,-0.01308,LS+MCMC,1.57,0.21,-0.55,0.062,,,83.02,,,1690.0,,,1927.62,706.15,-1146.93,5.54,2.1,-2.1,Claret (2011 A&A 529 75) ATLAS LS,0.0,0.0,0.2891,0.3589,q1_q17_dr25_koi,3.4414535,9.534734,12.1,2,280.0,2.0,q1_q17_dr25_tce,11111111111111111000000000000000,0.6367,Mandel and Agol (2002 ApJ 580 171),,,006/006058/006058816/dv/kplr006058816-20160209194854_dvr.pdf,006/006058/006058816/dv/kplr006058816-002-20160209194854_dvs.pdf,6056.0,81.0,-81.0,3.797,0.285,-0.095,0.14,0.15,-0.1,2.481,0.343,-0.859,1.408,0.151,-0.226,,,,q1_q17_dr25_stellar,296.35461,41.33556,13.214,13.624,13.169,13.038,12.998,12.161,11.87,11.826,0.019,19.756957,2.7e-05,41.33603,0.00031,-0.7,1.1,1.7,1.1,2.3e-05,3.6e-05,-4.9e-05,3.7e-05,0.3,1.1,-0.83,0.53,0.88,0.59,0.4,1.3,-0.78,0.55,0.86,0.81,K03500,multi,thin,0.0781,True,thin,0.0781,862,883,21,candidate_in_category_with_unpublished_final_rejections,1.459,6190.6,3.975,0.213,2.049,-0.779,-1.772,-1.837,2.29,6080.0,2.127,1.0,2.0,False,False,False,missing
5233,6058816,K03500.01,Kepler-1927 b,CONFIRMED,Done,2018-08-16,CANDIDATE,0.93,0,0,0,0,q1_q17_dr25_sup_koi,NO_COMMENT,73.7502765,0.0005225,-0.0005225,188.52221,0.00553,-0.00553,2455021.522,0.00553,-0.00553,0.0,,,,,,0.127,0.317,-0.127,13.309,0.167,-0.167,,,,233.1,7.0,-7.0,0.013963,0.000407,-0.000311,0.26863,0.00563,-0.10572,LS+MCMC,3.78,0.53,-1.31,0.3859,,,89.83,,,677.0,,,49.76,18.22,-29.61,42.587,0.893,-0.893,Claret (2011 A&A 529 75) ATLAS LS,0.0,0.0,0.2891,0.3589,q1_q17_dr25_koi,7.2989407,22.613316,33.9,2,19.0,1.0,q1_q17_dr25_tce,11111111111111111000000000000000,0.1413,Mandel and Agol (2002 ApJ 580 171),,,006/006058/006058816/dv/kplr006058816-20160209194854_dvr.pdf,006/006058/006058816/dv/kplr006058816-001-20160209194854_dvs.pdf,6056.0,81.0,-81.0,3.797,0.285,-0.095,0.14,0.15,-0.1,2.481,0.343,-0.859,1.408,0.151,-0.226,,,,q1_q17_dr25_stellar,296.35461,41.33556,13.214,13.624,13.169,13.038,12.998,12.161,11.87,11.826,0.279,19.756967,1e-05,41.33568,0.00012,-0.3,0.42,0.42,0.42,7.1e-05,9.7e-05,-5.7e-05,9.7e-05,-0.53,0.35,-0.47,0.34,0.71,0.35,-0.46,0.35,-0.43,0.33,0.63,0.34,K03500,multi,thin,0.0781,True,thin,0.0781,862,883,21,candidate_in_category_with_unpublished_final_rejections,1.459,6190.6,3.975,0.213,2.049,-0.779,-1.772,-1.837,2.29,6080.0,2.127,1.0,2.0,False,False,False,missing
4575,7906892,K04773.01,,CANDIDATE,Done,2018-08-16,CANDIDATE,0.52,0,0,0,0,q1_q17_dr25_sup_koi,NO_COMMENT,8.8493948,0.0001224,-0.0001224,139.786,0.0106,-0.0106,2454972.786,0.0106,-0.0106,0.0,,,,,,0.819,0.024,-0.574,6.928,0.316,-0.316,,,,43.8,4.0,-4.0,0.006766,0.001365,-0.00081,0.04685,0.17166,-0.03694,LS+MCMC,0.82,0.13,-0.09,0.0839,,,81.87,,,978.0,,,216.18,98.91,-58.53,5.79,2.7,-2.7,Claret (2011 A&A 529 75) ATLAS LS,0.0,0.0,0.2916,0.3447,q1_q17_dr25_koi,3.2225597,7.9267592,12.1,2,142.0,2.0,q1_q17_dr25_tce,11111111111111111000000000000000,0.8318,Mandel and Agol (2002 ApJ 580 171),,,007/007906/007906892/dv/kplr007906892-20160209194854_dvr.pdf,007/007906/007906892/dv/kplr007906892-002-20160209194854_dvs.pdf,6095.0,122.0,-134.0,4.349,0.099,-0.121,-0.16,0.15,-0.15,1.11,0.178,-0.119,1.004,0.081,-0.059,,,,q1_q17_dr25_stellar,296.8432,43.697441,13.556,13.988,13.522,13.371,13.312,12.385,12.09,12.044,0.003,19.789489,2.8e-05,43.69773,0.00032,-2.3,1.1,1.0,1.1,0.000102,4.7e-05,-4.6e-05,4.8e-05,0.63,0.67,1.13,0.76,1.3,0.83,0.72,0.77,1.06,0.77,1.28,0.91,K04773,multi,thin,0.4214,False,thin,0.4214,862,883,21,candidate_in_category_with_unpublished_final_rejections,1.416,6737.2,3.974,-0.207,2.024,-0.772,-1.796,-1.808,1.93,6191.0,2.127,1.0,0.0,False,False,False,missing
3313,7906892,K04773.02,,CANDIDATE,Done,2018-08-16,CANDIDATE,0.989,0,0,0,0,q1_q17_dr25_sup_koi,NO_COMMENT,11.1438086,0.000293,-0.000293,131.725,0.0201,-0.0201,2454964.725,0.0201,-0.0201,0.0,,,,,,0.629,0.041,-0.477,7.905,0.705,-0.705,,,,41.7,4.6,-4.6,0.006202,0.000157,-0.000632,0.09323,0.1911,-0.00749,LS+MCMC,0.75,0.12,-0.08,0.0978,,,85.75,,,906.0,,,159.1,72.79,-43.07,8.49,3.5,-3.5,Claret (2011 A&A 529 75) ATLAS LS,0.0,0.0,0.2916,0.3447,q1_q17_dr25_koi,3.7446206,7.910612,10.9,2,122.0,1.0,q1_q17_dr25_tce,11111111111111111000000000000000,0.0772,Mandel and Agol (2002 ApJ 580 171),,,007/007906/007906892/dv/kplr007906892-20160209194854_dvr.pdf,007/007906/007906892/dv/kplr007906892-001-20160209194854_dvs.pdf,6095.0,122.0,-134.0,4.349,0.099,-0.121,-0.16,0.15,-0.15,1.11,0.178,-0.119,1.004,0.081,-0.059,,,,q1_q17_dr25_stellar,296.8432,43.697441,13.556,13.988,13.522,13.371,13.312,12.385,12.09,12.044,0.319,19.78954,3.1e-05,43.69717,0.00034,-0.3,1.2,-1.0,1.2,1.6e-05,4.9e-05,3.8e-05,5e-05,-0.95,0.95,-0.03,0.86,0.95,0.95,-0.75,0.87,-0.11,0.75,0.76,0.88,K04773,multi,thin,0.4214,False,thin,0.4214,862,883,21,candidate_in_category_with_unpublished_final_rejections,1.416,6737.2,3.974,-0.207,2.024,-0.772,-1.796,-1.808,1.93,6191.0,2.127,1.0,0.0,False,False,False,missing
4562,5769810,K04913.01,,CANDIDATE,Done,2018-08-16,CANDIDATE,0.798,0,0,0,0,q1_q17_dr25_sup_koi,NO_COMMENT,6.78788113,8.153e-05,-8.153e-05,136.3345,0.00986,-0.00986,2454969.334,0.00986,-0.00986,0.0,,,,,,0.022,0.445,-0.022,2.26,0.351,-0.351,,,,73.1,11.3,-11.3,0.007896,0.000702,-0.000662,5.07653,1.05251,-5.03543,LS+MCMC,2.44,0.39,-0.92,0.0835,,,89.95,,,1679.0,,,1875.92,938.81,-1231.23,23.12,4.8,-4.8,Claret (2011 A&A 529 75) ATLAS LS,0.0,0.0,0.3132,0.2951,q1_q17_dr25_koi,3.1363173,8.1110325,7.8,2,150.0,2.0,q1_q17_dr25_tce,11110111011101110000000000000000,0.5493,Mandel and Agol (2002 ApJ 580 171),,,005/005769/005769810/dv/kplr005769810-20160209194854_dvr.pdf,005/005769/005769810/dv/kplr005769810-002-20160209194854_dvs.pdf,6537.0,176.0,-195.0,3.76,0.285,-0.095,-0.02,0.25,-0.25,2.829,0.457,-1.067,1.677,0.192,-0.357,,,,q1_q17_dr25_stellar,283.6788,41.096882,13.36,13.651,13.293,13.234,13.209,12.404,12.173,12.126,0.002,18.911922,2.9e-05,41.09747,0.00032,0.1,1.2,2.1,1.1,-1.8e-05,9.1e-05,-0.000168,8.7e-05,0.24,0.83,0.51,0.76,0.57,0.53,0.23,0.86,0.45,0.85,0.5,0.57,K04913,multi,thin,0.0498,False,thin,0.0498,862,883,21,candidate_in_category_with_unpublished_final_rejections,1.337,6794.5,4.295,-0.039,1.361,-0.28,-1.458,-1.419,0.7,6539.0,1.39,0.0,0.0,False,False,False,missing
7350,5769810,K04913.02,,CANDIDATE,Done,2018-08-16,CANDIDATE,0.301,0,0,0,0,q1_q17_dr25_sup_koi,MOD_NONUNIQ_ALT,8.97377221,7.603e-05,-7.603e-05,139.73978,0.00735,-0.00735,2454972.74,0.00735,-0.00735,0.0,,,,,,0.237,0.218,-0.237,2.135,0.238,-0.238,,,,106.5,13.7,-13.7,0.009575,0.000755,-0.000608,7.35652,2.85601,-4.61851,LS+MCMC,2.96,0.48,-1.12,0.1005,,,89.57,,,1530.0,,,1294.96,648.06,-849.93,31.5,12.2,-12.2,Claret (2011 A&A 529 75) ATLAS LS,0.0,0.0,0.3132,0.2951,q1_q17_dr25_koi,3.3592587,9.189824,9.4,2,115.0,1.0,q1_q17_dr25_tce,11110111011101110000000000000000,0.6813,Mandel and Agol (2002 ApJ 580 171),,,005/005769/005769810/dv/kplr005769810-20160209194854_dvr.pdf,005/005769/005769810/dv/kplr005769810-001-20160209194854_dvs.pdf,6537.0,176.0,-195.0,3.76,0.285,-0.095,-0.02,0.25,-0.25,2.829,0.457,-1.067,1.677,0.192,-0.357,,,,q1_q17_dr25_stellar,283.6788,41.096882,13.36,13.651,13.293,13.234,13.209,12.404,12.173,12.126,0.051,18.91196,2.9e-05,41.09707,0.00032,1.6,1.2,0.7,1.1,-0.00018,0.00012,-8e-05,0.00012,0.77,0.45,0.52,0.55,0.92,0.54,0.73,0.44,0.5,0.57,0.89,0.52,K04913,multi,thin,0.0498,False,thin,0.0498,862,883,21,candidate_in_category_with_unpublished_final_rejections,1.337,6794.5,4.295,-0.039,1.361,-0.28,-1.458,-1.419,0.7,6539.0,1.39,0.0,0.0,False,False,False,missing
7331,4739229,K06118.02,,CANDIDATE,Done,2018-08-16,CANDIDATE,,0,0,0,0,q1_q17_dr25_sup_koi,,4.66185924,3.804e-05,-3.804e-05,133.58514,0.00703,-0.00703,2454966.585,0.00703,-0.00703,0.0,,,,,,0.2695,0.1784,-0.2695,3.164,0.211,-0.211,,,,49.3,3.8,-3.8,0.006553,0.000248,-0.000341,1.13752,0.30109,-0.42185,MCMC,1.16,0.73,-0.24,0.0609,,,88.81,,,1610.0,,,1590.18,3136.08,-730.39,10.93,2.9,-2.9,Claret (2011 A&A 529 75) ATLAS LS,0.0,0.0,0.3266,0.2488,q1_q16_koi,,,15.8,2,,2.0,q1_q16_tce,,,Mandel and Agol (2002 ApJ 580 171),,,004/004739/004739229/dv/kplr004739229-20130815195353_dvr.pdf,004/004739/004739229/dv/kplr004739229-002-20130826182306_dvs.pdf,7081.0,193.0,-276.0,4.16,0.129,-0.354,-0.22,0.28,-0.36,1.619,1.026,-0.33,1.387,0.314,-0.268,,,,stellar_q1_q16,289.53336,39.836639,12.767,12.948,12.707,12.668,12.67,11.977,11.804,11.805,0.756,19.302221,1.7e-05,39.83658,0.00022,-0.16,0.71,-0.22,0.8,8e-06,3.2e-05,1.1e-05,3.6e-05,-0.49,0.24,-0.94,0.26,1.06,0.25,-0.5,0.24,-0.88,0.26,1.01,0.26,K06118,multi,thin,0.0429,False,thin,0.0429,862,883,21,candidate_in_category_with_unpublished_final_rejections,1.525,7241.6,4.188,0.021,1.64,-0.467,-1.436,-1.442,0.84,6873.0,1.693,0.0,0.0,False,False,False,missing
7576,7974634,K06168.02,,CANDIDATE,Done,2018-08-16,CANDIDATE,,0,0,0,0,q1_q17_dr25_sup_koi,,75.072964,0.004914,-0.004914,147.1591,0.0373,-0.0373,2454980.159,0.0373,-0.0373,0.0,,,,,,0.2602,0.1842,-0.2601,9.21,1.9,-1.9,,,,74.3,14.8,-14.8,0.007983,0.001103,-0.000598,0.74763,3.58866,-0.674,MCMC,1.09,0.74,-0.16,0.3704,,,89.95,,,522.0,,,17.51,37.1,-6.36,60.6,29.1,-29.1,Claret (2011 A&A 529 75) ATLAS LS,0.0,0.0,0.3096,0.3018,q1_q16_koi,,,7.1,3,,3.0,q1_q16_tce,,,Mandel and Agol (2002 ApJ 580 171),,,007/007974/007974634/dv/kplr007974634-20130815195353_dvr.pdf,007/007974/007974634/dv/kplr007974634-003-20130826182306_dvs.pdf,6443.0,153.0,-215.0,4.325,0.086,-0.373,-0.02,0.22,-0.34,1.248,0.855,-0.182,1.198,0.294,-0.177,,,,stellar_q1_q16,296.58698,43.766918,12.236,12.526,12.162,12.111,12.09,11.259,11.061,10.998,0.235,19.77247,1.3e-05,43.76704,0.00012,0.2,0.53,0.43,0.43,2.6e-05,8.7e-05,-6.1e-05,7.2e-05,-0.1,0.14,-0.08,0.11,0.13,0.13,-0.06,0.14,-0.08,0.11,0.1,0.12,K06168,multi,thin,0.062,True,thin,0.062,862,883,21,candidate_in_category_with_unpublished_final_rejections,2.174,6943.7,3.64,0.295,3.672,-1.366,-2.303,-2.35,,6450.0,3.866,1.0,0.0,False,False,False,missing
2136,3861595,K00004.01,Kepler-1658 b,CONFIRMED,Done,2018-08-16,CANDIDATE,1.0,0,0,0,0,q1_q17_dr25_sup_koi,MOD_SEC_DV---PLANET_OCCULT_DV---MOD_SEC_ALT---PLANET_OCCULT_ALT---HAS_SEC_TCE---CENT_SATURATED,3.849371737,2.344e-06,-2.344e-06,157.526686,0.000488,-0.000488,2454990.527,0.000488,-0.000488,0.0,,,,,,0.915,0.02,-0.056,2.632,0.106,-0.106,,,,1298.6,13.0,-13.0,0.039601,0.000521,-0.002214,0.22463,0.17327,-0.08789,LS+MCMC,12.94,1.8,-4.2,0.0548,,,80.61,,,2034.0,,,4055.29,1643.78,-2336.51,5.6,2.2,-2.2,Claret (2011 A&A 529 75) ATLAS LS,0.0,0.0,0.3033,0.3133,q1_q17_dr25_koi,26.059868,235.59987,132.7,1,276.0,1.0,q1_q17_dr25_tce,11111011101110111000000000000000,0.057,Mandel and Agol (2002 ApJ 580 171),,,003/003861/003861595/dv/kplr003861595-20160209194854_dvr.pdf,003/003861/003861595/dv/kplr003861595-001-20160209194854_dvs.pdf,6244.0,126.0,-114.0,3.657,0.27,-0.09,-0.16,0.2,-0.15,2.992,0.416,-0.971,1.482,0.131,-0.261,,,,q1_q17_dr25_stellar,294.35654,38.94738,11.432,11.755,11.354,11.294,11.305,10.475,10.266,10.195,0.0,19.62376866,4.5e-07,38.9473404,5.4e-06,-0.056,0.019,-0.143,0.019,0.00019,3.4e-05,0.000122,3.9e-05,-0.073,0.069,-0.032,0.074,0.08,0.069,-0.049,0.073,-0.077,0.076,0.091,0.075,K00004,single,thin,0.0475,True,thin,0.0475,1121,1121,0,category_count_exact_before_visual_qc,1.781,6776.0,3.716,-0.076,3.049,-1.21,-2.247,-2.236,1.2,6242.0,3.222,1.0,2.0,False,False,False,missing
230,5812701,K00012.01,Kepler-448 b,CONFIRMED,Done,2018-08-16,CANDIDATE,0.635,0,0,0,0,q1_q17_dr25_sup_koi,CENT_SATURATED,17.855221681,3.676e-06,-3.676e-06,146.596466,0.000163,-0.000163,2454979.596,0.000163,-0.000163,0.0,,,,,,0.075,0.106,-0.043,7.41287,0.00581,-0.00581,,,,9065.2,11.2,-11.2,0.08815,4.2e-05,-9.1e-05,0.47367,0.00473,-0.00057,LS+MCMC,13.16,2.57,-0.65,0.1491,,,89.79,,,911.0,,,163.04,78.35,-23.38,19.986,0.2,-0.2,Claret (2011 A&A 529 75) ATLAS LS,0.0,0.0,0.3272,0.2758,q1_q17_dr25_koi,82.201164,417.8653,915.7,1,75.0,1.0,q1_q17_dr25_tce,11111111111111111000000000000000,0.4664,Mandel and Agol (2002 ApJ 580 171),,,005/005812/005812701/dv/kplr005812701-20160209194854_dvr.pdf,005/005812/005812701/dv/kplr005812701-001-20160209194854_dvs.pdf,6823.0,61.0,-92.0,4.308,0.024,-0.128,0.07,0.15,-0.15,1.367,0.267,-0.067,1.386,0.093,-0.076,,,,q1_q17_dr25_stellar,297.45374,41.01099,11.353,11.571,11.28,11.245,11.26,10.461,10.287,10.234,0.0,19.83024683,1e-07,41.0110569,1.2e-06,-0.0764,0.0043,0.241,0.0045,0.00048,0.0004,-0.00097,0.00053,-0.03,0.21,0.05,0.25,0.06,0.31,-0.05,0.2,0.18,0.25,0.19,0.29,K00012,single,thin,0.0494,True,thin,0.0494,1121,1121,0,category_count_exact_before_visual_qc,1.437,6943.4,4.246,0.069,1.491,-0.367,-1.521,-1.478,0.69,6820.0,1.5,0.0,0.0,False,False,False,missing
3410,11250587,K00107.01,Kepler-464 b,CONFIRMED,Done,2018-08-16,CANDIDATE,1.0,0,0,0,0,q1_q17_dr25_sup_koi,NO_COMMENT,7.256962446,5.839e-06,-5.839e-06,134.023923,0.000661,-0.000661,2454967.024,0.000661,-0.000661,0.0,,,,,,0.676,0.073,-0.481,4.9402,0.0238,-0.0238,,,,463.2,3.1,-3.1,0.020856,0.000578,-0.001185,0.23039,0.25445,-0.06392,LS+MCMC,3.53,0.21,-0.17,0.0765,,,85.51,,,1163.0,,,432.1,75.83,-61.01,8.62,3.2,-3.2,Claret (2011 A&A 529 75) ATLAS LS,0.0,0.0,0.26,0.4133,q1_q17_dr25_koi,13.525678,127.94779,168.3,1,184.0,1.0,q1_q17_dr25_tce,11111111111111111000000000000000,0.4551,Mandel and Agol (2002 ApJ 580 171),,,011/011250/011250587/dv/kplr011250587-20160209194854_dvr.pdf,011/011250/011250587/dv/kplr011250587-001-20160209194854_dvs.pdf,5858.0,70.0,-79.0,4.112,0.024,-0.02,0.22,0.15,-0.15,1.549,0.091,-0.074,1.133,0.121,-0.071,,,,q1_q17_dr25_stellar,294.83517,48.982361,12.702,13.102,12.656,12.53,12.51,11.652,11.363,11.338,0.409,19.6556789,2e-06,48.982357,2.1e-05,0.033,0.07,-0.011,0.075,2.2e-05,3.3e-05,-2.1e-05,3.5e-05,-0.007,0.085,-0.08,0.12,0.08,0.12,-0.027,0.088,-0.14,0.12,0.14,0.12,K00107,single,thin,0.1944,True,thin,0.1944,1121,1121,0,category_count_exact_before_visual_qc,1.253,5888.8,4.125,0.229,1.595,-0.519,-1.581,-1.58,3.99,5920.0,1.621,1.0,2.0,False,False,False,missing
611,7778437,K00131.01,Kepler-471 b,CONFIRMED,Done,2018-08-16,CANDIDATE,1.0,0,0,0,0,q1_q17_dr25_sup_koi,NO_COMMENT,5.014234733,8.59e-07,-8.59e-07,133.174289,0.000141,-0.000141,2454966.174,0.000141,-0.000141,0.0,,,,,,0.066,0.029,-0.066,4.589,0.00525,-0.00525,,,,6536.0,9.5,-9.5,0.074468,7.1e-05,-9e-05,0.5437,0.00575,-0.00574,LS+MCMC,10.63,3.57,-1.53,0.0626,,,89.58,,,1308.0,,,692.13,665.33,-253.54,8.9737,0.0949,-0.0949,Claret (2011 A&A 529 75) ATLAS LS,0.0,0.0,0.3155,0.3031,q1_q17_dr25_koi,65.98032,782.15466,794.3,1,266.0,1.0,q1_q17_dr25_tce,11111111111111111000000000000000,0.2555,Mandel and Agol (2002 ApJ 580 171),,,007/007778/007778437/dv/kplr007778437-20160209194854_dvr.pdf,007/007778/007778437/dv/kplr007778437-001-20160209194854_dvs.pdf,6490.0,155.0,-232.0,4.32,0.067,-0.202,0.16,0.2,-0.35,1.307,0.439,-0.188,1.304,0.169,-0.187,,,,q1_q17_dr25_stellar,299.09753,43.497589,13.797,14.163,13.746,13.64,13.621,12.804,12.583,12.562,0.0,19.93983726,2.9e-07,43.4975785,2.9e-06,0.049,0.011,-0.041,0.01,-0.00229,0.00017,-0.00052,0.00022,0.042,0.069,0.041,0.073,0.059,0.072,0.022,0.069,0.055,0.073,0.059,0.074,K00131,single,thin,0.0475,False,thin,0.0475,1121,1121,0,category_count_exact_before_visual_qc,1.452,6998.9,4.185,0.01,1.607,-0.461,-1.452,-1.476,1.08,6492.0,1.678,0.0,0.0,False,False,False,missing
376,9032900,K00134.01,,CONFIRMED,Done,2018-08-16,CANDIDATE,0.0,0,0,0,0,q1_q17_dr25_sup_koi,LPP_DV---MOD_NONUNIQ_DV---MOD_TER_DV---MOD_POS_DV---MOD_NONUNIQ_ALT---MOD_TER_ALT---MOD_POS_ALT,67.5923754,0.0005335,-0.0005335,151.75056,0.00535,-0.00535,2454984.751,0.00535,-0.00535,0.0,,,,,,0.728,0.017,-0.451,12.249,0.332,-0.332,,,,4158.1,79.7,-79.7,0.063536,5.8e-05,-0.004707,0.14489,0.2145,-0.03815,LS+MCMC,12.1,2.25,-2.76,0.3582,,,88.73,,,588.0,,,28.2,14.74,-12.7,32.7,16.1,-16.1,Claret (2011 A&A 529 75) ATLAS LS,0.0,0.0,0.2845,0.3747,q1_q17_dr25_koi,56.80393,97.08831,60.9,1,21.0,2.0,q1_q17_dr25_tce,11111111111111111000000000000000,0.3897,Mandel and Agol (2002 ApJ 580 171),,,009/009032/009032900/dv/kplr009032900-20160209194854_dvr.pdf,009/009032/009032900/dv/kplr009032900-002-20160209194854_dvs.pdf,6038.0,120.0,-120.0,4.082,0.18,-0.12,0.34,0.1,-0.15,1.744,0.325,-0.398,1.341,0.125,-0.152,,,,q1_q17_dr25_stellar,295.58658,45.364979,13.675,14.038,13.622,13.52,13.49,12.628,12.413,12.322,0.123,19.7057672,6.5e-06,45.364865,8.4e-05,-0.18,0.25,-0.41,0.3,9e-05,0.00017,0.0001,0.00023,-0.02,0.36,-0.1,0.39,0.1,0.4,0.05,0.37,-0.15,0.39,0.16,0.34,K00134,single,thin,0.044,False,thin,0.044,1121,1121,0,category_count_exact_before_visual_qc,1.379,6131.9,4.09,0.268,1.746,-0.592,-1.648,-1.66,2.56,6236.0,1.752,1.0,0.0,False,False,False,missing
699,8030148,K00155.01,Kepler-474 b,CONFIRMED,Done,2018-08-16,CANDIDATE,1.0,0,0,0,0,q1_q17_dr25_sup_koi,NO_COMMENT,5.660669429,3.706e-06,-3.706e-06,137.416045,0.000523,-0.000523,2454970.416,0.000523,-0.000523,0.0,,,,,,0.477,0.002,-0.419,4.6483,0.0281,-0.0281,,,,737.8,4.3,-4.3,0.02533,0.001361,-0.000558,0.35934,0.16045,-0.02572,LS+MCMC,3.24,0.5,-0.54,0.0606,,,86.77,,,1115.0,,,365.53,159.35,-130.61,8.47,3.8,-3.8,Claret (2011 A&A 529 75) ATLAS LS,0.0,0.0,0.2676,0.3928,q1_q17_dr25_koi,16.75932,178.65834,201.1,1,237.0,1.0,q1_q17_dr25_tce,11111111111111111000000000000000,0.7293,Mandel and Agol (2002 ApJ 580 171),,,008/008030/008030148/dv/kplr008030148-20160209194854_dvr.pdf,008/008030/008030148/dv/kplr008030148-001-20160209194854_dvs.pdf,5746.0,115.0,-103.0,4.266,0.162,-0.108,-0.08,0.15,-0.15,1.173,0.178,-0.198,0.927,0.078,-0.052,,,,q1_q17_dr25_stellar,292.3215,43.881168,13.494,13.97,13.464,13.29,13.227,12.306,11.969,11.91,0.0,19.4881018,1.8e-06,43.881246,1.9e-05,0.042,0.069,0.272,0.069,-4.1e-05,5.1e-05,-0.000103,5.2e-05,0.203,0.081,0.01,0.12,0.204,0.082,0.196,0.078,0.14,0.12,0.24,0.1,K00155,single,thin,0.0857,True,thin,0.0857,1121,1121,0,category_count_exact_before_visual_qc,1.07,5944.6,4.067,-0.132,1.58,-0.57,-1.436,-1.513,6.61,5667.0,1.631,1.0,2.0,False,False,False,missing
2675,3545478,K00366.01,,CANDIDATE,Done,2018-08-16,CANDIDATE,0.953,0,0,0,0,q1_q17_dr25_sup_koi,NO_COMMENT,75.1122132,2.76e-05,-2.76e-05,207.713987,0.000273,-0.000273,2455040.714,0.000273,-0.000273,0.0,,,,,,0.838,0.005,-0.007,4.9458,0.027,-0.027,,,,3751.5,11.7,-11.7,0.063426,0.000231,-0.000329,1.46689,0.06778,-0.07527,LS+MCMC,23.23,2.46,-5.74,0.4156,,,89.37,,,777.0,,,86.18,28.91,-40.41,75.91,3.5,-3.5,Claret (2011 A&A 529 75) ATLAS LS,0.0,0.0,0.3096,0.3218,q1_q17_dr25_koi,75.16124,235.89645,384.0,1,18.0,1.0,q1_q17_dr25_tce,11111111111111111000000000000000,0.3026,Mandel and Agol (2002 ApJ 580 171),,,003/003545/003545478/dv/kplr003545478-20160209194854_dvr.pdf,003/003545/003545478/dv/kplr003545478-001-20160209194854_dvs.pdf,6201.0,138.0,-100.0,3.616,0.218,-0.073,0.21,0.15,-0.1,3.354,0.355,-0.829,1.694,0.151,-0.185,,,,q1_q17_dr25_stellar,291.66418,38.619255,11.714,11.931,11.691,,,10.82,10.632,10.626,0.23,19.4442757,5.1e-07,38.6192678,7e-06,-0.156,0.021,0.05,0.025,3e-05,0.00018,-8e-05,0.00023,0.003,0.07,0.01,0.093,0.01,0.092,-0.064,0.07,-0.013,0.093,0.066,0.071,K00366,single,thin,0.2154,True,thin,0.2154,1121,1121,0,category_count_exact_before_visual_qc,1.468,6501.0,4.092,0.22,1.798,-0.602,-1.646,-1.678,1.65,6207.0,1.868,1.0,0.0,False,False,False,missing
2824,3964109,K00393.01,Kepler-544 b,CONFIRMED,Done,2018-08-16,CANDIDATE,1.0,0,0,0,0,q1_q17_dr25_sup_koi,NO_COMMENT,21.41624083,7.019e-05,-7.019e-05,176.24991,0.00272,-0.00272,2455009.25,0.00272,-0.00272,0.0,,,,,,0.081,0.352,-0.081,7.081,0.0938,-0.0938,,,,314.5,8.4,-8.4,0.01625,0.00047,-0.000255,0.52932,0.01005,-0.19331,LS+MCMC,2.09,0.38,-0.23,0.1553,,,89.8,,,748.0,,,74.2,37.56,-20.43,23.413,0.445,-0.445,Claret (2011 A&A 529 75) ATLAS LS,0.0,0.0,0.3029,0.3239,q1_q17_dr25_koi,6.862256,33.55736,42.7,1,49.0,1.0,q1_q17_dr25_tce,11111011101110111000000000000000,0.7207,Mandel and Agol (2002 ApJ 580 171),,,003/003964/003964109/dv/kplr003964109-20160209194854_dvr.pdf,003/003964/003964109/dv/kplr003964109-001-20160209194854_dvs.pdf,6156.0,123.0,-135.0,4.331,0.084,-0.126,0.0,0.15,-0.15,1.18,0.212,-0.13,1.085,0.099,-0.074,,,,q1_q17_dr25_stellar,294.02911,39.051849,13.542,13.885,13.471,13.395,13.369,12.578,12.318,12.289,0.67,19.601932,1.4e-05,39.0518,0.00012,-0.34,0.57,-0.16,0.42,-9e-05,0.00017,-3e-05,0.00013,0.1,1.3,0.61,0.48,0.63,0.57,0.0,1.3,0.5,0.51,0.5,0.53,K00393,single,thin,0.0869,False,thin,0.0869,1121,1121,0,category_count_exact_before_visual_qc,1.284,6696.8,4.232,-0.177,1.431,-0.363,-1.383,-1.404,1.66,6241.0,1.494,0.0,0.0,False,False,False,missing
3179,4951877,K00501.01,,CANDIDATE,Done,2018-08-16,CANDIDATE,0.998,0,0,0,0,q1_q17_dr25_sup_koi,NO_COMMENT,24.7962801,0.0001067,-0.0001067,170.32595,0.00362,-0.00362,2455003.326,0.00362,-0.00362,0.0,,,,,,0.01,0.403,-0.01,8.33,0.107,-0.107,,,,574.4,15.1,-15.1,0.021704,0.000677,-0.000279,0.38625,0.00103,-0.13559,LS+MCMC,2.7,0.45,-0.32,0.1677,,,89.98,,,664.0,,,45.92,19.92,-12.32,23.2414,0.062,-0.062,Claret (2011 A&A 529 75) ATLAS LS,0.0,0.0,0.2555,0.4191,q1_q17_dr25_koi,7.549529,33.061207,43.6,1,53.0,1.0,q1_q17_dr25_tce,11111111111111111000000000000000,0.7386,Mandel and Agol (2002 ApJ 580 171),,,004/004951/004951877/dv/kplr004951877-20160209194854_dvr.pdf,004/004951/004951877/dv/kplr004951877-001-20160209194854_dvs.pdf,5770.0,78.0,-78.0,4.333,0.11,-0.11,0.16,0.15,-0.15,1.141,0.189,-0.138,1.02,0.074,-0.062,,,,q1_q17_dr25_stellar,298.47321,40.075871,14.612,15.16,14.566,14.377,14.277,13.393,13.053,12.946,0.001,19.8982359,8.4e-06,40.075729,8.7e-05,0.9,0.35,-0.51,0.31,-0.00049,0.0002,-8e-05,0.00018,0.42,0.23,-0.46,0.23,0.63,0.25,0.33,0.23,-0.59,0.24,0.67,0.25,K00501,single,thin,0.0571,False,thin,0.0571,1121,1121,0,category_count_exact_before_visual_qc,1.286,6046.3,4.087,0.098,1.705,-0.584,-1.563,-1.567,3.27,5773.0,1.775,1.0,0.0,False,False,False,missing
3535,6309763,K00611.01,,CANDIDATE,Done,2018-08-16,CANDIDATE,1.0,0,0,0,0,q1_q17_dr25_sup_koi,NO_COMMENT,3.251659087,3.66e-07,-3.66e-07,171.0604906,8.78e-05,-8.78e-05,2455004.06,8.78e-05,-8.78e-05,0.0,,,,,,0.938,0.01,-0.009,1.5286,0.0132,-0.0132,,,,4747.9,17.1,-17.1,0.082842,0.003548,-0.003542,1.24186,0.06909,-0.10837,LS+MCMC,9.83,3.04,-1.21,0.0448,,,83.92,,,1384.0,,,865.87,772.89,-283.13,8.854,0.493,-0.493,Claret (2011 A&A 529 75) ATLAS LS,0.0,0.0,0.302,0.319,q1_q17_dr25_koi,33.613243,447.0862,466.2,1,412.0,1.0,q1_q17_dr25_tce,11111111111111111000000000000000,0.4656,Mandel and Agol (2002 ApJ 580 171),,,006/006309/006309763/dv/kplr006309763-20160209194854_dvr.pdf,006/006309/006309763/dv/kplr006309763-001-20160209194854_dvs.pdf,6367.0,160.0,-208.0,4.419,0.065,-0.208,-0.14,0.25,-0.3,1.087,0.336,-0.134,1.131,0.162,-0.146,,,,q1_q17_dr25_stellar,298.29404,41.6838,14.022,14.385,13.964,13.866,13.803,12.979,12.7,12.708,0.0,19.88627009,6.3e-07,41.6837982,6.5e-06,0.032,0.025,-0.007,0.023,-0.00076,0.00029,8e-05,0.00037,0.064,0.068,0.008,0.067,0.065,0.068,0.036,0.069,0.052,0.068,0.063,0.069,K00611,single,thin,0.0587,False,thin,0.0587,1121,1121,0,category_count_exact_before_visual_qc,1.292,6723.6,4.327,-0.099,1.289,-0.225,-1.394,-1.369,0.56,6350.0,1.322,0.0,0.0,False,False,False,missing
3383,4656049,K00629.01,Kepler-627 b,CONFIRMED,Done,2018-08-16,CANDIDATE,1.0,0,0,0,0,q1_q17_dr25_sup_koi,NO_COMMENT,40.6992062,0.0001694,-0.0001694,172.57123,0.00301,-0.00301,2455005.571,0.00301,-0.00301,0.0,,,,,,0.854,0.053,-0.608,7.074,0.111,-0.111,,,,429.9,12.4,-12.4,0.021549,0.001433,-0.002409,0.17147,0.8022,-0.08035,LS+MCMC,3.2,0.86,-0.85,0.2327,,,88.02,,,685.0,,,52.05,40.82,-27.53,24.7,11.5,-11.5,Claret (2011 A&A 529 75) ATLAS LS,0.0,0.0,0.3025,0.2923,q1_q17_dr25_koi,7.084527,32.50293,38.5,1,34.0,1.0,q1_q17_dr25_tce,11111111111111111000000000000000,0.9798,Mandel and Agol (2002 ApJ 580 171),,,004/004656/004656049/dv/kplr004656049-20160209194854_dvr.pdf,004/004656/004656049/dv/kplr004656049-001-20160209194854_dvs.pdf,6419.0,175.0,-213.0,4.175,0.24,-0.16,-0.48,0.3,-0.3,1.362,0.362,-0.362,1.012,0.157,-0.115,,,,q1_q17_dr25_stellar,292.10428,39.76791,13.949,14.324,13.918,13.788,13.713,12.916,12.657,12.608,0.549,19.4736136,9.2e-06,39.76798,0.00011,-0.24,0.38,0.25,0.4,0.0001,0.00017,-6e-05,0.00017,0.65,0.34,-0.86,0.52,1.08,0.35,0.52,0.36,-0.64,0.56,0.82,0.36,K00629,single,thin,0.1007,False,thin,0.1007,1121,1121,0,category_count_exact_before_visual_qc,1.201,6618.5,4.302,-0.326,1.275,-0.244,-1.231,-1.244,1.58,6006.0,1.35,0.0,0.0,False,False,False,missing
3594,7124613,K00673.01,Kepler-642 b,CONFIRMED,Done,2018-08-16,CANDIDATE,1.0,0,0,0,0,q1_q17_dr25_sup_koi,NO_COMMENT,4.41746257,1.92e-05,-1.92e-05,170.79073,0.00336,-0.00336,2455003.791,0.00336,-0.00336,0.0,,,,,,0.085,0.376,-0.085,2.965,0.104,-0.104,,,,291.0,15.0,-15.0,0.015765,0.000603,-0.000574,1.48848,0.11686,-0.58076,LS+MCMC,3.95,0.84,-1.25,0.0589,,,89.58,,,1810.0,,,2536.07,1550.12,-1485.81,11.537,0.906,-0.906,Claret (2011 A&A 529 75) ATLAS LS,0.0,0.0,0.311,0.2938,q1_q17_dr25_koi,6.6631045,53.31734,22.6,1,304.0,1.0,q1_q17_dr25_tce,11111111111111111000000000000000,0.9592,Mandel and Agol (2002 ApJ 580 171),,,007/007124/007124613/dv/kplr007124613-20160209194854_dvr.pdf,007/007124/007124613/dv/kplr007124613-001-20160209194854_dvs.pdf,6570.0,156.0,-195.0,3.86,0.285,-0.114,-0.12,0.3,-0.25,2.297,0.485,-0.727,1.396,0.222,-0.247,,,,q1_q17_dr25_stellar,293.83456,42.624962,13.343,13.651,13.298,13.211,13.205,12.363,12.152,12.095,0.029,19.5889643,4e-06,42.624911,4.2e-05,-0.26,0.16,-0.18,0.15,8.3e-05,4.7e-05,1e-05,4.4e-05,0.08,0.14,0.063,0.094,0.11,0.12,0.1,0.14,-0.01,0.095,0.1,0.14,K00673,single,thin,0.0504,True,thin,0.0504,1121,1121,0,category_count_exact_before_visual_qc,1.278,6622.9,4.33,-0.064,1.278,-0.217,-1.436,-1.402,0.64,6380.0,1.295,0.0,0.0,False,False,False,missing
3390,7764367,K00685.01,Kepler-644 b,CONFIRMED,Done,2018-08-16,CANDIDATE,1.0,0,0,0,0,q1_q17_dr25_sup_koi,NO_COMMENT,3.173914037,4.401e-06,-4.401e-06,170.92525,0.0011,-0.0011,2455003.925,0.0011,-0.0011,0.0,,,,,,0.819,0.065,-0.599,3.6069,0.0351,-0.0351,,,,303.0,4.6,-4.6,0.017772,6.6e-05,-0.001585,0.13513,0.42684,-0.05932,LS+MCMC,3.07,1.03,-0.76,0.0466,,,78.65,,,1655.0,,,1769.83,1734.1,-915.0,4.16,1.9,-1.9,Claret (2011 A&A 529 75) ATLAS LS,0.0,0.0,0.3168,0.2958,q1_q17_dr25_koi,5.6787224,54.85849,76.1,1,422.0,1.0,q1_q17_dr25_tce,11111111111111111000000000000000,0.2423,Mandel and Agol (2002 ApJ 580 171),,,007/007764/007764367/dv/kplr007764367-20160209194854_dvr.pdf,007/007764/007764367/dv/kplr007764367-001-20160209194854_dvs.pdf,6432.0,177.0,-243.0,4.164,0.18,-0.198,0.14,0.2,-0.3,1.584,0.527,-0.395,1.337,0.189,-0.23,,,,q1_q17_dr25_stellar,295.47574,43.493141,13.949,14.367,13.919,13.77,13.766,12.921,12.725,12.574,0.0,19.6983805,4.6e-06,43.493009,6.3e-05,-0.11,0.18,-0.47,0.23,-2.9e-05,5e-05,-0.000181,6.4e-05,0.09,0.12,0.14,0.11,0.16,0.13,-0.02,0.13,0.08,0.11,0.08,0.1,K00685,single,thin,0.0654,True,thin,0.0654,1121,1121,0,category_count_exact_before_visual_qc,1.375,6686.1,4.099,-0.08,1.727,-0.579,-1.536,-1.57,1.89,6540.0,1.775,0.0,2.0,False,False,False,missing
131,5651104,K00840.01,Kepler-695 b,CONFIRMED,Done,2018-08-16,CANDIDATE,1.0,0,0,0,0,q1_q17_dr25_sup_koi,CENT_KIC_POS,3.04033046,3.37e-07,-3.37e-07,169.9490106,8.86e-05,-8.86e-05,2455002.949,8.86e-05,-8.86e-05,0.0,,,,,,0.736,0.013,-0.024,1.8411,0.0168,-0.0168,,,,10859.0,25.8,-25.8,0.104023,0.00047,-0.001431,2.31195,0.22911,-0.15635,LS+MCMC,8.99,0.8,-0.99,0.0374,,,85.95,,,1021.0,,,257.29,86.59,-76.86,10.41,1.0,-1.0,Claret (2011 A&A 529 75) ATLAS LS,0.0,0.0,0.1611,0.5575,q1_q17_dr25_koi,50.342957,653.36066,568.2,1,440.0,1.0,q1_q17_dr25_tce,11111111111111111000000000000000,0.2726,Mandel and Agol (2002 ApJ 580 171),,,005/005651/005651104/dv/kplr005651104-20160209194854_dvr.pdf,005/005651/005651104/dv/kplr005651104-001-20160209194854_dvs.pdf,5035.0,151.0,-151.0,4.519,0.084,-0.063,-0.06,0.3,-0.3,0.791,0.071,-0.087,0.754,0.095,-0.055,,,,q1_q17_dr25_stellar,299.3161,40.82238,15.028,15.823,14.978,14.687,14.505,13.514,13.016,12.922,0.0,19.95441782,5.1e-07,40.8222841,5.1e-06,0.483,0.021,-0.345,0.019,-0.00348,0.00076,0.00219,0.00098,0.243,0.071,-0.509,0.087,0.564,0.09,-0.01,0.068,0.115,0.068,0.116,0.068,K00840,single,thin,0.0485,False,thin,0.0485,1121,1121,0,category_count_exact_before_visual_qc,0.861,5248.5,4.335,0.172,1.039,-0.122,-1.112,-1.171,17.06,5029.0,1.103,0.0,3.0,False,False,False,missing
405,3114811,K01117.01,Kepler-774 b,CONFIRMED,Done,2018-08-16,CANDIDATE,1.0,0,0,0,0,q1_q17_dr25_sup_koi,NO_COMMENT,11.08956602,4.397e-05,-4.397e-05,141.76142,0.00338,-0.00338,2454974.761,0.00338,-0.00338,0.0,,,,,,0.02,0.432,-0.02,6.2877,0.0965,-0.0965,,,,148.1,4.4,-4.4,0.011202,0.00034,-0.000212,0.38989,0.01584,-0.12631,LS+MCMC,3.51,0.36,-1.01,0.1114,,,89.92,,,1422.0,,,965.62,306.5,-510.73,13.634,0.554,-0.554,Claret (2011 A&A 529 75) ATLAS LS,0.0,0.0,0.3044,0.3135,q1_q17_dr25_koi,5.101904,24.66807,38.9,1,118.0,1.0,q1_q17_dr25_tce,11111111111111111000000000000000,0.026,Mandel and Agol (2002 ApJ 580 171),,,003/003114/003114811/dv/kplr003114811-20160209194854_dvr.pdf,003/003114/003114811/dv/kplr003114811-001-20160209194854_dvs.pdf,6353.0,128.0,-115.0,3.698,0.248,-0.078,-0.1,0.15,-0.15,2.867,0.295,-0.826,1.497,0.172,-0.229,,,,q1_q17_dr25_stellar,291.03192,38.21196,12.808,13.093,12.769,12.686,12.695,11.902,11.652,11.64,0.582,19.4021202,6.3e-06,38.21188,9.8e-05,-0.36,0.27,-0.29,0.35,2.6e-05,4e-05,1.4e-05,5.2e-05,0.43,0.3,-0.22,0.26,0.49,0.29,0.33,0.3,-0.36,0.48,0.49,0.32,K01117,single,thin,0.1822,False,thin,0.1822,1121,1121,0,category_count_exact_before_visual_qc,1.43,6674.7,4.065,0.003,1.829,-0.638,-1.628,-1.684,1.78,6513.0,1.862,0.0,0.0,False,False,False,missing
583,10295951,K01154.01,,CANDIDATE,Done,2018-08-16,CANDIDATE,0.871,0,0,0,0,q1_q17_dr25_sup_koi,MOD_SEC_DV---MOD_SEC_ALT---PLANET_OCCULT_ALT---HAS_SEC_TCE,6.810823723,1.014e-06,-1.014e-06,136.04667,0.000115,-0.000115,2454969.047,0.000115,-0.000115,0.0,,,,,,0.57,0.011,-0.01,7.98574,0.00861,-0.00861,,,,14447.0,12.0,-12.0,0.114797,0.000239,-1.7e-05,0.10154,0.00224,-0.00275,LS+MCMC,26.06,6.36,-9.53,0.0798,,,84.8,,,1626.0,,,1656.16,1245.3,-1094.83,6.291,0.139,-0.139,Claret (2011 A&A 529 75) ATLAS LS,0.0,0.0,0.3287,0.2412,q1_q17_dr25_koi,384.02817,2688.337,1441.9,1,160.0,1.0,q1_q17_dr25_tce,11111101110111011000000000000000,0.31,Mandel and Agol (2002 ApJ 580 171),,,010/010295/010295951/dv/kplr010295951-20160209194854_dvr.pdf,010/010295/010295951/dv/kplr010295951-001-20160209194854_dvs.pdf,7226.0,228.0,-304.0,3.967,0.315,-0.135,-0.4,0.3,-0.3,2.079,0.507,-0.76,1.461,0.204,-0.306,,,,q1_q17_dr25_stellar,299.10281,47.377781,12.628,12.796,12.572,12.541,12.542,11.768,11.61,11.548,0.0,19.940189437,8e-08,47.37779511,7.9e-07,0.0525,0.0029,0.0544,0.0029,0.00038,0.00021,0.0002,0.00031,-0.006,0.067,-0.005,0.067,0.008,0.067,-0.01,0.067,-0.001,0.067,0.011,0.068,K01154,single,thin,0.0448,False,thin,0.0448,1121,1121,0,category_count_exact_before_visual_qc,2.11,7639.9,3.727,-0.023,3.268,-1.23,-2.083,-2.156,0.74,7221.0,3.417,0.0,0.0,False,False,False,missing
723,10854768,K01309.01,Kepler-812 b,CONFIRMED,Done,2018-08-16,CANDIDATE,1.0,0,0,0,0,q1_q17_dr25_sup_koi,NO_COMMENT,10.1171684,2.722e-05,-2.722e-05,137.44489,0.00213,-0.00213,2454970.445,0.00213,-0.00213,0.0,,,,,,0.296,0.16,-0.296,4.6677,0.0684,-0.0684,,,,288.7,6.6,-6.6,0.015702,0.000323,-0.000371,0.77147,0.16217,-0.17297,LS+MCMC,3.07,0.56,-0.67,0.1024,,,88.95,,,1163.0,,,433.41,201.94,-182.93,16.1,3.4,-3.4,Claret (2011 A&A 529 75) ATLAS LS,0.0,0.0,0.3061,0.3279,q1_q17_dr25_koi,5.367586,36.0002,50.6,1,130.0,1.0,q1_q17_dr25_tce,11111111111111111000000000000000,0.1888,Mandel and Agol (2002 ApJ 580 171),,,010/010854/010854768/dv/kplr010854768-20160209194854_dvr.pdf,010/010854/010854768/dv/kplr010854768-001-20160209194854_dvs.pdf,6306.0,81.0,-81.0,4.077,0.174,-0.116,0.24,0.15,-0.15,1.792,0.323,-0.394,1.399,0.113,-0.126,,,,q1_q17_dr25_stellar,288.85529,48.208542,13.832,14.013,13.772,13.727,13.755,13.006,12.755,12.832,0.001,19.257015,7.3e-06,48.208413,6.9e-05,-0.13,0.26,-0.46,0.25,7.4e-05,7.6e-05,0.000137,7.1e-05,-0.17,0.12,-0.07,0.19,0.18,0.14,-0.12,0.12,-0.01,0.19,0.12,0.12,K01309,single,thin,0.0487,False,thin,0.0487,1121,1121,0,category_count_exact_before_visual_qc,1.417,6951.9,4.144,-0.084,1.661,-0.517,-1.454,-1.531,1.44,6312.0,1.762,1.0,0.0,False,False,False,missing
1303,5039228,K01597.01,,CANDIDATE,Done,2018-08-16,CANDIDATE,1.0,0,0,0,0,q1_q17_dr25_sup_koi,CENT_CROWDED,7.79668781,2.065e-05,-2.065e-05,134.42081,0.0022,-0.0022,2454967.421,0.0022,-0.0022,0.0,,,,,,0.005,0.426,-0.005,4.6699,0.0639,-0.0639,,,,361.3,8.7,-8.7,0.017502,0.000452,-0.000256,0.68226,0.00143,-0.25753,LS+MCMC,2.44,0.49,-0.13,0.0848,,,89.98,,,1116.0,,,366.42,199.97,-65.89,12.9909,0.0272,-0.0272,Claret (2011 A&A 529 75) ATLAS LS,0.0,0.0,0.3155,0.3031,q1_q17_dr25_koi,8.3653965,51.74379,48.5,1,171.0,1.0,q1_q17_dr25_tce,11111111111111111000000000000000,0.3531,Mandel and Agol (2002 ApJ 580 171),,,005/005039/005039228/dv/kplr005039228-20160209194854_dvr.pdf,005/005039/005039228/dv/kplr005039228-001-20160209194854_dvs.pdf,6521.0,117.0,-143.0,4.352,0.025,-0.136,0.21,0.15,-0.15,1.276,0.255,-0.068,1.334,0.095,-0.086,,,,q1_q17_dr25_stellar,298.36884,40.173424,12.681,12.882,12.617,12.598,,11.583,11.409,11.321,0.0,19.8912577,2.8e-06,40.17332,4.2e-05,0.05,0.12,-0.37,0.15,-0.000154,4.3e-05,-0.000183,5.7e-05,6.6,1.1,9.9,1.5,11.9,1.8,0.06,0.13,-0.22,0.15,0.22,0.15,K01597,single,thin,0.0479,True,thin,0.0479,1121,1121,0,category_count_exact_before_visual_qc,1.541,6802.0,4.157,0.251,1.709,-0.516,-1.519,-1.538,0.88,6543.0,1.751,0.0,0.0,False,False,False,missing
1079,7287683,K01622.01,,CANDIDATE,Done,2018-08-16,CANDIDATE,0.855,0,0,0,0,q1_q17_dr25_sup_koi,NO_COMMENT,69.8347983,0.0003061,-0.0003061,168.78436,0.00372,-0.00372,2455001.784,0.00372,-0.00372,0.0,,,,,,0.672,0.233,-0.417,8.262,0.108,-0.108,,,,266.6,6.6,-6.6,0.01588,0.00185,-0.000638,0.46244,0.60661,-0.04028,LS+MCMC,3.51,0.92,-0.76,0.4019,,,89.22,,,765.0,,,80.97,63.22,-38.95,49.2,21.5,-21.5,Claret (2011 A&A 529 75) ATLAS LS,0.0,0.0,0.3299,0.2374,q1_q17_dr25_koi,10.4856205,33.151352,46.8,1,19.0,1.0,q1_q17_dr25_tce,11111111111111111000000000000000,0.5547,Mandel and Agol (2002 ApJ 580 171),,,007/007287/007287683/dv/kplr007287683-20160209194854_dvr.pdf,007/007287/007287683/dv/kplr007287683-001-20160209194854_dvs.pdf,7732.0,214.0,-322.0,4.075,0.135,-0.165,0.07,0.15,-0.35,2.022,0.533,-0.436,1.774,0.181,-0.294,,,,q1_q17_dr25_stellar,293.54889,42.888859,12.02,12.112,11.989,12.033,12.089,11.389,11.296,11.242,0.0,19.5699214,6.4e-06,42.888647,6.8e-05,-0.21,0.25,-0.77,0.25,5.9e-05,6.2e-05,0.000243,6e-05,-0.18,0.23,-0.05,0.33,0.19,0.24,-0.12,0.2,-0.04,0.34,0.13,0.21,K01622,single,thin,0.0517,False,thin,0.0517,1121,1121,0,category_count_exact_before_visual_qc,1.744,7751.7,4.12,0.018,1.897,-0.6,-1.549,-1.63,0.68,7730.0,1.906,0.0,0.0,False,False,False,missing
1634,5621125,K01814.01,Kepler-959 b,CONFIRMED,Done,2018-08-16,CANDIDATE,1.0,0,0,0,0,q1_q17_dr25_sup_koi,NO_COMMENT,14.80075082,4.039e-05,-4.039e-05,132.82179,0.00229,-0.00229,2454965.822,0.00229,-0.00229,0.0,,,,,,0.367,0.076,-0.367,5.762,0.0741,-0.0741,,,,501.4,10.6,-10.6,0.020773,0.000303,-0.000539,0.5652,0.17599,-0.06261,LS+MCMC,17.38,3.36,-6.24,0.1633,,,88.88,,,1912.0,,,3158.09,2258.59,-2193.8,18.71,5.8,-5.8,Claret (2011 A&A 529 75) ATLAS LS,0.0,0.0,0.3215,0.3232,q1_q17_dr25_koi,10.021543,63.108162,54.0,1,94.0,1.0,q1_q17_dr25_tce,11111111111111111000000000000000,0.7801,Mandel and Agol (2002 ApJ 580 171),,,005/005621/005621125/dv/kplr005621125-20160209194854_dvr.pdf,005/005621/005621125/dv/kplr005621125-001-20160209194854_dvs.pdf,6327.0,301.0,-452.0,3.092,0.287,-0.123,0.56,0.05,-0.15,7.663,1.482,-2.752,2.646,0.247,-0.534,,,,q1_q17_dr25_stellar,292.17117,40.811378,12.538,12.708,12.481,12.453,12.493,11.757,11.601,11.544,0.0,19.4780783,2.4e-06,40.81139,2.1e-05,0.012,0.1,0.035,0.075,0.00013,5e-05,2.9e-05,3.9e-05,0.17,0.12,-0.01,0.19,0.17,0.12,0.25,0.12,0.03,0.21,0.26,0.13,K01814,single,thin,0.1337,True,thin,0.1337,1121,1121,0,category_count_exact_before_visual_qc,1.42,6805.7,4.149,0.011,1.656,-0.511,-1.489,-1.554,1.44,6375.0,1.727,0.0,0.0,False,False,False,missing
1478,9763348,K01852.01,Kepler-982 b,CONFIRMED,Done,2018-08-16,CANDIDATE,1.0,0,0,0,0,q1_q17_dr25_sup_koi,NO_COMMENT,15.77382794,8.038e-05,-8.038e-05,137.53051,0.00408,-0.00408,2454970.531,0.00408,-0.00408,0.0,,,,,,0.035,0.419,-0.035,4.957,0.115,-0.115,,,,313.6,12.1,-12.1,0.016277,0.000585,-0.000394,1.14507,0.08254,-0.40825,LS+MCMC,2.72,0.52,-0.51,0.1291,,,89.92,,,955.0,,,196.14,104.29,-76.29,24.7,1.8,-1.8,Claret (2011 A&A 529 75) ATLAS LS,0.0,0.0,0.303,0.3166,q1_q17_dr25_koi,5.981702,34.133038,30.4,1,86.0,1.0,q1_q17_dr25_tce,11111111111111111000000000000000,0.0233,Mandel and Agol (2002 ApJ 580 171),,,009/009763/009763348/dv/kplr009763348-20160209194854_dvr.pdf,009/009763/009763348/dv/kplr009763348-001-20160209194854_dvs.pdf,6283.0,126.0,-113.0,4.129,0.168,-0.112,-0.06,0.15,-0.15,1.531,0.29,-0.29,1.15,0.135,-0.09,,,,q1_q17_dr25_stellar,288.41769,46.590431,13.205,13.753,13.148,12.97,,12.203,11.957,11.895,0.43,19.2278524,5.2e-06,46.590424,4.8e-05,0.26,0.19,-0.03,0.17,-5.2e-05,6.1e-05,2e-05,5.5e-05,0.32,0.14,-0.1,0.23,0.34,0.14,0.35,0.14,0.01,0.2,0.35,0.14,K01852,single,thin,0.0567,True,thin,0.0567,1121,1121,0,category_count_exact_before_visual_qc,1.259,6600.8,4.233,-0.192,1.413,-0.357,-1.337,-1.375,1.89,6333.0,1.462,0.0,0.0,False,False,False,missing
1661,9549648,K01886.01,Kepler-999 b,CONFIRMED,Done,2018-08-16,CANDIDATE,1.0,0,0,0,0,q1_q17_dr25_sup_koi,NO_COMMENT,5.99185827,1.095e-05,-1.095e-05,136.88244,0.00154,-0.00154,2454969.882,0.00154,-0.00154,0.0,,,,,,0.905,0.017,-0.637,1.7215,0.0462,-0.0462,,,,186.3,6.9,-6.9,0.014875,0.000147,-0.002182,0.97256,9.6587,-0.1984,LS+MCMC,2.75,0.49,-0.59,0.0681,,,85.77,,,1355.0,,,796.76,398.64,-345.22,12.27,6.1,-6.1,Claret (2011 A&A 529 75) ATLAS LS,0.0,0.0,0.305,0.3201,q1_q17_dr25_koi,6.325864,36.45288,32.1,1,223.0,1.0,q1_q17_dr25_tce,11111111111111111000000000000000,0.0767,Mandel and Agol (2002 ApJ 580 171),,,009/009549/009549648/dv/kplr009549648-20160209194854_dvr.pdf,009/009549/009549648/dv/kplr009549648-001-20160209194854_dvs.pdf,6157.0,124.0,-124.0,4.049,0.188,-0.101,-0.02,0.15,-0.15,1.695,0.3,-0.366,1.173,0.143,-0.117,,,,q1_q17_dr25_stellar,299.66046,46.198421,12.239,12.595,12.2,12.087,12.068,11.165,10.947,10.916,0.299,19.9773625,8.7e-06,46.198406,7.3e-05,-0.06,0.33,-0.05,0.26,2.8e-05,6e-05,3.7e-05,4.8e-05,-0.13,0.19,-0.01,0.21,0.14,0.19,-0.11,0.18,0.11,0.28,0.16,0.23,K01886,single,thin,0.1952,True,thin,0.1952,1121,1121,0,category_count_exact_before_visual_qc,1.384,6730.2,4.213,0.063,1.521,-0.409,-1.444,-1.485,1.23,6201.0,1.608,1.0,0.0,False,False,False,missing
1501,7755636,K01921.01,Kepler-1015 b,CONFIRMED,Done,2018-08-16,CANDIDATE,1.0,0,0,0,0,q1_q17_dr25_sup_koi,NO_COMMENT,16.00496657,5.331e-05,-5.331e-05,135.25305,0.00283,-0.00283,2454968.253,0.00283,-0.00283,0.0,,,,,,0.013,0.426,-0.012,6.5047,0.0847,-0.0847,,,,377.5,9.0,-9.0,0.017862,0.000485,-0.000254,0.51784,0.00021,-0.19922,LS+MCMC,3.71,0.76,-1.04,0.1396,,,89.96,,,1040.0,,,276.53,142.05,-141.18,19.14032,0.00776,-0.00776,Claret (2011 A&A 529 75) ATLAS LS,0.0,0.0,0.3168,0.2958,q1_q17_dr25_koi,5.9957867,34.956825,49.8,1,84.0,1.0,q1_q17_dr25_tce,11111111111111111000000000000000,0.8718,Mandel and Agol (2002 ApJ 580 171),,,007/007755/007755636/dv/kplr007755636-20160209194854_dvr.pdf,007/007755/007755636/dv/kplr007755636-001-20160209194854_dvs.pdf,6384.0,70.0,-89.0,4.029,0.24,-0.129,0.12,0.15,-0.2,1.904,0.388,-0.534,1.412,0.134,-0.201,,,,q1_q17_dr25_stellar,292.75732,43.42691,12.818,13.074,12.77,12.708,12.726,11.887,11.713,11.684,0.101,19.5171511,3.3e-06,43.426832,3.4e-05,-0.14,0.13,-0.28,0.12,7.4e-05,5e-05,7e-06,4.8e-05,0.07,0.14,0.03,0.16,0.08,0.14,0.12,0.15,-0.2,0.17,0.23,0.19,K01921,single,thin,0.1042,True,thin,0.1042,1121,1121,0,category_count_exact_before_visual_qc,1.368,6795.2,4.265,0.024,1.421,-0.327,-1.528,-1.48,0.86,6443.0,1.472,0.0,0.0,False,False,False,missing
1551,5631630,K02010.01,Kepler-1051 b,CONFIRMED,Done,2018-08-16,CANDIDATE,0.879,0,0,0,0,q1_q17_dr25_sup_koi,CENT_KIC_POS,25.96190067,9.616e-05,-9.616e-05,138.96908,0.00303,-0.00303,2454971.969,0.00303,-0.00303,0.0,,,,,,0.02,0.399,-0.02,6.2732,0.0941,-0.0941,,,,350.3,10.5,-10.5,0.017211,0.000523,-0.000256,0.93345,0.05316,-0.25184,LS+MCMC,3.25,0.59,-0.73,0.1891,,,89.96,,,850.0,,,123.11,57.42,-52.63,32.16,1.8,-1.8,Claret (2011 A&A 529 75) ATLAS LS,0.0,0.0,0.3052,0.3236,q1_q17_dr25_koi,7.560566,26.849998,37.5,1,43.0,1.0,q1_q17_dr25_tce,11111011101110111000000000000000,0.5893,Mandel and Agol (2002 ApJ 580 171),,,005/005631/005631630/dv/kplr005631630-20160209194854_dvr.pdf,005/005631/005631630/dv/kplr005631630-001-20160209194854_dvs.pdf,6369.0,77.0,-83.0,4.088,0.174,-0.116,0.06,0.15,-0.15,1.729,0.315,-0.386,1.337,0.123,-0.148,,,,q1_q17_dr25_stellar,295.15811,40.898849,13.2,13.421,13.127,13.054,13.04,12.221,11.993,12.01,0.001,19.6771931,7.7e-06,40.8991,0.00014,-0.55,0.31,0.9,0.5,-0.00014,0.00012,0.00033,0.00019,0.58,0.52,-0.5,1.0,0.8,1.0,-1.03,0.49,0.91,0.89,1.38,0.93,K02010,single,thin,0.0448,False,thin,0.0448,1121,1121,0,category_count_exact_before_visual_qc,1.343,6782.2,4.281,-0.014,1.385,-0.3,-1.432,-1.416,0.81,6417.0,1.433,0.0,0.0,False,False,False,missing
1571,8492026,K02016.01,Kepler-1054 b,CONFIRMED,Done,2018-08-16,CANDIDATE,1.0,0,0,0,0,q1_q17_dr25_sup_koi,NO_COMMENT,4.30656389,1.364e-05,-1.364e-05,132.44098,0.00271,-0.00271,2454965.441,0.00271,-0.00271,0.0,,,,,,0.894,0.004,-0.665,4.1107,0.0509,-0.0509,,,,257.0,7.5,-7.5,0.017299,0.000399,-0.002449,0.06502,0.48471,-0.00313,LS+MCMC,1.95,0.67,-0.23,0.054,,,77.07,,,1177.0,,,453.2,477.5,-150.37,3.99,2.0,-2.0,Claret (2011 A&A 529 75) ATLAS LS,0.0,0.0,0.2844,0.3661,q1_q17_dr25_koi,4.722371,31.381016,39.8,1,163.0,1.0,q1_q17_dr25_tce,10101010101010101000000000000000,0.0146,Mandel and Agol (2002 ApJ 580 171),,,008/008492/008492026/dv/kplr008492026-20160209194854_dvr.pdf,008/008492/008492026/dv/kplr008492026-001-20160209194854_dvs.pdf,6108.0,193.0,-236.0,4.466,0.056,-0.224,0.07,0.25,-0.3,1.03,0.357,-0.119,1.132,0.153,-0.153,,,,q1_q17_dr25_stellar,290.60114,44.556381,14.136,14.561,14.069,13.954,13.905,13.007,12.762,12.693,0.018,19.3734227,9.6e-06,44.556282,8.9e-05,0.49,0.37,-0.35,0.32,-0.000153,9.6e-05,9e-05,8.3e-05,0.21,0.15,0.01,0.2,0.21,0.15,0.16,0.15,0.17,0.21,0.23,0.18,K02016,single,thin,0.0677,False,thin,0.0677,1121,1121,0,category_count_exact_before_visual_qc,1.128,5979.4,4.187,0.018,1.411,-0.403,-1.34,-1.339,4.94,5909.0,1.423,0.0,0.0,False,False,False,missing
1409,9111849,K02042.01,,CANDIDATE,Done,2018-08-16,CANDIDATE,0.994,0,0,0,0,q1_q17_dr25_sup_koi,NO_COMMENT,63.0732241,0.0002866,-0.0002866,191.2532,0.00354,-0.00354,2455024.253,0.00354,-0.00354,0.0,,,,,,0.746,0.184,-0.533,5.397,0.122,-0.122,,,,671.3,25.5,-25.5,0.025655,0.00414,-0.002002,1.1794,2.36679,-0.88392,LS+MCMC,17.8,4.46,-8.91,0.4144,,,89.32,,,1077.0,,,317.78,202.95,-242.18,62.8,25.2,-25.2,Claret (2011 A&A 529 75) ATLAS LS,0.0,0.0,0.3215,0.3232,q1_q17_dr25_koi,11.3987055,35.425816,30.0,1,23.0,1.0,q1_q17_dr25_tce,11111111111111111000000000000000,0.6154,Mandel and Agol (2002 ApJ 580 171),,,009/009111/009111849/dv/kplr009111849-20160209194854_dvr.pdf,009/009111/009111849/dv/kplr009111849-001-20160209194854_dvs.pdf,6234.0,74.0,-74.0,3.209,0.458,-0.122,0.56,0.05,-0.1,6.354,1.59,-3.18,2.382,0.277,-0.514,,,,q1_q17_dr25_stellar,298.75018,45.4664,13.089,13.434,13.05,12.941,12.871,12.039,11.837,11.764,0.599,19.9166756,6.6e-06,45.466328,6.5e-05,-0.09,0.25,-0.26,0.23,-5e-05,0.00016,7e-05,0.00016,0.23,0.22,-0.22,0.19,0.31,0.13,0.15,0.12,-0.2,0.13,0.25,0.13,K02042,single,thin,0.0482,False,thin,0.0482,1121,1121,0,category_count_exact_before_visual_qc,1.673,7248.4,4.072,0.126,1.961,-0.664,-1.646,-1.751,0.9,6250.0,2.141,1.0,0.0,False,False,False,missing
1513,11360571,K02069.01,Kepler-1080 b,CONFIRMED,Done,2018-08-16,CANDIDATE,0.937,0,0,0,0,q1_q17_dr25_sup_koi,NO_COMMENT,77.2550726,0.0003913,-0.0003913,159.32399,0.00407,-0.00407,2454992.324,0.00407,-0.00407,0.0,,,,,,0.837,0.067,-0.59,10.214,0.161,-0.161,,,,589.5,15.2,-15.2,0.024976,0.001682,-0.00256,0.12697,0.50222,-0.01417,LS+MCMC,3.7,1.14,-0.66,0.3781,,,88.6,,,548.0,,,21.37,19.36,-9.04,34.2,16.9,-16.9,Claret (2011 A&A 529 75) ATLAS LS,0.0,0.0,0.311,0.2914,q1_q17_dr25_koi,7.940858,22.165401,44.0,1,17.0,1.0,q1_q17_dr25_tce,11111111111111111000000000000000,0.4643,Mandel and Agol (2002 ApJ 580 171),,,011/011360/011360571/dv/kplr011360571-20160209194854_dvr.pdf,011/011360/011360571/dv/kplr011360571-001-20160209194854_dvs.pdf,6564.0,181.0,-250.0,4.255,0.128,-0.192,-0.16,0.25,-0.3,1.356,0.417,-0.243,1.212,0.188,-0.188,,,,q1_q17_dr25_stellar,296.46448,49.182907,13.754,14.177,13.701,13.573,,12.448,12.215,12.176,0.869,19.764304,5.7e-06,49.182931,6.4e-05,0.17,0.2,0.09,0.23,0.0,0.00012,4e-05,0.00015,-0.12,0.19,-0.26,0.24,0.28,0.25,-0.13,0.18,-0.19,0.26,0.23,0.26,K02069,single,thin,0.0468,True,thin,0.0468,1121,1121,0,category_count_exact_before_visual_qc,1.598,6553.7,3.964,0.183,2.171,-0.815,-1.81,-1.856,1.49,6555.0,2.187,0.0,2.0,False,False,False,missing
1836,5022828,K02138.01,Kepler-1115 b,CONFIRMED,Done,2018-08-16,CANDIDATE,0.995,0,0,0,0,q1_q17_dr25_sup_koi,NO_COMMENT,23.5541012,0.0001812,-0.0001812,144.21486,0.00549,-0.00549,2454977.215,0.00549,-0.00549,0.0,,,,,,0.536,0.389,-0.328,7.3,0.159,-0.159,,,,95.2,3.7,-3.7,0.009353,7.4e-05,-0.000412,0.32025,0.14792,-0.29132,LS+MCMC,2.33,0.86,-0.7,0.2134,,,88.55,,,1381.0,,,859.63,961.81,-508.02,21.1,9.7,-9.7,Claret (2011 A&A 529 75) ATLAS LS,0.0,0.0,0.2915,0.2099,q1_q17_dr25_koi,9.340835,24.207443,29.9,1,43.0,1.0,q1_q17_dr25_tce,11111011101110111000000000000000,0.6993,Mandel and Agol (2002 ApJ 580 171),,,005/005022/005022828/dv/kplr005022828-20160209194854_dvr.pdf,005/005022/005022828/dv/kplr005022828-001-20160209194854_dvs.pdf,9565.0,302.0,-416.0,4.088,0.171,-0.209,0.07,0.15,-0.6,2.286,0.841,-0.688,2.335,0.366,-0.679,,,,q1_q17_dr25_stellar,294.99176,40.144409,11.98,11.97,11.984,12.127,12.196,11.566,11.555,11.512,0.125,19.666131,1.1e-05,40.14443,0.00014,0.52,0.44,0.06,0.51,-6e-05,4.2e-05,-1e-05,4.8e-05,0.77,0.29,-0.56,0.35,0.95,0.37,0.67,0.34,-0.54,0.35,0.86,0.39,K02138,single,thin,0.0458,False,thin,0.0458,1121,1121,0,category_count_exact_before_visual_qc,2.03,9246.9,4.237,-0.075,1.787,-0.456,-1.423,-1.434,0.25,9578.0,1.764,0.0,0.0,False,False,False,missing
1877,10617017,K02149.01,Kepler-1121 b,CONFIRMED,Done,2018-08-16,CANDIDATE,0.989,0,0,0,0,q1_q17_dr25_sup_koi,NO_COMMENT,13.15140223,7.976e-05,-7.976e-05,144.16237,0.00478,-0.00478,2454977.162,0.00478,-0.00478,0.0,,,,,,0.872,0.051,-0.589,5.439,0.133,-0.133,,,,97.8,4.4,-4.4,0.010455,0.00016,-0.00144,0.09341,0.55591,-0.00071,LS+MCMC,1.87,0.35,-0.39,0.1187,,,84.73,,,1008.0,,,243.84,125.97,-102.57,9.49,4.7,-4.7,Claret (2011 A&A 529 75) ATLAS LS,0.0,0.0,0.3052,0.3236,q1_q17_dr25_koi,5.246926,21.455776,25.5,1,84.0,1.0,q1_q17_dr25_tce,11111101110111011000000000000000,0.6279,Mandel and Agol (2002 ApJ 580 171),,,010/010617/010617017/dv/kplr010617017-20160209194854_dvr.pdf,010/010617/010617017/dv/kplr010617017-001-20160209194854_dvs.pdf,6154.0,111.0,-124.0,4.12,0.168,-0.126,0.14,0.15,-0.15,1.636,0.308,-0.339,1.287,0.119,-0.145,,,,q1_q17_dr25_stellar,297.78659,47.88612,12.071,12.404,12.019,11.928,11.913,11.076,10.865,10.795,0.036,19.852426,1.1e-05,47.88625,0.00011,-0.5,0.41,0.45,0.4,5.2e-05,4e-05,-4.2e-05,3.9e-05,-0.93,0.3,-0.24,0.34,0.96,0.32,-1.0,0.31,-0.12,0.34,1.0,0.31,K02149,single,thin,0.0592,True,thin,0.0592,1121,1121,0,category_count_exact_before_visual_qc,1.373,6561.1,4.263,0.178,1.43,-0.333,-1.474,-1.466,0.9,6212.0,1.47,0.0,0.0,False,False,False,missing
5849,11075429,K02198.01,Kepler-1137 b,CONFIRMED,Done,2018-08-16,CANDIDATE,0.991,0,0,0,0,q1_q17_dr25_sup_koi,NO_COMMENT,23.9210408,0.0001499,-0.0001499,139.07872,0.00501,-0.00501,2454972.079,0.00501,-0.00501,0.0,,,,,,0.936,0.014,-0.682,5.174,0.111,-0.111,,,,158.3,8.2,-8.2,0.013956,2.7e-05,-0.0025,0.08734,1.54961,-0.01262,LS+MCMC,3.01,0.65,-0.73,0.1871,,,86.12,,,1020.0,,,255.65,166.79,-127.88,13.82,6.8,-6.8,Claret (2011 A&A 529 75) ATLAS LS,0.0,0.0,0.3269,0.2559,q1_q17_dr25_koi,5.2307863,14.483508,21.9,1,45.0,1.0,q1_q17_dr25_tce,11111110111011101000000000000000,0.0224,Mandel and Agol (2002 ApJ 580 171),,,011/011075/011075429/dv/kplr011075429-20160209194854_dvr.pdf,011/011075/011075429/dv/kplr011075429-001-20160209194854_dvs.pdf,7121.0,199.0,-249.0,4.031,0.192,-0.128,-0.12,0.25,-0.35,1.972,0.427,-0.475,1.521,0.171,-0.278,,,,q1_q17_dr25_stellar,287.13028,48.665371,12.768,12.947,12.708,12.702,12.71,11.917,11.763,11.699,0.314,19.142016,1.3e-05,48.66528,0.00013,-0.05,0.48,-0.31,0.47,3e-06,7.4e-05,5.7e-05,7.3e-05,-0.16,0.21,0.39,0.3,0.42,0.3,-0.27,0.21,0.37,0.32,0.46,0.3,K02198,single,thin,0.0871,True,thin,0.0871,1121,1121,0,category_count_exact_before_visual_qc,1.431,6842.4,4.102,-0.045,1.753,-0.58,-1.563,-1.596,1.58,7115.0,1.735,0.0,0.0,False,False,False,missing
1748,3458028,K02276.01,Kepler-1171 b,CONFIRMED,Done,2018-08-16,CANDIDATE,1.0,0,0,0,0,q1_q17_dr25_sup_koi,NO_COMMENT,1.442592305,4.874e-06,-4.874e-06,134.07188,0.00278,-0.00278,2454967.072,0.00278,-0.00278,0.0,,,,,,0.207,0.248,-0.207,2.9698,0.0858,-0.0858,,,,166.0,7.1,-7.1,0.011979,0.000396,-0.000301,0.47046,0.02824,-0.18364,LS+MCMC,2.67,0.67,-0.91,0.0284,,,86.82,,,2700.0,,,12557.23,9301.91,-7901.93,3.727,0.224,-0.224,Claret (2011 A&A 529 75) ATLAS LS,0.0,0.0,0.3338,0.2367,q1_q17_dr25_koi,4.9855943,39.161354,27.1,1,742.0,1.0,q1_q17_dr25_tce,11111011101110111000000000000000,0.9861,Mandel and Agol (2002 ApJ 580 171),,,003/003458/003458028/dv/kplr003458028-20160209194854_dvr.pdf,003/003458/003458028/dv/kplr003458028-001-20160209194854_dvs.pdf,7216.0,203.0,-279.0,3.983,0.28,-0.151,-0.36,0.3,-0.3,2.043,0.507,-0.697,1.462,0.216,-0.265,,,,q1_q17_dr25_stellar,294.95892,38.591572,11.558,11.712,11.507,11.485,11.506,10.753,10.587,10.547,0.043,19.663932,3.7e-06,38.591585,4.9e-05,0.17,0.15,0.06,0.18,-1.4e-05,1.6e-05,1.9e-05,1.8e-05,-0.04,0.16,-0.15,0.14,0.16,0.15,-0.05,0.15,-0.04,0.15,0.06,0.17,K02276,single,thin,0.0437,False,thin,0.0437,1121,1121,0,category_count_exact_before_visual_qc,1.55,7133.9,4.104,0.015,1.818,-0.598,-1.54,-1.653,1.11,7225.0,1.831,0.0,0.0,False,False,False,missing
1775,5385304,K02370.01,,CANDIDATE,Done,2018-08-16,CANDIDATE,0.984,0,0,0,0,q1_q17_dr25_sup_koi,NO_COMMENT,78.7327023,0.0006488,-0.0006488,168.72926,0.00716,-0.00716,2455001.729,0.00716,-0.00716,0.0,,,,,,0.956,0.002,-0.731,5.041,0.268,-0.268,,,,495.8,30.1,-30.1,0.025724,0.000589,-0.005314,0.26668,9.56548,-0.07628,LS+MCMC,7.76,1.41,-2.61,0.419,,,88.77,,,761.0,,,79.13,43.47,-48.56,44.4,22.1,-22.1,Claret (2011 A&A 529 75) ATLAS LS,0.0,0.0,0.3218,0.2736,q1_q17_dr25_koi,6.0107636,16.153671,19.1,1,16.0,1.0,q1_q17_dr25_tce,11111111111111111000000000000000,0.6348,Mandel and Agol (2002 ApJ 580 171),,,005/005385/005385304/dv/kplr005385304-20160209194854_dvr.pdf,005/005385/005385304/dv/kplr005385304-001-20160209194854_dvs.pdf,6715.0,179.0,-219.0,3.754,0.292,-0.097,0.02,0.25,-0.3,2.763,0.5,-0.928,1.581,0.256,-0.256,,,,q1_q17_dr25_stellar,297.5582,40.541309,13.003,13.293,12.955,12.878,12.876,12.091,11.916,11.805,0.205,19.837238,1.1e-05,40.54147,0.0001,1.02,0.44,0.56,0.38,-0.00017,0.00018,-0.0001,0.00016,-0.14,0.32,0.11,0.15,0.18,0.24,0.07,0.31,0.26,0.15,0.27,0.19,K02370,single,thin,0.0508,False,thin,0.0508,1121,1121,0,category_count_exact_before_visual_qc,1.295,6717.0,4.323,-0.089,1.295,-0.229,-1.455,-1.366,0.59,6447.0,1.33,0.0,0.0,False,False,False,missing
2289,10336951,K02401.01,,CANDIDATE,Done,2018-08-16,CANDIDATE,0.996,0,0,0,0,q1_q17_dr25_sup_koi,CENT_KIC_POS,38.2292037,0.0002813,-0.0002813,166.01191,0.00647,-0.00647,2454999.012,0.00647,-0.00647,0.0,,,,,,0.571,0.37,-0.354,3.893,0.178,-0.178,,,,605.8,33.6,-33.6,0.023157,0.00779,-0.000977,3.34768,2.84547,-3.11267,LS+MCMC,1.51,0.13,-0.12,0.1865,,,89.49,,,359.0,,,3.92,1.2,-1.0,63.7,27.1,-27.1,Claret (2011 A&A 529 75) ATLAS LS,0.0,0.0,0.0966,0.6414,q1_q17_dr25_koi,5.812317,17.32579,21.0,1,35.0,1.0,q1_q17_dr25_tce,11111111111111111000000000000000,0.6587,Mandel and Agol (2002 ApJ 580 171),,,010/010336/010336951/dv/kplr010336951-20160209194854_dvr.pdf,010/010336/010336951/dv/kplr010336951-001-20160209194854_dvs.pdf,4544.0,121.0,-135.0,4.656,0.048,-0.032,-0.56,0.3,-0.3,0.598,0.05,-0.05,0.592,0.067,-0.038,,,,q1_q17_dr25_stellar,290.83627,47.444939,14.847,15.772,14.787,14.45,14.239,13.151,12.589,12.484,0.001,19.38908,1.7e-05,47.44475,0.00017,-0.13,0.62,-0.69,0.62,0.00018,0.0004,0.00075,0.0004,-0.41,0.23,-0.08,0.29,0.42,0.27,-0.3,0.24,0.27,0.31,0.41,0.27,K02401,single,thin,0.0461,False,thin,0.0461,1121,1121,0,category_count_exact_before_visual_qc,0.818,4940.4,4.447,0.299,0.892,0.058,-1.173,-1.251,,4542.0,0.967,0.0,1.0,False,False,False,missing
2169,6516185,K02445.01,,CANDIDATE,Done,2018-08-16,CANDIDATE,0.989,0,0,0,0,q1_q17_dr25_sup_koi,NO_COMMENT,47.3659328,0.0008396,-0.0008396,175.0355,0.0131,-0.0131,2455008.036,0.0131,-0.0131,0.0,,,,,,1.085,72.31,-6.696,7.929,0.558,-0.558,,,,757.0,54.8,-54.8,0.121506,72.29213,-6.679799,0.01829,14.4779,-0.14086,LS+MCMC,11.97,3.3,-1.42,0.2475,,,85.19,,,481.0,,,12.62,10.47,-4.03,12.94,6.5,-6.5,Claret (2011 A&A 529 75) ATLAS LS,0.0,0.0,0.2711,0.3858,q1_q17_dr25_koi,5.123215,13.911759,16.0,1,26.0,1.0,q1_q17_dr25_tce,11111111111111000000000000000,0.3864,Mandel and Agol (2002 ApJ 580 171),,,006/006516/006516185/dv/kplr006516185-20160209194854_dvr.pdf,006/006516/006516185/dv/kplr006516185-001-20160209194854_dvs.pdf,5708.0,169.0,-186.0,4.482,0.078,-0.182,-0.16,0.3,-0.3,0.902,0.249,-0.107,0.902,0.112,-0.092,,,,q1_q17_dr25_stellar,289.88446,41.906551,15.817,16.405,15.776,15.565,15.479,14.533,14.052,13.963,0.679,19.325632,2.6e-05,41.90672,0.00027,0.0,1.1,0.62,0.96,-0.00012,0.00084,-0.00033,0.00077,0.39,0.57,-0.47,0.53,0.61,0.71,0.3,0.5,-0.33,0.46,0.44,0.62,K02445,single,thin,0.2477,False,thin,0.2477,1121,1121,0,category_count_exact_before_visual_qc,0.851,5250.8,4.379,0.115,0.979,-0.053,-0.836,-0.93,15.7,5709.0,0.978,0.0,2.0,False,False,False,missing
2212,9753154,K02457.01,Kepler-1244 b,CONFIRMED,Done,2018-08-16,CANDIDATE,0.999,0,0,0,0,q1_q17_dr25_sup_koi,NO_COMMENT,3.70429015,2.561e-05,-2.561e-05,132.21478,0.00556,-0.00556,2454965.215,0.00556,-0.00556,0.0,,,,,,0.001,0.448,-0.001,3.37,0.165,-0.165,,,,55.7,4.2,-4.2,0.006909,0.00034,-0.000283,0.83907,0.09284,-0.37949,LS+MCMC,1.45,0.31,-0.45,0.0502,,,90.0,,,1839.0,,,2708.57,1645.31,-1578.0,8.475,0.938,-0.938,Claret (2011 A&A 529 75) ATLAS LS,0.0,0.0,0.3088,0.2774,q1_q17_dr25_koi,5.859686,16.847519,15.9,1,360.0,1.0,q1_q17_dr25_tce,11111111111111111000000000000000,0.4271,Mandel and Agol (2002 ApJ 580 171),,,009/009753/009753154/dv/kplr009753154-20160209194854_dvr.pdf,009/009753/009753154/dv/kplr009753154-001-20160209194854_dvs.pdf,6732.0,163.0,-204.0,3.958,0.273,-0.117,-0.42,0.3,-0.25,1.927,0.402,-0.603,1.23,0.189,-0.189,,,,q1_q17_dr25_stellar,282.30121,46.516201,12.402,12.599,12.336,12.267,12.292,11.503,11.351,11.269,0.043,18.820062,1.7e-05,46.51635,0.00015,-0.71,0.63,0.53,0.55,4.2e-05,3.4e-05,-3e-05,3e-05,-0.05,0.23,0.06,0.26,0.08,0.26,0.02,0.23,0.04,0.25,0.05,0.24,K02457,single,thin,0.0863,True,thin,0.0863,1121,1121,0,category_count_exact_before_visual_qc,1.624,6685.1,3.839,-0.035,2.524,-1.004,-1.982,-2.03,1.47,6730.0,2.551,0.0,0.0,False,False,False,missing
2075,12257999,K02577.01,,CANDIDATE,Done,2018-08-16,CANDIDATE,1.0,0,0,0,0,q1_q17_dr25_sup_koi,NO_COMMENT,18.55581565,8.276e-05,-8.276e-05,132.07105,0.00383,-0.00383,2454965.071,0.00383,-0.00383,0.0,,,,,,0.073,0.368,-0.073,5.372,0.115,-0.115,,,,565.9,19.5,-19.5,0.021575,0.000775,-0.000462,1.06884,0.02437,-0.41933,LS+MCMC,20.83,3.51,-7.62,0.1919,,,89.84,,,1793.0,,,2442.24,1705.42,-1750.19,26.895,0.613,-0.613,Claret (2011 A&A 529 75) ATLAS LS,0.0,0.0,0.2994,0.3651,q1_q17_dr25_koi,5.2022886,20.960503,33.2,1,73.0,1.0,q1_q17_dr25_tce,11111111111111111000000000000000,0.8579,Mandel and Agol (2002 ApJ 580 171),,,012/012257/012257999/dv/kplr012257999-20160209194854_dvr.pdf,012/012257/012257999/dv/kplr012257999-001-20160209194854_dvs.pdf,5988.0,335.0,-503.0,2.982,0.273,-0.117,0.56,0.05,-0.15,8.841,1.492,-3.232,2.734,0.212,-0.593,,,,q1_q17_dr25_stellar,291.28772,50.909149,13.506,13.723,13.434,13.382,13.389,12.594,12.388,12.367,0.643,19.4191827,4.8e-06,50.909119,5e-05,0.07,0.16,-0.11,0.18,-4.2e-05,9.7e-05,4e-05,0.00011,0.06,0.13,0.08,0.18,0.1,0.17,0.0,0.14,0.01,0.18,0.01,0.18,K02577,single,thin,0.0426,False,thin,0.0426,1121,1121,0,category_count_exact_before_visual_qc,1.405,6558.3,4.281,0.268,1.418,-0.311,-1.545,-1.525,0.48,6000.0,1.488,0.0,0.0,False,False,False,missing
2307,11337566,K02632.01,Kepler-1298 b,CONFIRMED,Done,2018-08-16,CANDIDATE,1.0,0,0,0,0,q1_q17_dr25_sup_koi,CENT_SATURATED,7.12815163,6.195e-05,-6.195e-05,136.88006,0.00702,-0.00702,2454969.88,0.00702,-0.00702,0.0,,,,,,0.201,0.272,-0.201,5.522,0.199,-0.199,,,,45.9,2.4,-2.4,0.006237,0.000268,-0.000188,0.34415,0.04401,-0.13594,LS+MCMC,1.36,0.25,-0.34,0.082,,,88.82,,,1373.0,,,839.5,428.34,-401.83,9.74,1.2,-1.2,Claret (2011 A&A 529 75) ATLAS LS,0.0,0.0,0.3061,0.3279,q1_q17_dr25_koi,3.967777,16.418793,22.0,1,150.0,1.0,q1_q17_dr25_tce,11111110111011101000000000000000,0.2461,Mandel and Agol (2002 ApJ 580 171),,,011/011337/011337566/dv/kplr011337566-20160209194854_dvr.pdf,011/011337/011337566/dv/kplr011337566-001-20160209194854_dvs.pdf,6311.0,113.0,-126.0,3.998,0.188,-0.116,0.18,0.15,-0.15,1.994,0.371,-0.495,1.443,0.138,-0.185,,,,q1_q17_dr25_stellar,284.42273,49.10622,11.392,11.655,11.323,11.28,11.261,10.415,10.214,10.149,0.185,18.961515,1.6e-05,49.10608,0.00017,-0.04,0.56,-0.5,0.61,4e-06,2.7e-05,2.6e-05,2.9e-05,-0.16,0.44,0.43,0.7,0.46,0.67,-0.1,0.44,0.43,0.7,0.44,0.69,K02632,single,thin,0.0509,True,thin,0.0509,1121,1121,0,category_count_exact_before_visual_qc,1.489,6519.8,3.932,-0.015,2.175,-0.846,-1.874,-1.922,1.87,6238.0,2.227,1.0,0.0,False,False,False,missing
2352,9697131,K02706.01,,CANDIDATE,Done,2018-08-16,CANDIDATE,1.0,0,0,0,0,q1_q17_dr25_sup_koi,CENT_SATURATED,3.09756897,3.169e-05,-3.169e-05,131.55889,0.00874,-0.00874,2454964.559,0.00874,-0.00874,0.0,,,,,,0.408,0.048,-0.408,4.588,0.224,-0.224,,,,83.3,6.7,-6.7,0.008516,0.000359,-0.000451,0.21869,0.09219,-0.06113,LS+MCMC,1.75,0.07,-0.08,0.0463,,,85.13,,,1782.0,,,2380.18,329.14,-330.55,4.8,2.0,-2.0,Claret (2011 A&A 529 75) ATLAS LS,0.0,0.0,0.3052,0.3236,q1_q17_dr25_koi,5.256843,29.25236,14.6,1,436.0,1.0,q1_q17_dr25_tce,11111111111111111000000000000000,0.7377,Mandel and Agol (2002 ApJ 580 171),,,009/009697/009697131/dv/kplr009697131-20160209194854_dvr.pdf,009/009697/009697131/dv/kplr009697131-001-20160209194854_dvs.pdf,6329.0,82.0,-76.0,4.026,0.016,-0.018,0.06,0.15,-0.15,1.885,0.075,-0.093,1.374,0.076,-0.131,,,,q1_q17_dr25_stellar,285.07767,46.419601,10.268,10.497,10.186,10.169,10.141,9.381,9.181,9.109,,19.0051999,6.6e-06,46.419754,5.6e-05,0.79,0.25,0.55,0.2,-5.1e-05,1.9e-05,,,-0.45,0.98,1.55,0.59,1.61,0.62,-0.16,0.83,1.72,0.6,1.73,0.57,K02706,single,thin,0.08,True,thin,0.08,1121,1121,0,category_count_exact_before_visual_qc,1.478,6553.5,4.045,0.116,1.904,-0.675,-1.716,-1.758,1.72,6337.0,1.948,1.0,0.0,False,False,False,missing
5733,4178606,K02728.01,Kepler-1326 b,CONFIRMED,Done,2018-08-16,CANDIDATE,0.999,0,0,0,0,q1_q17_dr25_sup_koi,NO_COMMENT,42.3520039,0.0003318,-0.0003318,131.61246,0.00582,-0.00582,2454964.612,0.00582,-0.00582,0.0,,,,,,0.659,0.276,-0.441,7.773,0.169,-0.169,,,,512.6,19.3,-19.3,0.021934,0.003715,-0.001015,0.3625,0.38463,-0.25245,LS+MCMC,6.3,1.13,-2.09,0.2743,,,88.84,,,938.0,,,182.91,99.7,-111.57,32.5,11.5,-11.5,Claret (2011 A&A 529 75) ATLAS LS,0.0,0.0,0.318,0.2734,q1_q17_dr25_koi,7.970776,25.312183,30.5,1,25.0,1.0,q1_q17_dr25_tce,11111011101110111000000000000000,0.4048,Mandel and Agol (2002 ApJ 580 171),,,004/004178/004178606/dv/kplr004178606-20160209194854_dvr.pdf,004/004178/004178606/dv/kplr004178606-001-20160209194854_dvs.pdf,6864.0,184.0,-225.0,3.783,0.285,-0.095,-0.16,0.3,-0.25,2.632,0.471,-0.875,1.535,0.219,-0.267,,,,q1_q17_dr25_stellar,296.22214,39.268959,12.852,13.067,12.781,12.737,12.735,11.952,11.733,11.7,0.285,19.7481379,4.1e-06,39.268966,5.2e-05,-0.2,0.17,0.02,0.19,0.0001,0.00011,-2e-05,0.00012,0.05,0.18,-0.33,0.19,0.33,0.19,0.08,0.18,-0.27,0.17,0.28,0.2,K02728,single,thin,0.09,True,thin,0.09,1121,1121,0,category_count_exact_before_visual_qc,1.338,6897.4,4.307,-0.091,1.341,-0.261,-1.412,-1.401,0.54,6858.0,1.346,0.0,0.0,False,False,False,missing
2587,6197215,K02829.01,Kepler-1879 b,CONFIRMED,Done,2018-08-16,CANDIDATE,1.0,0,0,0,0,q1_q17_dr25_sup_koi,NO_COMMENT,10.61345333,2.552e-05,-2.552e-05,135.6898,0.00193,-0.00193,2454968.69,0.00193,-0.00193,0.0,,,,,,0.535,0.427,-0.333,0.9829,0.0804,-0.0804,,,,150.2,10.1,-10.1,0.011648,0.00024,-0.000778,59.71227,48.31846,-13.45612,LS+MCMC,1.77,0.29,-0.37,0.0953,,,89.57,,,987.0,,,224.63,106.94,-92.42,70.8,28.7,-28.7,Claret (2011 A&A 529 75) ATLAS LS,0.0,0.0,0.2678,0.3958,q1_q17_dr25_koi,5.1719575,15.090083,20.0,1,126.0,1.0,q1_q17_dr25_tce,11111111111111111000000000000000,0.2538,Mandel and Agol (2002 ApJ 580 171),,,006/006197/006197215/dv/kplr006197215-20160209194854_dvr.pdf,006/006197/006197215/dv/kplr006197215-001-20160209194854_dvs.pdf,5865.0,117.0,-105.0,4.163,0.182,-0.098,0.0,0.15,-0.15,1.388,0.233,-0.284,1.023,0.098,-0.08,,,,q1_q17_dr25_stellar,289.36441,41.53323,12.824,13.201,12.776,12.663,12.623,11.753,11.496,11.444,0.297,19.290974,1.6e-05,41.53333,0.00016,0.56,0.63,0.35,0.57,-7.3e-05,9e-05,-4.5e-05,8.1e-05,-0.32,0.35,-0.18,0.28,0.37,0.37,-0.28,0.35,-0.06,0.28,0.28,0.36,K02829,single,thin,0.1473,False,thin,0.1473,1121,1121,0,category_count_exact_before_visual_qc,1.185,6112.1,4.201,0.003,1.424,-0.393,-1.403,-1.371,3.63,5875.0,1.462,0.0,0.0,False,False,False,missing
2589,9244508,K02830.01,Kepler-1360 b,CONFIRMED,Done,2018-08-16,CANDIDATE,0.989,0,0,0,0,q1_q17_dr25_sup_koi,NO_COMMENT,40.5289885,0.0002769,-0.0002769,168.01669,0.00532,-0.00532,2455001.017,0.00532,-0.00532,0.0,,,,,,0.325,0.107,-0.325,10.604,0.165,-0.165,,,,360.7,11.3,-11.3,0.017565,0.000383,-0.000539,0.25729,0.04891,-0.06991,LS+MCMC,5.92,0.83,-1.54,0.2866,,,89.34,,,933.0,,,178.81,64.88,-86.22,28.16,5.4,-5.4,Claret (2011 A&A 529 75) ATLAS LS,0.0,0.0,0.3318,0.2968,q1_q17_dr25_koi,6.0719967,18.550362,35.3,1,34.0,1.0,q1_q17_dr25_tce,11111111111111111000000000000000,0.7454,Mandel and Agol (2002 ApJ 580 171),,,009/009244/009244508/dv/kplr009244508-20160209194854_dvr.pdf,009/009244/009244508/dv/kplr009244508-001-20160209194854_dvs.pdf,6443.0,77.0,-90.0,3.74,0.21,-0.09,0.56,0.05,-0.15,3.086,0.432,-0.802,1.907,0.069,-0.257,,,,q1_q17_dr25_stellar,300.34406,45.623219,13.913,14.302,13.837,13.746,13.736,12.854,12.636,12.547,0.109,20.022954,1.1e-05,45.62307,0.00013,0.6,0.43,-0.52,0.48,2e-05,0.00014,0.00017,0.00016,-0.51,0.33,0.56,0.29,0.76,0.31,-0.56,0.33,0.37,0.3,0.67,0.32,K02830,single,thin,0.0916,False,thin,0.0916,1121,1121,0,category_count_exact_before_visual_qc,1.565,7004.7,4.035,0.014,1.978,-0.701,-1.627,-1.682,1.28,6438.0,2.097,0.0,0.0,False,False,False,missing
2635,6837283,K02914.01,,CANDIDATE,Done,2018-08-16,CANDIDATE,0.988,0,0,0,0,q1_q17_dr25_sup_koi,NO_COMMENT,21.1181653,0.0001574,-0.0001574,133.59196,0.00621,-0.00621,2454966.592,0.00621,-0.00621,0.0,,,,,,0.675,0.253,-0.452,9.734,0.176,-0.176,,,,112.7,4.9,-4.9,0.01031,0.001608,-0.000545,0.08255,0.10882,-0.00294,LS+MCMC,2.89,0.54,-1.02,0.1691,,,86.9,,,1110.0,,,359.11,205.87,-223.64,12.49,5.5,-5.5,Claret (2011 A&A 529 75) ATLAS LS,0.0,0.0,0.311,0.2938,q1_q17_dr25_koi,4.180391,12.486576,26.3,1,66.0,1.0,q1_q17_dr25_tce,11111111111111111000000000000000,0.618,Mandel and Agol (2002 ApJ 580 171),,,006/006837/006837283/dv/kplr006837283-20160209194854_dvr.pdf,006/006837/006837283/dv/kplr006837283-001-20160209194854_dvs.pdf,6461.0,175.0,-175.0,3.779,0.293,-0.098,-0.12,0.3,-0.25,2.566,0.485,-0.901,1.443,0.224,-0.274,,,,q1_q17_dr25_stellar,281.69159,42.397549,12.199,12.486,12.141,12.076,12.054,11.239,11.041,11.006,0.0,18.779421,1.1e-05,42.39772,0.0001,-0.72,0.43,0.61,0.37,5.9e-05,5.2e-05,-0.000107,4.5e-05,-1.26,0.35,-0.51,0.42,1.36,0.39,-1.19,0.33,-0.75,0.41,1.4,0.36,K02914,single,thin,0.4195,False,thin,0.4195,1121,1121,0,category_count_exact_before_visual_qc,1.455,6622.3,3.951,-0.098,2.104,-0.811,-1.855,-1.894,1.89,6469.0,2.139,0.0,2.0,False,False,False,missing
2472,8801316,K02956.01,Kepler-1394 b,CONFIRMED,Done,2018-08-16,CANDIDATE,1.0,0,0,0,0,q1_q17_dr25_sup_koi,NO_COMMENT,3.93766786,3.442e-05,-3.442e-05,135.27724,0.0081,-0.0081,2454968.277,0.0081,-0.0081,0.0,,,,,,0.226,0.216,-0.226,4.655,0.195,-0.195,,,,24.3,1.7,-1.7,0.004548,0.000166,-0.000233,0.31319,0.02367,-0.12835,LS+MCMC,1.36,0.16,-0.37,0.0555,,,87.96,,,1947.0,,,3388.82,1199.11,-1737.79,6.355,0.48,-0.48,Claret (2011 A&A 529 75) ATLAS LS,0.0,0.0,0.3044,0.3135,q1_q17_dr25_koi,3.3288972,11.470975,16.8,1,344.0,1.0,q1_q17_dr25_tce,11111111111111111000000000000000,0.0866,Mandel and Agol (2002 ApJ 580 171),,,008/008801/008801316/dv/kplr008801316-20160209194854_dvr.pdf,008/008801/008801316/dv/kplr008801316-001-20160209194854_dvs.pdf,6277.0,126.0,-113.0,3.728,0.218,-0.073,-0.06,0.15,-0.1,2.741,0.324,-0.757,1.465,0.182,-0.223,,,,q1_q17_dr25_stellar,283.45319,45.084141,11.801,12.011,11.731,11.706,11.707,10.948,10.724,10.679,0.19,18.896908,2.2e-05,45.08404,0.0002,1.08,0.85,-0.36,0.72,-2e-05,1.7e-05,4e-06,1.4e-05,0.3,0.4,0.6,0.38,0.67,0.39,0.39,0.39,0.43,0.39,0.58,0.39,K02956,single,thin,0.2373,True,thin,0.2373,1121,1121,0,category_count_exact_before_visual_qc,1.47,6642.5,4.01,0.002,1.978,-0.727,-1.737,-1.78,1.76,6422.0,2.02,0.0,0.0,False,False,False,missing
2907,7918652,K02984.01,,CANDIDATE,Done,2018-08-16,CANDIDATE,0.989,0,0,0,0,q1_q17_dr25_sup_koi,NO_COMMENT,11.45541896,9.72e-05,-9.72e-05,136.32524,0.00717,-0.00717,2454969.325,0.00717,-0.00717,0.0,,,,,,0.116,0.351,-0.116,4.95,0.222,-0.222,,,,68.6,5.1,-5.1,0.007587,0.000379,-0.000365,0.80005,0.07428,-0.37865,LS+MCMC,1.12,0.2,-0.11,0.1077,,,89.62,,,975.0,,,213.86,103.88,-56.26,17.7,1.6,-1.6,Claret (2011 A&A 529 75) ATLAS LS,0.0,0.0,0.3016,0.3403,q1_q17_dr25_koi,3.925649,12.340554,15.8,1,118.0,1.0,q1_q17_dr25_tce,11111111111111111000000000000000,0.9586,Mandel and Agol (2002 ApJ 580 171),,,007/007918/007918652/dv/kplr007918652-20160209194854_dvr.pdf,007/007918/007918652/dv/kplr007918652-001-20160209194854_dvs.pdf,6231.0,112.0,-137.0,4.276,0.076,-0.123,0.28,0.15,-0.2,1.356,0.239,-0.139,1.269,0.09,-0.09,,,,q1_q17_dr25_stellar,299.707,43.622601,13.066,13.516,13.034,12.873,12.821,11.972,11.718,11.637,0.056,19.980416,2.9e-05,43.62253,0.0003,-2.0,1.1,-0.2,1.1,0.000126,7.1e-05,1.8e-05,6.7e-05,-0.58,0.43,0.54,0.28,0.79,0.37,-0.61,0.44,0.6,0.27,0.85,0.36,K02984,single,thin,0.0471,True,thin,0.0471,1121,1121,0,category_count_exact_before_visual_qc,1.367,6414.8,4.124,0.104,1.673,-0.54,-1.57,-1.616,2.11,6123.0,1.73,1.0,2.0,False,False,False,missing
2660,9070666,K03008.01,Kepler-1408 b,CONFIRMED,Done,2018-08-16,CANDIDATE,0.603,0,0,0,0,q1_q17_dr25_sup_koi,CENT_KIC_POS,2.99792926,2.777e-05,-2.777e-05,131.76579,0.00786,-0.00786,2454964.766,0.00786,-0.00786,0.0,,,,,,0.403,0.092,-0.374,4.398,0.222,-0.222,,,,45.4,3.4,-3.4,0.006238,0.00024,-0.000364,0.23993,0.11128,-0.05838,LS+MCMC,1.12,0.2,-0.3,0.0425,,,85.24,,,1616.0,,,1611.51,740.37,-785.46,4.85,2.2,-2.2,Claret (2011 A&A 529 75) ATLAS LS,0.0,0.0,0.2891,0.3589,q1_q17_dr25_koi,4.0600533,11.777276,16.0,1,120.0,1.0,q1_q17_dr25_tce,100010001000100000000000000000,0.8228,Mandel and Agol (2002 ApJ 580 171),,,009/009070/009070666/dv/kplr009070666-20160209194854_dvr.pdf,009/009070/009070666/dv/kplr009070666-001-20160209194854_dvs.pdf,5888.0,79.0,-79.0,4.061,0.238,-0.102,0.14,0.15,-0.15,1.645,0.29,-0.435,1.136,0.122,-0.1,,,,q1_q17_dr25_stellar,282.69995,45.42577,12.003,12.326,11.949,11.864,11.864,10.976,10.736,10.694,0.806,18.846669,1.9e-05,45.42597,0.00022,0.23,0.71,0.73,0.78,0.0,3.1e-05,-1.2e-05,3.4e-05,-0.6,1.1,-0.18,0.76,0.6,1.0,-0.7,1.1,0.3,0.75,0.8,1.1,K03008,single,thin,0.0587,True,thin,0.0587,1121,1121,0,category_count_exact_before_visual_qc,1.296,6334.8,4.091,-0.068,1.691,-0.577,-1.604,-1.622,2.71,6018.0,1.744,1.0,0.0,False,False,False,missing
2815,8751796,K03125.01,Kepler-1435 b,CONFIRMED,Done,2018-08-16,CANDIDATE,0.957,0,0,0,0,q1_q17_dr25_sup_koi,NO_COMMENT,4.45342418,3.85e-05,-3.85e-05,133.09066,0.00635,-0.00635,2454966.091,0.00635,-0.00635,0.0,,,,,,0.569,0.37,-0.354,3.654,0.188,-0.188,,,,46.6,3.3,-3.3,0.00649,6.1e-05,-0.000526,0.4467,0.39669,-0.02287,LS+MCMC,0.9,0.17,-0.11,0.0546,,,85.8,,,1331.0,,,740.51,380.55,-217.28,7.77,3.4,-3.4,Claret (2011 A&A 529 75) ATLAS LS,0.0,0.0,0.302,0.319,q1_q17_dr25_koi,4.389647,13.850537,16.3,1,299.0,1.0,q1_q17_dr25_tce,11111111111111111000000000000000,0.1553,Mandel and Agol (2002 ApJ 580 171),,,008/008751/008751796/dv/kplr008751796-20160209194854_dvr.pdf,008/008751/008751796/dv/kplr008751796-001-20160209194854_dvs.pdf,6256.0,114.0,-126.0,4.269,0.12,-0.12,-0.08,0.15,-0.15,1.269,0.237,-0.158,1.087,0.105,-0.067,,,,q1_q17_dr25_stellar,291.17328,44.921131,12.938,13.205,12.89,12.824,12.827,11.995,11.785,11.729,0.046,19.41154,2.3e-05,44.92085,0.00023,-0.5,0.88,-0.99,0.83,2.7e-05,3.9e-05,4.5e-05,3.7e-05,-0.76,0.61,0.73,0.34,1.05,0.5,-0.73,0.61,0.67,0.34,1.0,0.5,K03125,single,thin,0.0725,True,thin,0.0725,1121,1121,0,category_count_exact_before_visual_qc,1.272,6640.3,4.28,-0.123,1.348,-0.29,-1.362,-1.368,1.3,6234.0,1.402,0.0,0.0,False,False,False,missing
4261,9579208,K03165.01,,CANDIDATE,Done,2018-08-16,CANDIDATE,1.0,0,0,0,0,q1_q17_dr25_sup_koi,CENT_SATURATED,4.11754421,2.626e-05,-2.626e-05,132.79189,0.00537,-0.00537,2454965.792,0.00537,-0.00537,0.0,,,,,,0.312,0.145,-0.312,4.362,0.135,-0.135,,,,34.3,1.8,-1.8,0.005429,0.000191,-0.00021,0.37015,0.12842,-0.07573,LS+MCMC,1.02,0.07,-0.04,0.0527,,,87.42,,,1581.0,,,1477.06,284.34,-177.38,6.92,2.4,-2.4,Claret (2011 A&A 529 75) ATLAS LS,0.0,0.0,0.3023,0.3153,q1_q17_dr25_koi,3.84024,13.636274,22.1,1,323.0,1.0,q1_q17_dr25_tce,11111111111111111000000000000000,0.887,Mandel and Agol (2002 ApJ 580 171),,,009/009579/009579208/dv/kplr009579208-20160209194854_dvr.pdf,009/009579/009579208/dv/kplr009579208-001-20160209194854_dvs.pdf,6263.0,81.0,-74.0,4.024,0.013,-0.013,-0.18,0.15,-0.15,1.726,0.111,-0.068,1.147,0.156,-0.078,,,,q1_q17_dr25_stellar,287.6376,46.204411,10.335,10.602,10.296,10.221,10.248,9.445,9.239,9.191,0.004,19.175845,1.5e-05,46.20394,0.00018,0.21,0.57,-1.68,0.64,0.0,1.8e-05,3.7e-05,2e-05,1.96,0.7,-0.71,0.96,2.08,0.87,1.18,0.71,0.19,0.91,1.2,0.65,K03165,single,thin,0.0476,True,thin,0.0476,1121,1121,0,category_count_exact_before_visual_qc,1.329,6525.7,4.055,-0.169,1.786,-0.636,-1.716,-1.726,2.36,6267.0,1.826,1.0,0.0,False,False,False,missing
4439,5985713,K03190.01,,CANDIDATE,Done,2018-08-16,CANDIDATE,1.0,0,0,0,0,q1_q17_dr25_sup_koi,CENT_SATURATED,8.95294046,8.727e-05,-8.727e-05,134.33731,0.00765,-0.00765,2454967.337,0.00765,-0.00765,0.0,,,,,,0.718,0.051,-0.507,2.995,0.229,-0.229,,,,44.0,4.0,-4.0,0.006519,0.001586,-0.000526,0.99211,1.75851,-0.96683,LS+MCMC,0.86,0.14,-0.15,0.0839,,,87.45,,,1012.0,,,247.66,111.75,-92.96,16.14,7.2,-7.2,Claret (2011 A&A 529 75) ATLAS LS,0.0,0.0,0.2916,0.3447,q1_q17_dr25_koi,3.6106873,11.1392765,13.0,1,153.0,1.0,q1_q17_dr25_tce,11111111111111111000000000000000,0.4387,Mandel and Agol (2002 ApJ 580 171),,,005/005985/005985713/dv/kplr005985713-20160209194854_dvr.pdf,005/005985/005985713/dv/kplr005985713-001-20160209194854_dvs.pdf,6047.0,120.0,-132.0,4.266,0.156,-0.104,-0.22,0.15,-0.15,1.207,0.191,-0.21,0.98,0.077,-0.07,,,,q1_q17_dr25_stellar,298.26816,41.251663,11.458,12.275,11.427,11.109,,11.254,11.0,10.956,0.0,19.884594,3.2e-05,41.25099,0.00029,2.0,1.3,-2.4,1.1,-9.9e-05,5.7e-05,0.000112,4.7e-05,0.8,1.5,-2.2,1.3,2.39,0.76,0.7,1.8,-2.3,1.5,2.4,1.0,K03190,single,thin,0.106,True,thin,0.106,1121,1121,0,category_count_exact_before_visual_qc,1.158,6610.0,4.404,-0.332,1.117,-0.084,-1.383,-1.335,0.44,5999.0,1.183,0.0,2.0,False,False,False,missing
4813,3122872,K03203.01,,CANDIDATE,Done,2018-08-16,CANDIDATE,0.999,0,0,0,0,q1_q17_dr25_sup_koi,NO_COMMENT,96.81647,0.0008937,-0.0008937,136.55813,0.00727,-0.00727,2454969.558,0.00727,-0.00727,0.0,,,,,,0.034,0.42,-0.034,10.227,0.19,-0.19,,,,164.7,7.3,-7.3,0.011823,0.000453,-0.000311,0.78957,0.03709,-0.27484,LS+MCMC,3.19,0.38,-0.91,0.4595,,,89.97,,,655.0,,,43.39,15.77,-22.77,73.14,3.4,-3.4,Claret (2011 A&A 529 75) ATLAS LS,0.0,0.0,0.31,0.2931,q1_q17_dr25_koi,5.811861,14.993851,25.9,1,16.0,1.0,q1_q17_dr25_tce,11111111111111111000000000000000,0.1548,Mandel and Agol (2002 ApJ 580 171),,,003/003122/003122872/dv/kplr003122872-20160209194854_dvr.pdf,003/003122/003122872/dv/kplr003122872-001-20160209194854_dvs.pdf,6404.0,129.0,-116.0,3.793,0.218,-0.058,-0.18,0.15,-0.1,2.467,0.301,-0.703,1.38,0.175,-0.195,,,,q1_q17_dr25_stellar,292.89218,38.270512,11.816,11.97,11.765,11.728,11.75,11.002,10.848,10.82,0.002,19.5261533,1e-05,38.27028,0.00014,0.31,0.42,-0.82,0.51,-0.000109,8.1e-05,0.000151,9.8e-05,0.52,0.27,0.9,0.65,1.04,0.58,0.51,0.65,1.06,0.93,1.18,0.65,K03203,single,thin,0.0654,True,thin,0.0654,1121,1121,0,category_count_exact_before_visual_qc,1.36,6802.5,4.128,-0.136,1.662,-0.532,-1.551,-1.593,1.8,6570.0,1.717,0.0,0.0,False,False,False,missing
4785,3120904,K03277.01,Kepler-1452 b,CONFIRMED,Done,2018-08-16,CANDIDATE,0.994,0,0,0,0,q1_q17_dr25_sup_koi,NO_COMMENT,42.9136635,0.0003306,-0.0003306,139.88848,0.00659,-0.00659,2454972.888,0.00659,-0.00659,0.0,,,,,,0.403,0.041,-0.403,5.227,0.166,-0.166,,,,160.6,10.1,-10.1,0.011762,0.000322,-0.000626,2.02553,0.89097,-0.28088,LS+MCMC,3.19,0.38,-0.83,0.2697,,,89.6,,,810.0,,,101.56,36.45,-50.4,58.2,25.6,-25.6,Claret (2011 A&A 529 75) ATLAS LS,0.0,0.0,0.2865,0.3671,q1_q17_dr25_koi,5.314401,14.554175,18.2,1,32.0,1.0,q1_q17_dr25_tce,11111111111111111000000000000000,0.1087,Mandel and Agol (2002 ApJ 580 171),,,003/003120/003120904/dv/kplr003120904-20160209194854_dvr.pdf,003/003120/003120904/dv/kplr003120904-001-20160209194854_dvs.pdf,6049.0,121.0,-121.0,3.8,0.21,-0.07,0.18,0.15,-0.15,2.483,0.299,-0.648,1.419,0.157,-0.192,,,,q1_q17_dr25_stellar,292.42282,38.266331,13.062,13.492,13.02,12.877,12.841,11.983,11.663,11.635,0.327,19.494865,1.9e-05,38.26614,0.00028,0.42,0.79,-0.69,0.99,-9e-05,0.00012,7e-05,0.00015,0.57,0.42,0.55,0.33,0.79,0.38,0.48,0.43,0.52,0.38,0.71,0.38,K03277,single,thin,0.182,True,thin,0.182,1121,1121,0,category_count_exact_before_visual_qc,1.393,6182.1,3.946,0.056,2.069,-0.811,-1.831,-1.748,2.6,6045.0,2.112,1.0,2.0,False,False,False,missing
4910,4282191,K03439.01,Kepler-1502 b,CONFIRMED,Done,2018-08-16,CANDIDATE,0.998,0,0,0,0,q1_q17_dr25_sup_koi,NO_COMMENT,41.7084063,0.0003158,-0.0003158,153.53793,0.00588,-0.00588,2454986.538,0.00588,-0.00588,0.0,,,,,,0.671,0.052,-0.493,8.567,0.189,-0.189,,,,330.0,15.3,-15.3,0.017621,0.002894,-0.000953,0.2506,0.32176,-0.01214,LS+MCMC,2.19,0.63,-0.27,0.2482,,,88.65,,,608.0,,,32.24,26.38,-10.54,28.5,12.2,-12.2,Claret (2011 A&A 529 75) ATLAS LS,0.0,0.0,0.3103,0.2947,q1_q17_dr25_koi,5.0990543,15.734998,24.3,1,24.0,1.0,q1_q17_dr25_tce,11111011101110111000000000000000,0.0985,Mandel and Agol (2002 ApJ 580 171),,,004/004282/004282191/dv/kplr004282191-20160209194854_dvr.pdf,004/004282/004282191/dv/kplr004282191-001-20160209194854_dvs.pdf,6434.0,144.0,-208.0,4.394,0.06,-0.18,-0.1,0.25,-0.3,1.138,0.33,-0.141,1.169,0.162,-0.146,,,,q1_q17_dr25_stellar,296.10791,39.319908,14.155,14.498,14.108,14.007,13.992,13.174,12.945,12.907,0.206,19.740513,1.6e-05,39.3198,0.00018,-0.64,0.68,-0.38,0.65,0.00022,0.00022,9e-05,0.00021,0.18,0.27,-0.19,0.33,0.26,0.3,0.1,0.28,-0.05,0.29,0.11,0.29,K03439,single,thin,0.0763,False,thin,0.0763,1121,1121,0,category_count_exact_before_visual_qc,1.458,6963.2,4.16,0.01,1.654,-0.497,-1.428,-1.465,1.19,6451.0,1.75,0.0,2.0,False,False,False,missing
5013,9664276,K03460.01,,CANDIDATE,Done,2018-08-16,CANDIDATE,0.992,0,0,0,0,q1_q17_dr25_sup_koi,NO_COMMENT,62.596544,0.001064,-0.001064,185.9931,0.0118,-0.0118,2455018.993,0.0118,-0.0118,0.0,,,,,,0.246,0.209,-0.246,11.477,0.487,-0.487,,,,223.1,16.3,-16.3,0.013638,0.000622,-0.000668,0.33225,0.05732,-0.11805,LS+MCMC,2.25,0.39,-0.48,0.3314,,,89.66,,,559.0,,,23.01,10.42,-9.48,40.98,7.1,-7.1,Claret (2011 A&A 529 75) ATLAS LS,0.0,0.0,0.2845,0.3747,q1_q17_dr25_koi,4.2040725,11.843333,15.5,1,19.0,1.0,q1_q17_dr25_tce,11111101110111011000000000000000,0.7669,Mandel and Agol (2002 ApJ 580 171),,,009/009664/009664276/dv/kplr009664276-20160209194854_dvr.pdf,009/009664/009664276/dv/kplr009664276-001-20160209194854_dvs.pdf,5934.0,80.0,-80.0,4.173,0.162,-0.122,0.32,0.15,-0.15,1.509,0.262,-0.32,1.237,0.099,-0.109,,,,q1_q17_dr25_stellar,297.37912,46.367069,14.451,14.921,14.412,14.25,14.171,13.263,12.928,12.892,0.037,19.825237,2.8e-05,46.36675,0.00032,-1.4,1.0,-1.2,1.2,0.00027,0.00021,0.00024,0.00024,-0.05,0.43,0.03,0.61,0.06,0.32,-0.04,0.45,0.17,0.55,0.17,0.49,K03460,single,thin,0.0803,False,thin,0.0803,1121,1121,0,category_count_exact_before_visual_qc,1.375,5902.6,3.996,0.319,1.93,-0.733,-1.566,-1.6,3.15,5938.0,1.98,1.0,2.0,False,False,False,missing
5058,5213404,K03468.01,Kepler-1508 b,CONFIRMED,Done,2018-08-16,CANDIDATE,0.999,0,0,0,0,q1_q17_dr25_sup_koi,NO_COMMENT,20.7057153,0.0007598,-0.0007598,139.9803,0.0222,-0.0222,2454972.98,0.0222,-0.0222,0.0,,,,,,0.922,0.046,-0.651,9.678,0.577,-0.577,,,,115.9,9.9,-9.9,0.012104,0.000111,-0.002666,0.0145,0.20774,-0.00902,LS+MCMC,3.22,0.56,-1.04,0.1629,,,82.32,,,967.0,,,206.73,95.46,-116.73,6.9,3.4,-3.4,Claret (2011 A&A 529 75) ATLAS LS,0.0,0.0,0.2638,0.4046,q1_q17_dr25_koi,3.6643867,11.643734,13.5,1,66.0,1.0,q1_q17_dr25_tce,11111111111111111000000000000000,0.3198,Mandel and Agol (2002 ApJ 580 171),,,005/005213/005213404/dv/kplr005213404-20160209194854_dvr.pdf,005/005213/005213404/dv/kplr005213404-001-20160209194854_dvs.pdf,5668.0,85.0,-76.0,3.792,0.255,-0.102,0.14,0.15,-0.15,2.437,0.423,-0.785,1.338,0.102,-0.256,,,,q1_q17_dr25_stellar,298.11887,40.37505,14.276,14.798,14.229,14.052,13.905,12.994,12.643,12.603,0.001,19.874533,2.4e-05,40.37472,0.0003,-2.44,1.0,-1.2,1.1,0.00031,0.00012,0.0001,0.00013,0.41,0.99,0.4,0.4,0.58,0.77,0.5,1.0,0.36,0.42,0.62,0.81,K03468,single,thin,0.0518,False,thin,0.0518,1121,1121,0,category_count_exact_before_visual_qc,1.109,6121.4,4.009,-0.302,1.718,-0.666,-1.486,-1.589,5.27,5675.0,1.819,1.0,2.0,False,False,False,missing
5156,8121328,K03486.01,,CANDIDATE,Done,2018-08-16,CANDIDATE,1.0,0,0,0,0,q1_q17_dr25_sup_koi,NO_COMMENT,19.0689513,0.0003439,-0.0003439,145.7515,0.0159,-0.0159,2454978.751,0.0159,-0.0159,0.0,,,,,,0.98,0.049,-0.782,12.462,0.913,-0.913,,,,169.3,9.6,-9.6,0.016821,0.001886,-0.005332,0.00194,0.15438,-0.00739,LS+MCMC,1.63,0.45,-0.24,0.129,,,72.95,,,627.0,,,36.63,30.27,-13.06,3.34,1.7,-1.7,Claret (2011 A&A 529 75) ATLAS LS,0.0,0.0,0.2434,0.4341,q1_q17_dr25_koi,4.5110664,14.969041,19.1,1,71.0,1.0,q1_q17_dr25_tce,11111111111111111000000000000000,0.6664,Mandel and Agol (2002 ApJ 580 171),,,008/008121/008121328/dv/kplr008121328-20160209194854_dvr.pdf,008/008121/008121328/dv/kplr008121328-001-20160209194854_dvs.pdf,5418.0,159.0,-159.0,4.436,0.133,-0.247,-0.2,0.35,-0.25,0.889,0.245,-0.132,0.788,0.122,-0.061,,,,q1_q17_dr25_stellar,298.82062,43.909859,14.371,15.015,14.334,14.095,13.962,13.023,12.641,12.513,0.927,19.921379,2.3e-05,43.90987,0.00022,0.14,0.88,0.03,0.81,-1e-05,0.00013,3e-05,0.00012,-0.05,0.63,-0.29,0.58,0.3,0.55,-0.8,0.62,-0.18,0.55,0.83,0.58,K03486,single,thin,0.3149,False,thin,0.3149,1121,1121,0,category_count_exact_before_visual_qc,1.137,5773.9,3.958,0.032,1.842,-0.748,-1.553,-1.674,6.11,5407.0,1.943,1.0,2.0,False,False,False,missing
5572,7515679,K03728.01,Kepler-1517 b,CONFIRMED,Done,2018-08-16,CANDIDATE,0.0,0,0,0,0,q1_q17_dr25_sup_koi,HAS_SEC_TCE,5.546083089,8.258e-06,-8.258e-06,133.50348,0.00123,-0.00123,2454966.503,0.00123,-0.00123,0.0,,,,,,0.902,0.013,-0.629,2.717,0.11,-0.11,,,,2211.0,45.5,-45.5,0.050506,0.001074,-0.006259,0.37243,3.10626,-0.08815,LS+MCMC,22.27,2.2,-12.5,0.078,,,83.88,,,2336.0,,,7027.09,2437.78,-5901.49,8.46,4.2,-4.2,Claret (2011 A&A 529 75) ATLAS LS,0.0,0.0,0.3221,0.2457,q1_q17_dr25_koi,29.96207,154.73193,56.4,1,238.0,1.0,q1_q17_dr25_tce,11111111111111111000000000000000,0.1774,Mandel and Agol (2002 ApJ 580 171),,,007/007515/007515679/dv/kplr007515679-20160209194854_dvr.pdf,007/007515/007515679/dv/kplr007515679-001-20160209194854_dvs.pdf,7358.0,203.0,-330.0,3.538,0.58,-0.061,-0.08,0.25,-0.3,4.037,0.4,-2.266,2.054,0.11,-0.585,,,,q1_q17_dr25_stellar,287.80722,43.188782,12.252,12.395,12.204,12.196,12.203,11.505,11.346,11.303,0.0,19.18715072,5e-07,43.1888299,5.8e-06,0.107,0.02,0.18,0.021,8.5e-05,6.4e-05,3.4e-05,8.3e-05,-0.014,0.07,0.014,0.072,0.02,0.068,0.028,0.07,0.128,0.072,0.131,0.073,K03728,single,thin,0.0435,False,thin,0.0435,1121,1121,0,category_count_exact_before_visual_qc,1.556,6994.7,4.064,0.056,1.911,-0.656,-1.702,-1.697,1.24,7350.0,1.883,0.0,0.0,False,False,False,missing
5901,7679812,K03943.01,Kepler-1931 b,CONFIRMED,Done,2018-08-16,CANDIDATE,0.974,0,0,0,0,q1_q17_dr25_sup_koi,NO_COMMENT,38.5763483,0.0002012,-0.0002012,167.85725,0.0044,-0.0044,2455000.857,0.0044,-0.0044,0.0,,,,,,0.015,0.304,-0.015,19.861,0.114,-0.114,,,,282.1,4.2,-4.2,0.015366,0.000231,-0.000162,0.04356,0.00062,-0.00749,LS+MCMC,2.05,0.36,-0.22,0.2356,,,89.94,,,619.0,,,34.77,17.02,-9.52,15.076,0.215,-0.215,Claret (2011 A&A 529 75) ATLAS LS,0.0,0.0,0.3024,0.3288,q1_q17_dr25_koi,5.621471,22.407873,76.3,1,33.0,1.0,q1_q17_dr25_tce,11111111111111111000000000000000,0.3655,Mandel and Agol (2002 ApJ 580 171),,,007/007679/007679812/dv/kplr007679812-20160209194854_dvr.pdf,007/007679/007679812/dv/kplr007679812-001-20160209194854_dvs.pdf,6167.0,111.0,-136.0,4.333,0.076,-0.123,0.12,0.15,-0.15,1.221,0.217,-0.133,1.174,0.086,-0.096,,,,q1_q17_dr25_stellar,290.87228,43.333,12.626,12.933,12.58,12.494,12.485,11.581,11.361,11.33,0.0,19.391482,2.1e-06,43.333239,2.9e-05,-0.157,0.083,0.86,0.1,1e-06,2.5e-05,9.7e-05,3.1e-05,-0.22,0.43,0.88,0.51,0.91,0.41,-0.47,0.37,0.72,0.4,0.86,0.22,K03943,single,thin,0.0521,False,thin,0.0521,1121,1121,0,category_count_exact_before_visual_qc,1.299,6603.8,4.235,-0.044,1.438,-0.361,-1.399,-1.408,1.6,6175.0,1.487,0.0,0.0,False,False,False,missing
3699,4078311,K04166.01,Kepler-1944 b,CONFIRMED,Done,2018-08-16,CANDIDATE,1.0,0,0,0,0,q1_q17_dr25_sup_koi,NO_COMMENT,9.84262076,3.528e-05,-3.528e-05,134.02155,0.0031,-0.0031,2454967.022,0.0031,-0.0031,0.0,,,,,,0.234,0.227,-0.234,1.6018,0.0873,-0.0873,,,,626.4,43.4,-43.4,0.022683,0.001133,-0.001009,19.93158,3.99851,-7.99659,LS+MCMC,2.41,0.58,-0.21,0.0918,,,89.71,,,801.0,,,97.62,72.68,-26.89,46.73,9.4,-9.4,Claret (2011 A&A 529 75) ATLAS LS,0.0,0.0,0.2111,0.4955,q1_q17_dr25_koi,3.6615045,14.454476,16.8,1,109.0,1.0,q1_q17_dr25_tce,11111011101110111000000000000000,0.535,Mandel and Agol (2002 ApJ 580 171),,,004/004078/004078311/dv/kplr004078311-20160209194854_dvr.pdf,004/004078/004078311/dv/kplr004078311-001-20160209194854_dvs.pdf,5585.0,175.0,-194.0,4.49,0.044,-0.176,0.48,0.05,-0.3,0.972,0.235,-0.084,1.064,0.084,-0.126,,,,q1_q17_dr25_stellar,296.5105,39.173321,15.308,15.949,15.219,15.033,14.94,14.013,13.595,13.447,0.581,19.767385,1.9e-05,39.17299,0.0002,0.8,0.8,-1.19,0.71,0.00034,0.0005,8e-05,0.00045,0.01,0.41,0.12,0.38,0.12,0.41,0.22,0.36,-0.31,0.34,0.39,0.35,K04166,single,thin,0.1925,False,thin,0.1925,1121,1121,0,category_count_exact_before_visual_qc,0.875,5387.1,4.342,0.067,1.037,-0.115,-0.908,-1.007,14.04,5580.0,1.031,0.0,2.0,False,False,False,missing
3955,9491832,K04226.01,,CANDIDATE,Done,2018-08-16,CANDIDATE,0.998,0,0,0,0,q1_q17_dr25_sup_koi,NO_COMMENT,49.564693,0.0008238,-0.0008238,170.6973,0.0102,-0.0102,2455003.697,0.0102,-0.0102,0.0,,,,,,0.685,0.009,-0.521,8.54,0.423,-0.423,,,,113.5,8.7,-8.7,0.010347,0.002236,-0.000742,0.27464,0.43044,-0.24699,LS+MCMC,1.63,0.3,-0.3,0.2835,,,88.81,,,588.0,,,28.19,14.16,-10.96,32.9,12.9,-12.9,Claret (2011 A&A 529 75) ATLAS LS,0.0,0.0,0.2821,0.3879,q1_q17_dr25_koi,3.7809377,10.440721,15.0,1,27.0,1.0,q1_q17_dr25_tce,11111111111111111000000000000000,0.7876,Mandel and Agol (2002 ApJ 580 171),,,009/009491/009491832/dv/kplr009491832-20160209194854_dvr.pdf,009/009491/009491832/dv/kplr009491832-001-20160209194854_dvs.pdf,5907.0,107.0,-131.0,4.212,0.143,-0.117,0.46,0.05,-0.15,1.442,0.263,-0.263,1.234,0.089,-0.109,,,,q1_q17_dr25_stellar,300.56241,46.037819,12.83,13.373,12.766,12.597,12.51,11.618,11.317,11.197,0.385,20.037441,4.2e-05,46.03783,0.00044,-2.0,1.6,0.0,1.6,0.00014,0.00018,8e-05,0.00019,2.0,1.4,0.4,1.3,2.0,1.1,2.0,1.5,0.3,1.3,2.0,1.2,K04226,single,thin,0.1752,True,thin,0.1752,1121,1121,0,category_count_exact_before_visual_qc,1.428,6114.4,4.047,0.33,1.865,-0.664,-1.651,-1.669,2.41,5844.0,1.958,1.0,2.0,False,False,False,missing
4050,9286088,K04318.01,,CANDIDATE,Done,2018-08-16,CANDIDATE,0.938,0,0,0,0,q1_q17_dr25_sup_koi,NO_COMMENT,14.8162925,0.0002631,-0.0002631,138.3761,0.0127,-0.0127,2454971.376,0.0127,-0.0127,0.0,,,,,,0.857,0.099,-0.608,4.973,0.362,-0.362,,,,108.2,10.0,-10.0,0.010848,0.001946,-0.0015,0.15843,0.86811,-0.13719,LS+MCMC,1.57,0.25,-0.21,0.1253,,,85.99,,,912.0,,,163.33,73.41,-49.91,12.25,6.1,-6.1,Claret (2011 A&A 529 75) ATLAS LS,0.0,0.0,0.3029,0.3239,q1_q17_dr25_koi,3.0066268,11.339767,12.5,1,89.0,1.0,q1_q17_dr25_tce,11111111111111111000000000000000,0.7085,Mandel and Agol (2002 ApJ 580 171),,,009/009286/009286088/dv/kplr009286088-20160209194854_dvr.pdf,009/009286/009286088/dv/kplr009286088-001-20160209194854_dvs.pdf,6356.0,115.0,-128.0,4.27,0.09,-0.11,0.0,0.15,-0.15,1.325,0.214,-0.175,1.191,0.096,-0.096,,,,q1_q17_dr25_stellar,293.93832,45.719021,12.583,12.834,12.534,12.476,12.483,11.704,11.506,11.46,0.002,19.595913,1.2e-05,45.71886,0.00014,0.93,0.47,-0.59,0.51,-8.3e-05,4.3e-05,5.9e-05,4.7e-05,0.36,0.51,0.1,0.34,0.37,0.51,0.34,0.51,0.2,0.33,0.39,0.47,K04318,single,thin,0.0504,True,thin,0.0504,1121,1121,0,category_count_exact_before_visual_qc,1.255,6521.7,4.32,-0.053,1.281,-0.227,-1.384,-1.332,0.99,6467.0,1.296,0.0,0.0,False,False,False,missing
3833,6792908,K04341.01,,CANDIDATE,Done,2018-08-16,CANDIDATE,1.0,0,0,0,0,q1_q17_dr25_sup_koi,NO_COMMENT,10.778313,0.0001588,-0.0001588,136.6142,0.0123,-0.0123,2454969.614,0.0123,-0.0123,0.0,,,,,,0.591,0.032,-0.469,5.256,0.313,-0.313,,,,90.7,8.4,-8.4,0.009117,0.000231,-0.000724,0.34473,0.30319,-0.32566,LS+MCMC,1.25,0.35,-0.23,0.0973,,,87.36,,,1067.0,,,306.18,260.18,-132.8,12.84,5.6,-5.6,Claret (2011 A&A 529 75) ATLAS LS,0.0,0.0,0.3085,0.2754,q1_q17_dr25_koi,3.298249,11.808358,12.5,1,125.0,1.0,q1_q17_dr25_tce,11111111111111111000000000000000,0.9453,Mandel and Agol (2002 ApJ 580 171),,,006/006792/006792908/dv/kplr006792908-20160209194854_dvr.pdf,006/006792/006792908/dv/kplr006792908-001-20160209194854_dvs.pdf,6726.0,212.0,-259.0,4.262,0.149,-0.182,-0.6,0.3,-0.35,1.258,0.35,-0.234,1.054,0.158,-0.118,,,,q1_q17_dr25_stellar,295.96259,42.200256,13.264,13.678,13.207,13.087,,12.268,12.114,12.032,0.144,19.730819,1.5e-05,42.20029,0.00018,-0.85,0.6,0.11,0.66,7.3e-05,4.8e-05,-9e-06,5.3e-05,0.36,0.59,0.01,0.84,0.36,0.57,0.4,0.61,-0.01,0.75,0.4,0.61,K04341,single,thin,0.0723,True,thin,0.0723,1121,1121,0,category_count_exact_before_visual_qc,1.416,6581.3,4.012,-0.059,1.937,-0.716,-1.729,-1.784,2.0,6728.0,1.932,0.0,0.0,False,False,False,missing
3944,9776794,K04363.01,,CANDIDATE,Done,2018-08-16,CANDIDATE,0.999,0,0,0,0,q1_q17_dr25_sup_koi,CENT_FEW_DIFFS,18.22211768,8.404e-05,-8.404e-05,553.06646,0.00339,-0.00339,2455386.066,0.00339,-0.00339,0.0,,,,,,0.973,69.79,-1.21,2.044,0.171,-0.171,,,,2318.0,185.0,-185.0,0.071242,69.73299,-1.157925,1.63499,441.09991,-0.25105,LS+MCMC,7.45,1.99,-1.22,0.1291,,,88.18,,,620.0,,,34.99,29.4,-13.78,30.6,15.3,-15.3,Claret (2011 A&A 529 75) ATLAS LS,0.0,0.0,0.1828,0.5324,q1_q17_dr25_koi,4.8291984,12.88854,15.2,1,19.0,1.0,q1_q17_dr25_tce,100000001111000000000000000,0.1487,Mandel and Agol (2002 ApJ 580 171),,,009/009776/009776794/dv/kplr009776794-20160209194854_dvr.pdf,009/009776/009776794/dv/kplr009776794-001-20160209194854_dvs.pdf,5162.0,181.0,-181.0,4.411,0.144,-0.252,0.32,0.15,-0.3,0.958,0.255,-0.157,0.862,0.073,-0.06,,,,q1_q17_dr25_stellar,294.36514,46.501759,16.084,16.956,15.977,15.711,15.566,14.595,14.105,13.943,0.0,19.6243251,1e-05,46.500941,4.8e-05,-0.66,0.37,-2.95,0.17,-0.0008,0.0015,-0.0008,0.0018,-0.73,0.24,1.35,0.18,1.53,0.2,-2.33,0.24,-0.99,0.18,2.53,0.23,K04363,single,thin,0.0826,True,thin,0.0826,1121,1121,0,category_count_exact_before_visual_qc,0.816,4965.0,4.456,0.239,0.876,0.072,-0.757,-0.789,,5154.0,0.993,0.0,0.0,False,False,False,missing
4011,4945764,K04377.01,,CANDIDATE,Done,2018-08-16,CANDIDATE,0.926,0,0,0,0,q1_q17_dr25_sup_koi,NO_COMMENT,19.8751355,0.0002829,-0.0002829,148.3935,0.0119,-0.0119,2454981.393,0.0119,-0.0119,0.0,,,,,,0.919,0.023,-0.639,8.041,0.271,-0.271,,,,109.0,8.4,-8.4,0.011384,0.000355,-0.002083,0.02491,0.32177,-0.0086,LS+MCMC,2.49,0.51,-0.42,0.1658,,,83.44,,,1061.0,,,299.47,154.58,-102.25,8.04,4.0,-4.0,Claret (2011 A&A 529 75) ATLAS LS,0.0,0.0,0.3299,0.2544,q1_q17_dr25_koi,3.853956,11.121983,15.2,1,68.0,1.0,q1_q17_dr25_tce,11111111111111111000000000000000,0.8391,Mandel and Agol (2002 ApJ 580 171),,,004/004945/004945764/dv/kplr004945764-20160209194854_dvr.pdf,004/004945/004945764/dv/kplr004945764-001-20160209194854_dvs.pdf,6918.0,72.0,-83.0,4.021,0.148,-0.121,0.0,0.15,-0.15,2.004,0.413,-0.338,1.536,0.149,-0.108,,,,q1_q17_dr25_stellar,297.16089,40.042858,13.543,14.009,13.515,13.344,13.265,12.385,12.193,12.1,0.027,19.810727,2.1e-05,40.04249,0.00024,0.05,0.87,-1.35,0.87,2e-06,9.3e-05,0.00013,9.3e-05,-0.52,0.51,0.23,0.47,0.57,0.51,-0.56,0.51,0.18,0.47,0.59,0.51,K04377,single,thin,0.0512,True,thin,0.0512,1121,1121,0,category_count_exact_before_visual_qc,1.991,8279.5,4.032,0.026,2.231,-0.759,-1.637,-1.715,0.59,6931.0,2.471,0.0,0.0,False,False,False,missing
3953,5780855,K04443.01,,CANDIDATE,Done,2018-08-16,CANDIDATE,0.988,0,0,0,0,q1_q17_dr25_sup_koi,NO_COMMENT,5.67577999,5.445e-05,-5.445e-05,134.91027,0.00854,-0.00854,2454967.91,0.00854,-0.00854,0.0,,,,,,0.91,0.059,-0.639,3.554,0.209,-0.209,,,,51.2,5.3,-5.3,0.007755,0.00132,-0.001314,0.09121,1.04352,-0.07062,LS+MCMC,1.22,0.39,-0.24,0.0678,,,80.26,,,1357.0,,,802.11,733.27,-354.6,5.38,2.7,-2.7,Claret (2011 A&A 529 75) ATLAS LS,0.0,0.0,0.3189,0.274,q1_q17_dr25_koi,2.9580958,9.853544,11.2,1,238.0,1.0,q1_q17_dr25_tce,11111111111111111000000000000000,0.8981,Mandel and Agol (2002 ApJ 580 171),,,005/005780/005780855/dv/kplr005780855-20160209194854_dvr.pdf,005/005780/005780855/dv/kplr005780855-001-20160209194854_dvs.pdf,6681.0,161.0,-241.0,4.233,0.124,-0.186,-0.08,0.25,-0.3,1.438,0.459,-0.282,1.294,0.2,-0.2,,,,q1_q17_dr25_stellar,288.56729,41.09013,13.802,14.098,13.755,13.675,13.657,12.839,12.64,12.561,0.075,19.237831,3e-05,41.08977,0.00031,0.4,1.2,-1.3,1.1,-1.5e-05,6.1e-05,6.8e-05,5.6e-05,-0.9,0.55,-0.93,0.61,1.29,0.73,-0.79,0.49,-0.9,0.6,1.2,0.7,K04443,single,thin,0.0646,False,thin,0.0646,1121,1121,0,category_count_exact_before_visual_qc,1.305,6455.6,4.186,0.015,1.52,-0.438,-1.376,-1.461,2.09,6354.0,1.548,0.0,2.0,False,False,False,missing
4194,7778427,K04482.01,,CANDIDATE,Done,2018-08-16,CANDIDATE,0.898,0,0,0,0,q1_q17_dr25_sup_koi,NO_COMMENT,5.38299284,7.434e-05,-7.434e-05,136.239,0.0121,-0.0121,2454969.239,0.0121,-0.0121,0.0,,,,,,0.417,0.026,-0.417,3.336,0.301,-0.301,,,,35.1,3.8,-3.8,0.005534,0.000268,-0.000414,0.94191,0.51767,-0.34647,LS+MCMC,0.78,0.14,-0.1,0.0627,,,87.88,,,1253.0,,,582.98,283.61,-174.7,11.3,3.1,-3.1,Claret (2011 A&A 529 75) ATLAS LS,0.0,0.0,0.3029,0.3239,q1_q17_dr25_koi,4.567354,9.382807,10.7,1,249.0,1.0,q1_q17_dr25_tce,11111111111111111000000000000000,0.6291,Mandel and Agol (2002 ApJ 580 171),,,007/007778/007778427/dv/kplr007778427-20160209194854_dvr.pdf,007/007778/007778427/dv/kplr007778427-001-20160209194854_dvs.pdf,6256.0,113.0,-126.0,4.27,0.115,-0.115,-0.02,0.15,-0.15,1.293,0.228,-0.166,1.135,0.106,-0.08,,,,q1_q17_dr25_stellar,299.09537,43.439098,12.642,12.986,12.581,12.494,12.47,11.578,11.444,11.347,0.169,19.939655,3.1e-05,43.43916,0.00028,-1.4,1.2,0.23,1.0,5.5e-05,4e-05,2e-06,3.3e-05,0.31,0.67,-1.1,0.83,1.14,0.92,0.23,0.81,-1.14,0.73,1.16,0.82,K04482,single,thin,0.0663,True,thin,0.0663,1121,1121,0,category_count_exact_before_visual_qc,1.22,6504.1,4.352,-0.113,1.218,-0.174,-1.378,-1.302,0.81,6241.0,1.242,0.0,0.0,False,False,False,missing
4789,8047428,K04747.01,Kepler-1621 b,CONFIRMED,Done,2018-08-16,CANDIDATE,0.98,0,0,0,0,q1_q17_dr25_sup_koi,NO_COMMENT,92.263742,0.002649,-0.002649,146.4247,0.0267,-0.0267,2454979.425,0.0267,-0.0267,0.0,,,,,,0.273,0.177,-0.272,8.605,0.725,-0.725,,,,296.9,28.1,-28.1,0.015844,0.000686,-0.001126,1.14445,0.1044,-0.60638,LS+MCMC,2.22,0.4,-0.3,0.4204,,,89.81,,,469.0,,,11.42,5.33,-3.37,80.16,7.3,-7.3,Claret (2011 A&A 529 75) ATLAS LS,0.0,0.0,0.2844,0.3661,q1_q17_dr25_koi,4.27339,10.347039,12.2,1,15.0,1.0,q1_q17_dr25_tce,11111111111111111000000000000000,0.8394,Mandel and Agol (2002 ApJ 580 171),,,008/008047/008047428/dv/kplr008047428-20160209194854_dvr.pdf,008/008047/008047428/dv/kplr008047428-001-20160209194854_dvs.pdf,6084.0,81.0,-90.0,4.287,0.099,-0.121,0.14,0.15,-0.15,1.283,0.23,-0.173,1.167,0.081,-0.089,,,,q1_q17_dr25_stellar,297.5885,43.841221,15.015,15.458,14.978,14.826,14.775,13.942,13.623,13.602,0.1,19.839248,3e-05,43.84155,0.00032,0.5,1.2,1.2,1.2,-0.00016,0.00037,-0.00041,0.00036,0.76,0.54,0.13,0.51,0.77,0.54,0.87,0.61,-0.06,0.87,0.87,0.62,K04747,single,thin,0.0669,False,thin,0.0669,1121,1121,0,category_count_exact_before_visual_qc,1.336,6743.7,4.299,0.002,1.352,-0.273,-1.248,-1.24,0.6,6087.0,1.42,0.0,0.0,False,False,False,missing
4793,9459162,K04818.01,,CANDIDATE,Done,2018-08-16,CANDIDATE,0.998,0,0,0,0,q1_q17_dr25_sup_koi,NO_COMMENT,3.79892774,9.915e-05,-9.915e-05,133.289,0.0213,-0.0213,2454966.289,0.0213,-0.0213,0.0,,,,,,0.13,0.325,-0.13,4.112,0.635,-0.635,,,,47.0,7.1,-7.1,0.00636,0.000436,-0.000646,0.46281,0.14332,-0.2994,LS+MCMC,1.46,0.32,-0.39,0.0547,,,88.95,,,1869.0,,,2888.6,1834.9,-1537.68,7.07,2.2,-2.2,Claret (2011 A&A 529 75) ATLAS LS,0.0,0.0,0.3189,0.274,q1_q17_dr25_koi,2.9231021,9.294282,8.3,1,357.0,1.0,q1_q17_dr25_tce,11111111111111111000000000000000,0.7309,Mandel and Agol (2002 ApJ 580 171),,,009/009459/009459162/dv/kplr009459162-20160209194854_dvr.pdf,009/009459/009459162/dv/kplr009459162-001-20160209194854_dvs.pdf,6831.0,163.0,-225.0,3.971,0.228,-0.123,-0.08,0.3,-0.3,2.106,0.463,-0.566,1.511,0.183,-0.252,,,,q1_q17_dr25_stellar,289.3483,46.05468,13.008,13.217,12.939,12.902,12.922,12.129,11.95,11.91,0.079,19.289878,2.5e-05,46.05493,0.00023,-0.29,0.94,0.9,0.81,1.4e-05,4.4e-05,-4.5e-05,3.8e-05,-0.05,0.29,0.07,0.31,0.09,0.34,-0.09,0.29,0.1,0.29,0.14,0.34,K04818,single,thin,0.0595,True,thin,0.0595,1121,1121,0,category_count_exact_before_visual_qc,1.432,6876.9,4.163,0.015,1.633,-0.489,-1.474,-1.526,1.29,6845.0,1.647,0.0,0.0,False,False,False,missing
4860,10584140,K04833.01,,CANDIDATE,Done,2018-08-16,CANDIDATE,1.0,0,0,0,0,q1_q17_dr25_sup_koi,NO_COMMENT,4.31724247,7.409e-05,-7.409e-05,133.4243,0.0134,-0.0134,2454966.424,0.0134,-0.0134,0.0,,,,,,0.252,0.207,-0.252,4.126,0.406,-0.406,,,,59.0,6.2,-6.2,0.007067,0.00039,-0.000496,0.48509,0.07071,-0.28895,LS+MCMC,1.01,0.29,-0.29,0.0516,,,88.15,,,1332.0,,,743.6,641.87,-412.12,7.82,1.1,-1.1,Claret (2011 A&A 529 75) ATLAS LS,0.0,0.0,0.2918,0.3434,q1_q17_dr25_koi,3.6406784,8.771031,11.3,1,143.0,1.0,q1_q17_dr25_tce,10011001100110011000000000000000,0.5908,Mandel and Agol (2002 ApJ 580 171),,,010/010584/010584140/dv/kplr010584140-20160209194854_dvr.pdf,010/010584/010584140/dv/kplr010584140-001-20160209194854_dvs.pdf,5992.0,188.0,-209.0,4.195,0.258,-0.172,-0.2,0.3,-0.3,1.31,0.371,-0.371,0.979,0.155,-0.127,,,,q1_q17_dr25_stellar,284.31693,47.887112,13.6,14.052,13.553,13.406,13.346,12.491,12.163,12.098,0.012,18.954371,3.5e-05,47.88712,0.00034,-3.3,1.3,0.0,1.2,0.000172,6.9e-05,2.7e-05,6.8e-05,0.68,0.92,0.27,0.71,0.73,0.9,0.51,0.92,0.54,0.71,0.74,0.82,K04833,single,thin,0.0488,False,thin,0.0488,1121,1121,0,category_count_exact_before_visual_qc,1.115,5898.4,4.135,0.026,1.495,-0.479,-1.434,-1.414,5.93,5747.0,1.522,1.0,0.0,False,False,False,missing
6320,3101178,K04963.01,,CANDIDATE,Done,2018-08-16,CANDIDATE,0.858,0,0,0,0,q1_q17_dr25_sup_koi,NO_COMMENT,59.4037839,0.0008493,-0.0008493,159.80356,0.00994,-0.00994,2454992.804,0.00994,-0.00994,0.0,,,,,,0.94,0.016,-0.661,10.041,0.276,-0.276,,,,123.5,8.2,-8.2,0.012476,6e-06,-0.002414,0.02663,0.51455,-0.01394,LS+MCMC,1.65,0.44,-0.37,0.2942,,,86.84,,,570.0,,,24.93,19.91,-11.98,17.06,8.5,-8.5,Claret (2011 A&A 529 75) ATLAS LS,0.0,0.0,0.3029,0.3026,q1_q17_dr25_koi,3.9041092,9.542946,17.0,1,23.0,1.0,q1_q17_dr25_tce,11111111111111111000000000000000,0.0287,Mandel and Agol (2002 ApJ 580 171),,,003/003101/003101178/dv/kplr003101178-20160209194854_dvr.pdf,003/003101/003101178/dv/kplr003101178-001-20160209194854_dvs.pdf,6373.0,179.0,-247.0,4.256,0.204,-0.167,-0.54,0.3,-0.3,1.209,0.325,-0.266,0.961,0.145,-0.108,,,,q1_q17_dr25_stellar,287.04688,38.231617,11.679,12.278,11.628,11.423,,11.246,11.001,10.975,0.682,19.136456,1.4e-05,38.23152,0.00019,-0.11,0.59,-0.35,0.69,1.3e-05,7.6e-05,4.2e-05,8.9e-05,-0.01,0.69,0.8,1.4,0.8,1.4,0.03,0.76,1.0,1.5,1.0,1.5,K04963,single,thin,0.0447,False,thin,0.0447,1121,1121,0,category_count_exact_before_visual_qc,1.724,6813.8,3.82,0.009,2.655,-1.045,-1.983,-2.05,1.24,6369.0,2.795,1.0,0.0,False,False,False,missing
6373,3425363,K04977.01,,CANDIDATE,Done,2018-08-16,CANDIDATE,,0,0,0,0,q1_q17_dr25_sup_koi,,25.5338535,0.0004043,-0.0004043,153.586,0.0139,-0.0139,2454986.586,0.0139,-0.0139,0.0,,,,,,0.1577,0.4801,-0.1576,2.076,0.562,-0.562,,,,368.0,124.0,-124.0,0.01702,0.005239,-0.00389,24.41299,501.96555,-23.1927,MCMC,1.18,0.1,-0.11,0.1454,,,89.95,,,410.0,,,6.66,2.2,-1.83,94.4,46.2,-46.2,Claret (2011 A&A 529 75) ATLAS LS,0.0,0.0,0.1157,0.6192,q1_q16_koi,,,8.3,1,,1.0,q1_q16_tce,,,Mandel and Agol (2002 ApJ 580 171),,,003/003425/003425363/dv/kplr003425363-20130815195353_dvr.pdf,003/003425/003425363/dv/kplr003425363-001-20130826182306_dvs.pdf,4445.0,134.0,-131.0,4.63,0.052,-0.031,-0.26,0.33,-0.32,0.635,0.055,-0.061,0.629,0.066,-0.052,,,,stellar_q1_q16,285.5293,38.548141,15.573,16.636,15.527,15.118,14.91,13.786,13.172,13.052,0.011,19.035282,3.5e-05,38.54789,0.00037,-0.2,1.5,-0.9,1.3,-0.00076,0.00064,0.0006,0.00058,2.5,1.8,-1.39,0.62,2.9,1.5,-0.5,1.7,-0.52,0.55,0.7,1.6,K04977,single,thin,0.1477,False,thin,0.1477,1121,1121,0,category_count_exact_before_visual_qc,0.792,4809.8,4.495,0.253,0.829,0.137,-0.954,-1.023,,4446.0,0.917,0.0,1.0,False,False,False,missing
6181,5551240,K05178.01,Kepler-1626 b,CONFIRMED,Done,2018-08-16,CANDIDATE,1.0,0,0,0,0,q1_q17_dr25_sup_koi,NO_COMMENT,4.13960513,4.082e-05,-4.082e-05,134.04705,0.00684,-0.00684,2454967.047,0.00684,-0.00684,0.0,,,,,,0.344,0.099,-0.344,3.31,0.184,-0.184,,,,106.7,10.6,-10.6,0.009625,0.000417,-0.000693,0.8298,0.31729,-0.25221,LS+MCMC,1.24,0.4,-0.13,0.0537,,,87.83,,,1352.0,,,789.48,728.35,-238.38,9.09,3.5,-3.5,Claret (2011 A&A 529 75) ATLAS LS,0.0,0.0,0.3103,0.2947,q1_q17_dr25_koi,4.5238996,11.426692,11.6,1,327.0,1.0,q1_q17_dr25_tce,11111111111111111000000000000000,0.6324,Mandel and Agol (2002 ApJ 580 171),,,005/005551/005551240/dv/kplr005551240-20160209194854_dvr.pdf,005/005551/005551240/dv/kplr005551240-001-20160209194854_dvs.pdf,6535.0,154.0,-212.0,4.373,0.065,-0.195,-0.1,0.25,-0.3,1.181,0.382,-0.127,1.202,0.164,-0.164,,,,q1_q17_dr25_stellar,296.50043,40.72123,14.275,14.612,14.223,14.131,14.084,13.255,13.039,12.967,0.009,19.766711,1.6e-05,40.72103,0.00014,0.6,0.64,-0.71,0.52,-0.000129,7.3e-05,5.3e-05,6e-05,-0.31,0.59,-0.19,0.55,0.36,0.69,-0.42,0.58,-0.22,0.52,0.47,0.65,K05178,single,thin,0.0492,False,thin,0.0492,1121,1121,0,category_count_exact_before_visual_qc,1.344,6653.6,4.219,0.031,1.485,-0.393,-1.334,-1.364,1.43,6553.0,1.521,0.0,0.0,False,False,False,missing
6560,7625138,K05406.01,,CANDIDATE,Done,2018-08-16,CANDIDATE,,0,0,0,0,q1_q17_dr25_sup_koi,,5.71966537,5.105e-05,-5.105e-05,131.78147,0.00788,-0.00788,2454964.781,0.00788,-0.00788,0.0,,,,,,0.1103,0.3589,-0.1103,3.938,0.195,-0.195,,,,19.1,1.8,-1.8,0.004029,0.000286,-0.000174,0.78869,0.05654,-0.37285,MCMC,0.82,0.34,-0.29,0.067,,,89.38,,,1479.0,,,1131.75,1344.26,-715.95,11.09,0.795,-0.795,Claret (2011 A&A 529 75) ATLAS LS,0.0,0.0,0.3071,0.3057,q1_q16_koi,,,11.3,1,,1.0,q1_q16_tce,,,Mandel and Agol (2002 ApJ 580 171),,,007/007625/007625138/dv/kplr007625138-20130815195353_dvr.pdf,007/007625/007625138/dv/kplr007625138-001-20130826182306_dvs.pdf,6356.0,151.0,-187.0,3.985,0.301,-0.212,-0.14,0.24,-0.28,1.865,0.767,-0.665,1.227,0.299,-0.22,,,,stellar_q1_q16,296.65967,43.27029,11.331,11.652,11.281,11.193,11.171,10.348,10.114,10.06,0.002,19.777362,3.1e-05,43.27083,0.00029,2.0,1.2,2.0,1.1,-3.3e-05,2.5e-05,-2.8e-05,2.2e-05,-0.19,0.87,-1.02,0.41,1.03,0.85,0.25,0.91,-0.81,0.46,0.84,0.91,K05406,single,thin,0.2021,True,thin,0.2021,1121,1121,0,category_count_exact_before_visual_qc,1.326,6613.5,4.261,0.042,1.41,-0.327,-1.448,-1.422,1.19,6317.0,1.439,0.0,0.0,False,False,False,missing
6589,7672215,K05411.01,,CANDIDATE,Done,2018-08-16,CANDIDATE,0.903,0,0,0,0,q1_q17_dr25_sup_koi,NO_COMMENT,11.1734401,0.0002168,-0.0002168,142.5962,0.0134,-0.0134,2454975.596,0.0134,-0.0134,0.0,,,,,,0.268,0.191,-0.268,4.545,0.457,-0.457,,,,61.3,8.0,-8.0,0.007326,0.000453,-0.000623,0.92097,0.26163,-0.49353,LS+MCMC,1.4,0.47,-0.28,0.1133,,,89.16,,,1279.0,,,632.06,635.93,-299.65,18.25,5.2,-5.2,Claret (2011 A&A 529 75) ATLAS LS,0.0,0.0,0.3376,0.2353,q1_q17_dr25_koi,3.3070433,8.559556,9.0,1,119.0,1.0,q1_q17_dr25_tce,11111111111111111000000000000000,0.1287,Mandel and Agol (2002 ApJ 580 171),,,007/007672/007672215/dv/kplr007672215-20160209194854_dvr.pdf,007/007672/007672215/dv/kplr007672215-001-20160209194854_dvs.pdf,7372.0,231.0,-334.0,4.142,0.124,-0.202,-0.04,0.2,-0.35,1.752,0.581,-0.358,1.552,0.219,-0.241,,,,q1_q17_dr25_stellar,287.93747,43.377659,13.335,13.484,13.286,13.289,13.309,12.553,12.39,12.344,0.082,19.195859,2.6e-05,43.37799,0.00028,1.1,1.0,1.2,1.0,-1.8e-05,5.3e-05,-6.4e-05,5.3e-05,0.69,0.53,-0.1,1.0,0.7,0.65,0.79,0.51,-0.13,0.9,0.81,0.59,K05411,single,thin,0.0828,True,thin,0.0828,1121,1121,0,category_count_exact_before_visual_qc,1.367,6894.8,4.113,-0.205,1.695,-0.557,-1.549,-1.599,1.78,7375.0,1.648,0.0,0.0,False,False,False,missing
6937,8279146,K05497.01,,CANDIDATE,Done,2018-08-16,CANDIDATE,,0,0,0,0,q1_q17_dr25_sup_koi,,93.359737,0.001796,-0.001796,155.8348,0.0144,-0.0144,2454988.835,0.0144,-0.0144,0.0,,,,,,0.0547,0.3851,-0.0545,5.397,0.458,-0.458,,,,38.3,6.2,-6.2,0.005735,0.000361,-0.000715,5.07358,1.26482,-2.70962,MCMC,1.05,0.49,-0.29,0.4308,,,89.95,,,592.0,,,29.01,39.16,-15.37,132.7,33.1,-33.1,Claret (2011 A&A 529 75) ATLAS LS,0.0,0.0,0.3117,0.2718,q1_q16_koi,,,8.1,1,,1.0,q1_q16_tce,,,Mandel and Agol (2002 ApJ 580 171),,,008/008279/008279146/dv/kplr008279146-20130815195353_dvr.pdf,008/008279/008279146/dv/kplr008279146-001-20130826182306_dvs.pdf,6809.0,153.0,-206.0,4.078,0.215,-0.256,-0.4,0.22,-0.3,1.673,0.78,-0.453,1.224,0.277,-0.187,,,,stellar_q1_q16,282.24631,44.28228,10.926,11.1,10.869,10.842,10.878,10.097,9.936,9.899,0.0,18.816366,5.3e-05,44.28147,0.00038,-2.1,2.1,-2.9,1.4,0.00011,0.00011,0.000158,7e-05,-1.96,0.74,-2.5,1.2,3.2,1.1,-1.82,0.83,-2.4,1.3,3.0,1.1,K05497,single,thin,0.1213,True,thin,0.1213,1121,1121,0,category_count_exact_before_visual_qc,1.464,7023.0,4.17,0.011,1.646,-0.488,-1.516,-1.61,1.12,6682.0,1.689,0.0,0.0,False,False,False,missing
6721,8745553,K05568.01,Kepler-1633 b,CONFIRMED,Done,2018-08-16,CANDIDATE,0.814,0,0,0,0,q1_q17_dr25_sup_koi,NO_COMMENT,62.134919,0.002027,-0.002027,154.0853,0.0267,-0.0267,2454987.085,0.0267,-0.0267,0.0,,,,,,0.827,0.127,-0.621,8.711,0.854,-0.854,,,,147.5,15.4,-15.4,0.012505,0.001695,-0.0019,0.15864,0.38905,-0.14669,LS+MCMC,6.71,1.09,-3.27,0.3875,,,88.51,,,925.0,,,172.96,73.65,-130.23,31.9,15.6,-15.6,Claret (2011 A&A 529 75) ATLAS LS,0.0,0.0,0.2918,0.3647,q1_q17_dr25_koi,4.8211575,9.631921,10.6,1,8.0,1.0,q1_q17_dr25_tce,1010101010101010000000000000000,0.1921,Mandel and Agol (2002 ApJ 580 171),,,008/008745/008745553/dv/kplr008745553-20160209194854_dvr.pdf,008/008745/008745553/dv/kplr008745553-001-20160209194854_dvs.pdf,5889.0,79.0,-88.0,3.358,0.45,-0.079,0.28,0.15,-0.15,4.912,0.799,-2.396,2.006,0.136,-0.511,,,,q1_q17_dr25_stellar,288.5152,44.923229,13.435,13.763,13.395,13.295,13.273,12.447,12.19,12.109,0.301,19.234381,3.3e-05,44.92315,0.00036,1.3,1.2,-0.3,1.3,-0.00022,0.00019,4e-05,0.0002,-1.12,0.46,0.64,0.76,1.29,0.69,-1.14,0.35,0.52,0.65,1.25,0.45,K05568,single,thin,0.3267,True,thin,0.3267,1121,1121,0,category_count_exact_before_visual_qc,1.308,6266.5,4.018,-0.086,1.846,-0.689,-1.727,-1.673,2.87,5875.0,1.92,1.0,0.0,False,False,False,missing
6926,9993683,K05748.01,,CANDIDATE,Done,2018-08-16,CANDIDATE,0.989,0,0,0,0,q1_q17_dr25_sup_koi,NO_COMMENT,29.9371143,0.000511,-0.000511,145.1081,0.0131,-0.0131,2454978.108,0.0131,-0.0131,0.0,,,,,,0.321,0.142,-0.321,4.435,0.42,-0.42,,,,194.3,20.1,-20.1,0.012571,0.000689,-0.001087,2.56333,0.75601,-1.28614,LS+MCMC,1.19,0.06,-0.1,0.1758,,,89.63,,,501.0,,,14.87,2.65,-3.19,49.5,14.6,-14.6,Claret (2011 A&A 529 75) ATLAS LS,0.0,0.0,0.1496,0.5746,q1_q17_dr25_koi,4.789839,9.361239,11.6,1,44.0,1.0,q1_q17_dr25_tce,11111111111111111000000000000000,0.3195,Mandel and Agol (2002 ApJ 580 171),,,009/009993/009993683/dv/kplr009993683-20160209194854_dvr.pdf,009/009993/009993683/dv/kplr009993683-001-20160209194854_dvs.pdf,5115.0,84.0,-76.0,4.47,0.09,-0.03,0.12,0.15,-0.15,0.866,0.044,-0.075,0.808,0.06,-0.03,,,,q1_q17_dr25_stellar,282.50021,46.918571,14.489,15.146,14.426,14.208,14.112,13.107,12.62,12.603,0.074,18.833331,3.7e-05,46.91815,0.00034,-0.6,1.4,-1.5,1.2,0.00011,0.00025,0.00028,0.00023,-0.08,0.44,-1.14,0.51,1.14,0.51,-0.04,0.41,-1.14,0.51,1.14,0.51,K05748,single,thin,0.0451,False,thin,0.0451,1121,1121,0,category_count_exact_before_visual_qc,0.863,5258.9,4.341,0.168,1.035,-0.113,-1.157,-1.252,16.58,5112.0,1.061,0.0,1.0,False,False,False,missing
7174,11407847,K05895.01,,CANDIDATE,Done,2018-08-16,CANDIDATE,0.949,0,0,0,0,q1_q17_dr25_sup_koi,NO_COMMENT,11.8307724,0.000294,-0.000294,140.1105,0.0234,-0.0234,2454973.11,0.0234,-0.0234,0.0,,,,,,0.592,0.369,-0.383,8.791,0.532,-0.532,,,,136.0,12.9,-12.9,0.011053,0.00017,-0.00112,0.08191,0.1059,-0.00016,LS+MCMC,1.16,0.29,-0.17,0.0968,,,85.99,,,770.0,,,83.17,63.41,-29.6,8.46,3.6,-3.6,Claret (2011 A&A 529 75) ATLAS LS,0.0,0.0,0.2396,0.4415,q1_q17_dr25_koi,3.1806917,10.367621,12.4,1,114.0,1.0,q1_q17_dr25_tce,11111111111111111000000000000000,0.769,Mandel and Agol (2002 ApJ 580 171),,,011/011407/011407847/dv/kplr011407847-20160209194854_dvr.pdf,011/011407/011407847/dv/kplr011407847-001-20160209194854_dvs.pdf,5550.0,166.0,-166.0,4.411,0.124,-0.186,-0.08,0.3,-0.3,0.958,0.241,-0.141,0.862,0.111,-0.074,,,,q1_q17_dr25_stellar,294.30084,49.240311,15.337,15.953,15.288,15.073,14.985,14.021,13.567,13.494,0.706,19.620064,3.6e-05,49.24047,0.00037,0.3,1.3,0.6,1.3,-6e-05,0.00017,-7e-05,0.00018,0.62,0.72,-0.09,0.77,0.63,0.72,0.4,0.72,-0.05,0.77,0.4,0.72,K05895,single,thin,0.0512,False,thin,0.0512,1121,1121,0,category_count_exact_before_visual_qc,1.111,5255.7,3.786,-0.024,2.207,-1.004,-1.608,-1.702,6.51,5550.0,2.209,1.0,2.0,False,False,False,missing
7075,11811382,K05934.01,,CANDIDATE,Done,2018-08-16,CANDIDATE,,0,0,0,0,q1_q17_dr25_sup_koi,LPP_ALT_TOO_HIGH---EYEBALL---INVERT_DIFF,19.3854894,0.0006356,-0.0006356,142.34859,0.00512,-0.00512,2454975.349,0.00512,-0.00512,0.0,,,,,,0.0074,0.503,-0.0073,1.031,0.238,-0.238,,,,4560.0,1128.0,-1128.0,0.061464,0.012407,-0.004491,178.09914,201.63521,-173.67519,MCMC,6.13,2.97,-0.83,0.1312,,,89.95,,,632.0,,,37.73,56.56,-12.21,152.4,57.5,-57.5,Claret (2011 A&A 529 75) ATLAS LS,0.0,0.0,0.2325,0.4526,q1_q17_dr24_koi,6.6949096,18.876179,2.7,1,69.0,1.0,q1_q17_dr24_tce,11111111111111111000000000000000,,Mandel and Agol (2002 ApJ 580 171),,,011/011811/011811382/dv/kplr011811382-20141002224145_dvr.pdf,011/011811/011811382/dv/kplr011811382-001-20141002224145_dvs.pdf,5432.0,172.0,-133.0,4.42,0.122,-0.314,-0.16,0.34,-0.26,0.913,0.443,-0.124,0.801,0.143,-0.06,,,,stellar_q1_q16,290.36365,50.052608,13.891,14.478,13.833,13.639,13.54,12.557,12.171,12.047,0.0,19.357546,1.5e-05,50.05271,0.00017,-1.04,0.51,0.37,0.61,0.0004,0.00017,-0.00013,0.00021,-0.64,0.14,0.85,0.15,1.07,0.16,-0.52,0.14,0.71,0.14,0.88,0.16,K05934,single,thin,0.0576,True,thin,0.0576,1121,1121,0,category_count_exact_before_visual_qc,0.88,5208.0,4.51,0.14,0.861,0.136,-0.914,-0.875,6.42,5437.0,0.846,0.0,0.0,False,False,False,missing
7544,9418619,K06068.01,,CANDIDATE,Done,2018-08-16,CANDIDATE,0.0,0,0,0,0,q1_q17_dr25_sup_koi,MOD_SEC_DV---MOD_SEC_ALT---DEEP_V_SHAPED---HAS_SEC_TCE---CENT_SATURATED,6.150251376,7e-07,-7e-07,134.4228253,8.79e-05,-8.79e-05,2454967.423,8.79e-05,-8.79e-05,0.0,,,,,,1.27,0.247,-0.116,1.68923,0.00306,-0.00306,,,,2128.7,2.2,-2.2,0.319491,0.240851,-0.110863,0.50105,0.02003,-0.0402,LS+MCMC,100.03,34.46,-37.93,0.0875,,,82.71,,,2251.0,,,6066.49,6163.4,-4172.88,10.006,0.4,-0.4,Claret (2011 A&A 529 75) ATLAS LS,0.0,0.0,0.2912,0.2291,q1_q17_dr25_koi,117.93268,1004.3967,471.0,1,175.0,1.0,q1_q17_dr25_tce,11111101110111011000000000000000,0.3751,Mandel and Agol (2002 ApJ 580 171),,,009/009418/009418619/dv/kplr009418619-20160209194854_dvr.pdf,009/009418/009418619/dv/kplr009418619-001-20160209194854_dvs.pdf,8914.0,246.0,-458.0,3.896,0.27,-0.18,0.07,0.25,-0.6,2.867,0.988,-1.087,2.357,0.353,-0.656,,,,q1_q17_dr25_stellar,297.18176,45.988441,10.622,10.559,10.643,10.793,10.889,10.281,10.263,10.241,,19.81212069,7.8e-07,45.9884909,6.1e-06,0.127,0.029,0.183,0.022,-0.000213,6.3e-05,,,-1.6,0.67,-0.74,0.33,1.76,0.74,-2.12,0.66,-0.76,0.31,2.25,0.72,K06068,single,thin,0.0427,False,thin,0.0427,1121,1121,0,category_count_exact_before_visual_qc,2.128,9612.2,4.242,-0.075,1.819,-0.458,-1.495,-1.517,0.22,8894.0,1.896,0.0,0.0,False,False,False,missing
7265,3545840,K06102.01,,CANDIDATE,Done,2018-08-16,CANDIDATE,,0,0,0,0,q1_q17_dr25_sup_koi,,54.2916336,0.000827,-0.000827,172.0219,0.0115,-0.0115,2455005.022,0.0115,-0.0115,0.0,,,,,,0.7285,0.0407,-0.5362,3.364,0.462,-0.462,,,,97.8,13.2,-13.2,0.009748,0.000165,-0.001294,4.11273,13.85876,-3.18424,MCMC,1.67,1.06,-0.35,0.3102,,,89.38,,,665.0,,,46.21,88.28,-20.75,86.2,41.5,-41.5,Claret (2011 A&A 529 75) ATLAS LS,0.0,0.0,0.3171,0.2781,q1_q16_koi,,,7.9,1,,3.0,q1_q16_tce,,,Mandel and Agol (2002 ApJ 580 171),,,003/003545/003545840/dv/kplr003545840-20130815195353_dvr.pdf,003/003545/003545840/dv/kplr003545840-003-20130826182306_dvs.pdf,6711.0,140.0,-218.0,4.179,0.135,-0.355,-0.02,0.23,-0.36,1.565,0.997,-0.324,1.353,0.288,-0.25,,,,stellar_q1_q16,291.75204,38.66254,10.915,11.115,10.848,10.822,10.843,10.034,9.863,9.833,0.225,19.450135,1.6e-05,38.66235,0.00029,-0.03,0.68,-0.7,1.0,6e-06,7.8e-05,0.00011,0.00012,0.85,0.65,-1.3,1.1,1.59,0.97,0.84,0.62,-1.26,0.87,1.51,0.94,K06102,single,thin,0.0727,True,thin,0.0727,1121,1121,0,category_count_exact_before_visual_qc,1.779,7017.2,3.786,-0.061,2.817,-1.104,-2.127,-2.192,1.12,6323.0,2.975,1.0,0.0,False,False,False,missing
8333,2994092,K06301.01,,CANDIDATE,Done,2018-08-16,CANDIDATE,0.789,0,0,0,0,q1_q17_dr25_sup_koi,CENT_FEW_DIFFS,50.271927,0.001128,-0.001128,160.466,0.0177,-0.0177,2454993.466,0.0177,-0.0177,0.0,,,,,,0.205,0.246,-0.205,6.073,0.514,-0.514,,,,574.5,67.7,-67.7,0.022157,0.001224,-0.001732,1.90128,0.32085,-0.95501,LS+MCMC,2.94,0.88,-0.38,0.2894,,,89.81,,,589.0,,,28.51,24.34,-10.19,63.3,10.7,-10.7,Claret (2011 A&A 529 75) ATLAS LS,0.0,0.0,0.3138,0.2998,q1_q17_dr25_koi,3.5925608,8.248254,9.3,1,24.0,1.0,q1_q17_dr25_tce,11111111111111000000000000000,0.5414,Mandel and Agol (2002 ApJ 580 171),,,002/002994/002994092/dv/kplr002994092-20160209194854_dvr.pdf,002/002994/002994092/dv/kplr002994092-001-20160209194854_dvs.pdf,6520.0,158.0,-270.0,4.375,0.062,-0.188,0.07,0.25,-0.3,1.215,0.362,-0.155,1.279,0.154,-0.188,,,,q1_q17_dr25_stellar,292.40063,38.134579,15.923,16.342,15.882,15.744,15.719,14.868,14.612,14.558,0.09,19.493386,3.2e-05,38.13475,0.00037,0.4,1.4,0.6,1.3,-0.00042,0.00073,-0.00074,0.00072,1.13,0.74,0.09,0.53,1.14,0.75,0.82,0.71,0.06,0.51,0.82,0.73,K06301,single,thin,0.0577,False,thin,0.0577,1121,1121,0,category_count_exact_before_visual_qc,1.247,6319.8,4.213,-0.01,1.423,-0.389,-0.872,-0.968,2.4,6529.0,1.492,0.0,0.0,False,False,False,missing
8786,3547178,K06342.01,,CANDIDATE,Done,2018-08-16,CANDIDATE,0.984,0,0,0,0,q1_q17_dr25_sup_koi,CENT_KIC_POS,8.1770751,0.0001308,-0.0001308,136.8217,0.0115,-0.0115,2454969.822,0.0115,-0.0115,0.0,,,,,,0.456,0.498,-0.256,4.608,0.352,-0.352,,,,44.3,4.7,-4.7,0.006261,0.000237,-0.000565,0.51167,0.26853,-0.15238,LS+MCMC,0.83,0.22,-0.15,0.08,,,87.86,,,1115.0,,,365.09,278.5,-145.41,12.18,3.2,-3.2,Claret (2011 A&A 529 75) ATLAS LS,0.0,0.0,0.3071,0.2866,q1_q17_dr25_koi,3.597181,8.283128,10.6,1,163.0,1.0,q1_q17_dr25_tce,11111111111111111000000000000000,0.1938,Mandel and Agol (2002 ApJ 580 171),,,003/003547/003547178/dv/kplr003547178-20160209194854_dvr.pdf,003/003547/003547178/dv/kplr003547178-001-20160209194854_dvs.pdf,6501.0,147.0,-180.0,4.281,0.149,-0.182,-0.5,0.3,-0.3,1.209,0.326,-0.217,1.017,0.15,-0.112,,,,q1_q17_dr25_stellar,292.10071,38.61499,12.419,12.706,12.377,12.296,12.279,11.427,11.192,11.14,0.701,19.473414,2.4e-05,38.61479,0.00026,1.4,1.0,-0.73,0.93,3e-06,3.5e-05,1.5e-05,3.2e-05,-0.8,1.0,1.06,0.82,1.3,1.1,0.48,0.78,0.6,0.63,0.77,0.69,K06342,single,thin,0.0446,False,thin,0.0446,1121,1121,0,category_count_exact_before_visual_qc,1.403,6692.6,4.128,0.024,1.685,-0.538,-1.502,-1.554,1.66,6502.0,1.73,0.0,0.0,False,False,False,missing
8292,8007675,K06949.01,,CANDIDATE,Done,2018-08-16,CANDIDATE,0.126,0,0,0,0,q1_q17_dr25_sup_koi,MOD_NONUNIQ_ALT,2.352446342,,,131.9380482,,,2454964.938,,,0.0,,,,,,0.755,,,1.6802,,,,,,32.5,,,0.005663,0.0,0.0,1.25108,0.0,0.0,LS,1.24,0.28,-0.35,0.0376,,,83.94,,,2173.0,,,5269.29,3512.39,-2848.99,7.153013,,,Claret (2011 A&A 529 75) ATLAS LS,0.0,0.0,0.3183,0.2705,q1_q17_dr25_koi,2.779945,7.9244924,7.2,1,570.0,1.0,q1_q17_dr25_tce,11111111111111111000000000000000,0.9658,Mandel and Agol (2002 ApJ 580 171),,,008/008007/008007675/dv/kplr008007675-20160209194854_dvr.pdf,008/008007/008007675/dv/kplr008007675-001-20160209194854_dvs.pdf,6749.0,169.0,-203.0,3.941,0.247,-0.114,-0.34,0.3,-0.25,2.003,0.458,-0.56,1.28,0.224,-0.204,,,,q1_q17_dr25_stellar,282.15485,43.867352,12.047,12.234,11.984,11.944,11.977,11.192,11.023,10.99,0.701,18.810307,2.6e-05,43.86727,0.00024,-0.6,1.0,-0.29,0.85,1.4e-05,2.8e-05,6e-06,2.3e-05,-0.47,0.77,-0.02,0.46,0.47,0.77,-0.47,0.72,-0.08,0.43,0.48,0.73,K06949,single,thin,0.0633,True,thin,0.0633,1121,1121,0,category_count_exact_before_visual_qc,1.364,6864.6,4.225,-0.05,1.488,-0.388,-1.427,-1.473,1.22,6756.0,1.516,0.0,0.0,False,False,False,missing
8214,8624860,K07072.01,,CANDIDATE,Done,2018-08-16,CANDIDATE,0.872,0,0,0,0,q1_q17_dr25_sup_koi,NO_COMMENT,15.3902613,0.0002628,-0.0002628,140.8602,0.0113,-0.0113,2454973.86,0.0113,-0.0113,0.0,,,,,,0.231,0.224,-0.231,3.431,0.395,-0.395,,,,76.8,9.5,-9.5,0.008048,0.000527,-0.000613,3.03823,0.43414,-1.96302,LS+MCMC,4.39,0.55,-1.66,0.1458,,,89.61,,,1459.0,,,1069.24,352.78,-687.63,33.63,4.8,-4.8,Claret (2011 A&A 529 75) ATLAS LS,0.0,0.0,0.2841,0.3542,q1_q17_dr25_koi,2.5373578,7.628813,9.4,1,88.0,1.0,q1_q17_dr25_tce,11111111111111111000000000000000,0.8948,Mandel and Agol (2002 ApJ 580 171),,,008/008624/008624860/dv/kplr008624860-20160209194854_dvr.pdf,008/008624/008624860/dv/kplr008624860-001-20160209194854_dvs.pdf,5649.0,67.0,-109.0,3.282,0.255,-0.085,-0.58,0.15,-0.2,4.994,0.631,-1.892,1.74,0.122,-0.489,,,,q1_q17_dr25_stellar,291.79575,44.746181,13.808,14.115,13.757,13.677,13.662,12.842,12.592,12.527,0.26,19.453084,4.1e-05,44.74592,0.00041,1.3,1.6,-0.9,1.5,-9e-05,0.00011,7e-05,0.00011,-1.86,0.43,-2.5,1.5,3.1,1.2,-1.88,0.44,-2.4,1.2,3.0,1.0,K07072,single,thin,0.0543,False,thin,0.0543,1121,1121,0,category_count_exact_before_visual_qc,1.112,6554.6,4.211,-0.627,1.364,-0.364,-1.346,-1.356,3.37,5642.0,1.487,1.0,0.0,False,False,False,missing
9040,11182260,K07415.01,,CANDIDATE,Done,2018-08-16,CANDIDATE,0.0,0,0,0,0,q1_q17_dr25_sup_koi,LPP_DV---CENT_KIC_POS,1.291964282,1.826e-06,-1.826e-06,132.63733,0.00111,-0.00111,2454965.637,0.00111,-0.00111,0.0,,,,,,0.461,0.102,-0.377,1.8378,0.0773,-0.0773,,,,28640.0,751.0,-751.0,0.157434,0.028885,-0.004439,2.15776,0.9341,-0.34786,LS+MCMC,10.97,1.03,-1.03,0.0199,,,85.4,,,1249.0,,,572.64,189.34,-156.26,5.75,2.5,-2.5,Claret (2011 A&A 529 75) ATLAS LS,0.0,0.0,0.1908,0.5172,q1_q17_dr25_koi,64.46646,72.48936,45.8,1,822.0,1.0,q1_q17_dr25_tce,11111110111011101000000000000000,0.9602,Mandel and Agol (2002 ApJ 580 171),,,011/011182/011182260/dv/kplr011182260-20160209194854_dvr.pdf,011/011182/011182260/dv/kplr011182260-001-20160209194854_dvs.pdf,4995.0,134.0,-149.0,4.624,0.07,-0.04,-0.72,0.3,-0.3,0.638,0.06,-0.06,0.625,0.066,-0.031,,,,q1_q17_dr25_stellar,287.26074,48.846512,13.238,13.926,13.192,12.944,12.786,11.795,11.328,11.209,0.0,19.150736,1.8e-06,48.84683,1.6e-05,0.735,0.063,1.151,0.058,-0.0006,0.00011,-0.00053,0.00015,-0.008,0.067,0.024,0.067,0.026,0.067,0.032,0.071,0.449,0.07,0.45,0.07,K07415,single,thin,0.4372,True,thin,0.4372,1121,1121,0,category_count_exact_before_visual_qc,0.833,5045.9,4.484,0.187,0.862,0.108,-0.856,-0.983,,4984.0,0.886,0.0,0.0,False,False,False,missing
9100,3965201,K07546.01,,CANDIDATE,Done,2018-08-16,CANDIDATE,,0,0,0,0,q1_q17_dr25_sup_koi,,44.113873,0.001449,-0.001449,164.8337,0.0254,-0.0254,2454997.834,0.0254,-0.0254,0.0,,,,,,0.032,0.419,-0.032,3.956,0.842,-0.842,,,,196.3,31.0,-31.0,0.01296,0.000683,-0.00161,6.23922,0.24113,-6.13748,MCMC,4.9,0.88,-1.62,0.3101,,,89.95,,,1158.0,,,424.45,238.17,-262.15,86.26,3.3,-3.3,Claret (2011 A&A 529 75) ATLAS LS,0.0,0.0,0.2862,0.2926,q1_q17_dr24_koi,5.797873,8.796513,6.6,1,7.0,4.0,q1_q17_dr24_tce,11111011101110111000000000000000,,Mandel and Agol (2002 ApJ 580 171),,,003/003965/003965201/dv/kplr003965201-20141002224145_dvr.pdf,003/003965/003965201/dv/kplr003965201-004-20141002224145_dvs.pdf,7854.0,227.0,-311.0,3.669,0.258,-0.258,-0.12,0.26,-0.34,3.462,0.624,-1.141,2.039,0.286,-0.392,,,,stellar_q1_q17,294.31064,39.049702,12.667,12.788,12.626,12.61,12.608,11.874,11.768,11.708,0.524,19.6207016,7.7e-06,39.049754,9e-05,-0.32,0.32,0.2,0.32,7e-05,0.00016,-4e-05,0.00017,-0.29,0.64,0.45,0.6,0.54,0.79,-0.29,0.58,0.56,0.54,0.63,0.69,K07546,single,thin,0.0657,False,thin,0.0657,1121,1121,0,category_count_exact_before_visual_qc,1.948,7556.8,3.791,-0.077,2.917,-1.116,-1.949,-2.024,0.86,7853.0,2.944,0.0,2.0,False,False,False,missing
9128,6876575,K07572.01,,CANDIDATE,Done,2018-08-16,CANDIDATE,,0,0,0,0,q1_q17_dr25_sup_koi,EYEBALL---SATURATED,91.069934,0.007107,-0.007107,196.391,0.102,-0.102,2455029.391,0.102,-0.102,0.0,,,,,,0.5939,0.0065,-0.4992,17.33,3.0,-3.0,,,,12.7,1.9,-1.9,0.003433,0.000212,-0.000289,0.07812,0.15873,-0.07173,MCMC,1.59,0.34,-0.57,0.5548,,,88.81,,,1103.0,,,349.47,237.6,-228.61,32.5,13.2,-13.2,Claret (2011 A&A 529 75) ATLAS LS,0.0,0.0,0.294,0.2267,q1_q17_dr24_koi,5.9010334,7.355421,8.7,1,16.0,3.0,q1_q17_dr24_tce,11111111111111111000000000000000,,Mandel and Agol (2002 ApJ 580 171),,,006/006876/006876575/dv/kplr006876575-20141002224145_dvr.pdf,006/006876/006876575/dv/kplr006876575-003-20141002224145_dvs.pdf,9051.0,298.0,-379.0,3.623,0.305,-0.305,0.21,0.15,-0.14,4.232,0.909,-1.521,2.738,0.362,-0.488,,,,stellar_q1_q17,295.51334,42.31879,9.748,9.663,9.776,9.92,10.012,9.399,9.408,9.378,0.07,19.70071,0.00025,42.3173,0.0016,-7.1,9.8,-5.5,5.8,0.0001,0.00016,8e-05,9.3e-05,5.9,5.3,-3.5,1.8,6.9,4.8,3.6,5.0,-3.8,2.4,5.3,5.3,K07572,single,thin,0.0449,True,thin,0.0449,1121,1121,0,category_count_exact_before_visual_qc,1.62,8504.1,4.223,-0.398,1.627,-0.429,-1.491,-1.541,0.75,8726.0,1.628,0.0,2.0,False,False,False,missing
9150,8444868,K07593.01,,CANDIDATE,Done,2018-08-16,CANDIDATE,,0,0,0,0,q1_q17_dr25_sup_koi,,67.412998,0.004731,-0.004731,196.1263,0.0587,-0.0587,2455029.126,0.0587,-0.0587,0.0,,,,,,0.5109,0.0605,-0.4295,9.1,2.4,-2.4,,,,126.1,24.3,-24.3,0.010613,0.000753,-0.001504,0.50112,1.03296,-0.49554,MCMC,1.57,0.87,-0.31,0.344,,,89.38,,,572.0,,,25.32,41.76,-11.26,49.4,20.4,-20.4,Claret (2011 A&A 529 75) ATLAS LS,0.0,0.0,0.3113,0.2914,q1_q17_dr24_koi,3.8052638,7.157765,6.2,1,6.0,4.0,q1_q17_dr24_tce,11111111111111111000000000000000,,Mandel and Agol (2002 ApJ 580 171),,,008/008444/008444868/dv/kplr008444868-20141002224145_dvr.pdf,008/008444/008444868/dv/kplr008444868-004-20141002224145_dvs.pdf,6525.0,159.0,-233.0,4.248,0.138,-0.138,-0.18,0.24,-0.32,1.359,0.749,-0.27,1.194,0.278,-0.185,,,,stellar_q1_q17,296.70224,44.449451,13.667,14.005,13.622,13.522,13.482,12.646,12.44,12.369,0.112,19.780131,2.1e-05,44.44959,0.00024,-0.72,0.81,0.52,0.87,0.00015,0.00018,-0.00011,0.00019,0.15,0.51,-0.4,0.5,0.42,0.5,0.2,0.5,-0.38,0.52,0.43,0.52,K07593,single,thin,0.0464,True,thin,0.0464,1121,1121,0,category_count_exact_before_visual_qc,1.756,6692.6,3.743,-0.027,2.926,-1.166,-2.018,-2.074,1.25,6522.0,3.046,0.0,0.0,False,False,False,missing
4947,6451368,K07780.01,,CANDIDATE,Done,2018-08-16,CANDIDATE,0.993,0,0,0,0,q1_q17_dr25_sup_koi,NO_COMMENT,5.3360574,0.0001423,-0.0001423,132.605,0.0203,-0.0203,2454965.605,0.0203,-0.0203,0.0,,,,,,0.006,0.462,-0.006,3.877,0.737,-0.737,,,,54.7,9.9,-9.9,0.00685,0.000626,-0.000805,0.79205,0.33423,-0.78902,LS+MCMC,1.52,0.31,-0.47,0.0647,,,89.97,,,1667.0,,,1823.9,1091.05,-1051.66,10.6,4.5,-4.5,Claret (2011 A&A 529 75) ATLAS LS,0.0,0.0,0.3088,0.2774,q1_q17_dr25_koi,2.8304453,8.679704,7.0,1,253.0,1.0,q1_q17_dr25_tce,11111111111111111000000000000000,0.8038,Mandel and Agol (2002 ApJ 580 171),,,006/006451/006451368/dv/kplr006451368-20160209194854_dvr.pdf,006/006451/006451368/dv/kplr006451368-001-20160209194854_dvs.pdf,6742.0,163.0,-204.0,3.925,0.273,-0.117,-0.4,0.3,-0.25,2.032,0.417,-0.626,1.267,0.203,-0.203,,,,q1_q17_dr25_stellar,294.48404,41.869171,12.691,12.891,12.624,12.569,12.591,11.838,11.596,11.619,0.261,19.63226,1.3e-05,41.86904,0.00014,-0.41,0.54,-0.47,0.52,1.2e-05,2.7e-05,2.2e-05,2.6e-05,0.58,0.3,0.1,0.32,0.59,0.29,0.45,0.28,-0.02,0.35,0.45,0.28,K07780,single,thin,0.0958,False,thin,0.0958,1121,1121,0,category_count_exact_before_visual_qc,1.402,6998.6,4.273,-0.025,1.429,-0.323,-1.422,-1.402,0.61,6742.0,1.466,0.0,0.0,False,False,False,missing
7678,8364232,K07882.01,,CANDIDATE,Done,2018-08-16,CANDIDATE,0.529,0,0,0,0,q1_q17_dr25_sup_koi,NO_COMMENT,65.415183,0.001268,-0.001268,140.2325,0.0164,-0.0164,2454973.232,0.0164,-0.0164,0.0,,,,,,0.377,0.082,-0.377,4.224,0.561,-0.561,,,,417.1,56.7,-56.7,0.018514,0.001118,-0.002063,6.20001,3.9351,-6.17323,LS+MCMC,1.31,0.08,-0.12,0.2732,,,89.81,,,295.0,,,1.79,0.49,-0.47,111.9,35.5,-35.5,Claret (2011 A&A 529 75) ATLAS LS,0.0,0.0,0.0853,0.6656,q1_q17_dr25_koi,3.294888,7.2306123,8.9,1,21.0,1.0,q1_q17_dr25_tce,11111111111111111000000000000000,0.9209,Mandel and Agol (2002 ApJ 580 171),,,008/008364/008364232/dv/kplr008364232-20160209194854_dvr.pdf,008/008364/008364232/dv/kplr008364232-001-20160209194854_dvs.pdf,4348.0,130.0,-130.0,4.62,0.049,-0.021,-0.12,0.3,-0.3,0.646,0.041,-0.056,0.636,0.063,-0.052,,,,q1_q17_dr25_stellar,291.31281,44.38192,15.559,16.715,15.513,15.064,14.831,13.648,13.034,12.92,0.392,19.420873,4.4e-05,44.38166,0.00049,0.7,1.7,-0.9,1.8,-0.00028,0.00068,0.00041,0.0007,-0.44,0.6,0.29,0.8,0.53,0.67,-0.42,0.59,0.28,0.8,0.5,0.66,K07882,single,thin,0.0434,False,thin,0.0434,1121,1121,0,category_count_exact_before_visual_qc,0.672,4389.5,4.628,-0.013,0.658,0.37,-0.855,-0.863,,4347.0,0.663,0.0,0.0,False,False,False,missing
9241,10403228,K08007.01,,CANDIDATE,Done,2018-08-16,CANDIDATE,0.804,0,0,0,0,q1_q17_dr25_sup_koi,NO_COMMENT,67.176626864,,,144.1192641,,,2454977.119,,,0.0,,,,,,1.236,,,3.1147,,,,,,1689.9,,,0.284515,0.0,0.0,0.81079,0.0,0.0,LS,9.66,1.18,-1.05,0.2177,,,88.78,,,179.0,,,0.24,0.08,-0.06,57.831232,,,Claret (2011 A&A 529 75) ATLAS LS,0.0,0.0,0.366,0.3573,q1_q17_dr25_koi,7.6351233,9.069462,5.9,1,5.0,3.0,q1_q17_dr25_tce,1000001111000000000000000,0.4857,Mandel and Agol (2002 ApJ 580 171),,,010/010403/010403228/dv/kplr010403228-20160209194854_dvr.pdf,010/010403/010403228/dv/kplr010403228-003-20160209194854_dvs.pdf,3391.0,44.0,-40.0,4.936,0.048,-0.032,0.0,0.1,-0.1,0.311,0.038,-0.034,0.304,0.048,-0.039,,,,q1_q17_dr25_stellar,291.22672,47.54998,16.064,17.821,16.423,15.31,14.8,13.429,12.793,12.518,0.145,19.415177,5.1e-05,47.54958,0.00052,2.3,1.8,-1.4,1.9,-0.0034,0.003,0.0023,0.0032,0.97,0.48,-1.0,1.2,1.39,0.92,0.8,1.2,-0.4,0.51,0.9,1.1,K08007,single,thin,0.0707,False,thin,0.0707,1121,1121,0,category_count_exact_before_visual_qc,0.578,3865.4,4.652,0.252,0.593,0.44,-0.883,-0.865,,3386.0,0.589,0.0,0.0,False,False,False,missing
9328,10862759,K08035.01,,CANDIDATE,Done,2018-08-16,CANDIDATE,0.846,0,0,0,0,q1_q17_dr25_sup_koi,NO_COMMENT,29.4856392,0.0005935,-0.0005935,151.8669,0.0168,-0.0168,2454984.867,0.0168,-0.0168,0.0,,,,,,0.103,0.355,-0.103,4.27,0.366,-0.366,,,,105.0,13.4,-13.4,0.009501,0.000744,-0.000633,3.23552,0.74397,-2.03201,LS+MCMC,1.46,0.51,-0.22,0.2057,,,89.89,,,793.0,,,93.27,92.89,-35.46,53.0,12.2,-12.2,Claret (2011 A&A 529 75) ATLAS LS,0.0,0.0,0.3169,0.2751,q1_q17_dr25_koi,3.8005898,8.269252,9.3,1,47.0,1.0,q1_q17_dr25_tce,11111111111111111000000000000000,0.5301,Mandel and Agol (2002 ApJ 580 171),,,010/010862/010862759/dv/kplr010862759-20160209194854_dvr.pdf,010/010862/010862759/dv/kplr010862759-001-20160209194854_dvs.pdf,6870.0,168.0,-264.0,4.266,0.087,-0.203,-0.1,0.25,-0.35,1.407,0.487,-0.209,1.337,0.201,-0.201,,,,q1_q17_dr25_stellar,292.48358,48.275219,13.783,14.004,13.709,13.65,13.651,12.865,12.646,12.596,0.038,19.498875,2.8e-05,48.2755,0.00026,-1.1,1.0,1.01,0.94,0.00012,0.00011,-0.00012,0.0001,0.77,0.7,-0.49,0.31,0.91,0.62,0.74,0.71,-0.46,0.32,0.87,0.62,K08035,single,thin,0.0467,False,thin,0.0467,1121,1121,0,category_count_exact_before_visual_qc,1.524,6745.3,4.063,0.121,1.891,-0.653,-1.612,-1.654,1.39,6877.0,1.891,0.0,0.0,False,False,False,missing
9386,11358305,K08052.01,,CANDIDATE,Done,2018-08-16,CANDIDATE,0.941,0,0,0,0,q1_q17_dr25_sup_koi,NO_COMMENT,7.8687123,0.000136,-0.000136,133.2612,0.0135,-0.0135,2454966.261,0.0135,-0.0135,0.0,,,,,,0.748,0.233,-0.504,3.739,0.454,-0.454,,,,89.1,11.8,-11.8,0.009353,4.5e-05,-0.001341,0.39971,1.05255,-0.39216,LS+MCMC,1.73,0.49,-0.5,0.0855,,,86.08,,,1323.0,,,722.44,613.46,-412.98,10.94,4.8,-4.8,Claret (2011 A&A 529 75) ATLAS LS,0.0,0.0,0.318,0.2734,q1_q17_dr25_koi,3.1352582,8.42796,9.1,1,172.0,1.0,q1_q17_dr25_tce,11111111111111111000000000000000,0.7599,Mandel and Agol (2002 ApJ 580 171),,,011/011358/011358305/dv/kplr011358305-20160209194854_dvr.pdf,011/011358/011358305/dv/kplr011358305-001-20160209194854_dvs.pdf,6738.0,189.0,-284.0,4.109,0.195,-0.175,-0.18,0.25,-0.3,1.692,0.485,-0.485,1.351,0.194,-0.237,,,,q1_q17_dr25_stellar,295.59012,49.198601,13.41,13.814,13.355,13.238,,12.552,12.368,12.318,0.107,19.706029,2.1e-05,49.19878,0.00022,0.77,0.74,0.65,0.78,-6.3e-05,6.1e-05,-5.5e-05,6.4e-05,0.07,0.75,0.24,0.64,0.25,0.53,0.15,0.67,0.26,0.63,0.3,0.49,K08052,single,thin,0.0751,True,thin,0.0751,1121,1121,0,category_count_exact_before_visual_qc,1.248,6537.9,4.273,-0.128,1.343,-0.295,-1.313,-1.35,1.63,6740.0,1.332,0.0,0.0,False,False,False,missing
9500,12602999,K08082.01,,CANDIDATE,Done,2018-08-16,CANDIDATE,0.973,0,0,0,0,q1_q17_dr25_sup_koi,NO_COMMENT,8.2766028,0.0003307,-0.0003307,131.7601,0.0117,-0.0117,2454964.76,0.0117,-0.0117,0.0,,,,,,0.638,0.007,-0.486,4.834,0.838,-0.838,,,,73.1,7.2,-7.2,0.008249,0.000326,-0.000519,0.29683,0.25963,-0.2845,LS+MCMC,2.48,0.44,-0.87,0.0937,,,86.43,,,1623.0,,,1639.28,881.67,-1030.63,10.24,4.5,-4.5,Claret (2011 A&A 529 75) ATLAS LS,0.0,0.0,0.318,0.2734,q1_q17_dr25_koi,3.597681,8.504523,10.0,1,163.0,1.0,q1_q17_dr25_tce,11111111111111111000000000000000,0.8551,Mandel and Agol (2002 ApJ 580 171),,,012/012602/012602999/dv/kplr012602999-20160209194854_dvr.pdf,012/012602/012602999/dv/kplr012602999-001-20160209194854_dvs.pdf,6787.0,182.0,-202.0,3.762,0.285,-0.095,-0.16,0.3,-0.25,2.753,0.485,-0.971,1.596,0.234,-0.312,,,,q1_q17_dr25_stellar,290.87411,51.685181,12.43,12.631,12.363,12.321,12.349,11.53,11.362,11.296,0.032,19.391579,1.7e-05,51.68505,0.00019,-0.94,0.56,-0.45,0.7,6.9e-05,3.9e-05,4.2e-05,4.9e-05,0.19,0.25,-0.44,0.27,0.48,0.27,0.24,0.24,-0.42,0.27,0.49,0.27,K08082,single,thin,0.1312,True,thin,0.1312,1121,1121,0,category_count_exact_before_visual_qc,1.448,7021.4,4.199,0.013,1.579,-0.438,-1.472,-1.493,1.01,6793.0,1.62,0.0,0.0,False,False,False,missing
