kepid,mass,logg,radius,rho_log,rho_log_upper,rho_log_lower,radius_b18,radius_b18_err_upper,radius_b18_err_lower,evol_b18,bin_b18,rho_b20_from_mass_b18_radius,delta_logrho_b20_vs_hybrid
7626506,0.901,4.51,0.872,0.13,-1.014,-0.933,0.913,0.039,0.037,0.0,0.0,1.1838930154276357,0.05668754162383388
12252424,0.766,4.566,0.753,0.25,-0.879,-0.939,0.749,0.032,0.03,0.0,0.0,1.8229859291498327,-0.010783316534204501
8972058,1.119,4.389,1.119,-0.1,-1.254,-1.167,1.147,0.05,0.048,0.0,0.0,0.7415489645612974,0.029860167175453034
5088536,1.026,4.35,1.118,-0.139,-1.101,-1.126,1.146,0.049,0.046,0.0,0.0,0.6817003357266519,0.02740649211831589
9881662,1.081,4.329,1.174,-0.18,-1.135,-1.172,1.187,0.051,0.049,0.0,0.0,0.6463586081638525,0.009526462910463357
10982872,1.049,4.374,1.099,-0.107,-1.102,-1.097,1.116,0.048,0.045,0.0,0.0,0.754714865644465,0.015217095611122153
10937029,0.894,4.546,0.835,0.183,-0.986,-0.896,0.872,0.042,0.04,0.0,0.0,1.3483047483878738,0.05321193600178403
6266741,1.04,4.452,1.001,0.011,-1.115,-1.042,1.004,0.045,0.043,0.0,0.0,1.0276191783713544,-0.0008322008717787273
6381846,0.977,4.5,0.919,0.096,-1.026,-0.978,0.937,0.048,0.045,0.0,2.0,1.1876153194076264,0.021324208944561843
8022244,1.068,4.324,1.171,-0.186,-1.004,-1.05,1.21,0.068,0.064,0.0,0.0,0.6028581572974343,0.03378485825681263
8806123,0.974,4.161,1.351,-0.411,-1.233,-1.3,1.369,0.074,0.069,0.0,0.0,0.37961958710150223,0.009651387523354482
9941859,0.889,4.49,0.886,0.102,-0.899,-0.852,0.897,0.04,0.038,0.0,0.0,1.2317552778874337,0.011475568162062605
10513530,0.834,4.567,0.786,0.231,-0.942,-0.843,0.783,0.059,0.053,0.0,0.0,1.7373237810772304,-0.008880764463908453
10554999,0.855,4.528,0.832,0.169,-0.892,-0.846,0.83,0.037,0.035,0.0,0.0,1.495312065506911,-0.005731837599950967
12058931,1.142,4.222,1.36,-0.354,-1.149,-1.255,1.381,0.078,0.072,0.0,0.0,0.4335958013887337,0.008914931826064676
4270253,1.017,4.401,1.048,-0.06,-0.961,-0.962,1.062,0.056,0.053,0.0,0.0,0.8490776371945654,0.011052597313606347
7445445,0.877,4.548,0.823,0.193,-1.028,-0.946,0.832,0.037,0.035,0.0,0.0,1.5227535284265477,0.010370385506131286
8193178,1.246,4.141,1.558,-0.492,-1.41,-1.406,1.614,0.084,0.079,1.0,0.0,0.29635171930033977,0.03619254883500411
8355239,0.793,4.572,0.762,0.25,-0.896,-0.827,0.761,0.034,0.032,0.0,0.0,1.7993647861102908,-0.005119217005885357
10600261,1.016,4.454,0.987,0.019,-1.013,-0.973,1.008,0.054,0.051,0.0,0.0,0.9920010038112835,0.022487888380618985
5531694,1.102,4.158,1.445,-0.441,-1.435,-1.416,1.47,0.065,0.062,0.0,0.0,0.3469202017425972,0.01877040972876204
6685609,1.369,4.121,1.678,-0.544,-1.563,-1.66,1.709,0.074,0.07,1.0,0.0,0.27426933907303314,0.017822740028220485
8557374,1.048,4.384,1.087,-0.093,-1.081,-1.081,1.104,0.048,0.045,0.0,0.0,0.7788504272333481,0.015545937531832546
8738735,1.207,4.1,1.609,-0.547,-1.482,-1.531,1.626,0.077,0.073,1.0,0.0,0.2807667315427166,0.004654353676798784
9597345,1.058,4.421,1.047,-0.039,-1.108,-1.054,1.053,0.046,0.043,0.0,0.0,0.9061509584443053,0.0037994458572924855
10358759,0.8,4.597,0.743,0.285,-0.791,-0.742,0.748,0.043,0.04,0.0,0.0,1.9115479363463712,0.003614806601440479
3342970,1.158,4.353,1.18,-0.162,-0.986,-0.986,1.216,0.092,0.084,0.0,0.0,0.6440325752432935,0.029092165418730997
5456651,0.812,4.57,0.772,0.242,-0.911,-0.835,0.769,0.038,0.036,0.0,0.0,1.785570531422447,-0.009777009836882178
6849310,0.901,4.496,0.886,0.107,-0.805,-0.766,0.879,0.051,0.048,0.0,0.0,1.326655511952762,-0.01575816575774734
8226994,0.79,4.568,0.763,0.245,-0.828,-0.793,0.76,0.038,0.036,0.0,0.0,1.7996428050736257,-0.010186314448067335
9334289,0.895,4.471,0.906,0.071,-0.7,-0.694,0.931,0.07,0.064,0.0,0.0,1.1091083945649667,0.02602600762811596
9415172,0.954,4.486,0.922,0.08,-0.892,-0.84,0.926,0.051,0.048,0.0,0.0,1.201476870482113,0.0002845853417079436
9823457,0.92,4.483,0.908,0.084,-0.893,-0.841,0.919,0.046,0.044,0.0,0.0,1.1853355048147238,0.01015870681277857
2302548,0.798,4.571,0.766,0.248,-0.946,-0.865,0.75,0.032,0.03,0.0,0.0,1.8915555555555557,-0.028819101175629303
2716853,0.922,4.451,0.94,0.036,-0.772,-0.771,0.939,0.084,0.075,0.0,0.0,1.1136126208322386,-0.010734144255296604
5956342,0.972,4.452,0.966,0.026,-0.879,-0.856,0.973,0.059,0.055,0.0,0.0,1.0551828989825092,0.0026722558787811573
6359320,0.998,3.977,1.674,-0.692,-1.277,-1.384,1.718,0.167,0.146,1.0,0.0,0.19681629984917687,0.013938937198299417
10468940,0.783,4.549,0.776,0.219,-0.789,-0.793,0.794,0.036,0.034,0.0,0.0,1.564228717455672,0.02469974522334545
3962243,0.921,4.495,0.896,0.1,-0.826,-0.801,0.914,0.058,0.053,0.0,0.0,1.2062047739348039,0.018578957004645333
3939150,1.317,4.066,1.751,-0.618,-1.606,-1.622,1.769,0.08,0.076,1.0,0.0,0.23790429149335568,0.005597723767385543
6607286,0.974,4.494,0.922,0.087,-0.947,-0.932,0.918,0.054,0.05,0.0,0.0,1.2590150258557218,-0.013030913274888145
6690082,1.002,4.46,0.975,0.031,-1.067,-0.994,0.988,0.044,0.042,0.0,0.0,1.03895535954309,0.014403112231657397
6448890,1.341,3.317,4.189,-1.744,-2.494,-2.484,4.142,0.205,0.194,2.0,0.0,0.018871155539471624,-0.019798494179297466
10538176,0.808,4.568,0.773,0.238,-0.726,-0.67,0.774,0.051,0.048,0.0,0.0,1.7425629612583566,-0.003188478725908328
10973814,0.973,4.498,0.919,0.094,-1.054,-0.994,0.922,0.044,0.042,0.0,0.0,1.241423828259983,7.992289253622165e-05
4275721,1.082,4.422,1.057,-0.043,-1.189,-1.121,1.058,0.081,0.073,0.0,0.0,0.9136298022974684,-0.0037702576730496845
11014932,0.942,4.407,1.0,-0.034,-0.868,-0.915,0.999,0.053,0.049,0.0,0.0,0.9448316614341498,-0.009354438114930422
11599038,0.985,4.404,1.026,-0.049,-0.881,-0.891,1.013,0.085,0.077,0.0,0.0,0.9475625639895136,-0.025607894416770603
7898352,1.057,4.405,1.063,-0.064,-0.922,-0.914,1.08,0.07,0.065,0.0,0.0,0.8390806787583192,0.012196279153422945
9821454,1.135,4.235,1.338,-0.333,-1.213,-1.287,1.373,0.064,0.061,0.0,0.0,0.4385147942510782,0.02501575018112373
5438099,0.766,4.546,0.769,0.22,-0.768,-0.831,0.781,0.04,0.038,0.0,0.0,1.6079615812048484,0.013724331999297096
5031857,1.162,4.385,1.142,-0.114,-1.221,-1.208,1.175,0.093,0.084,0.0,2.0,0.7162960037756565,0.03090747176895338
10028792,1.016,4.136,1.422,-0.457,-1.331,-1.389,1.476,0.071,0.067,1.0,0.0,0.3159618408854384,0.04336536451316769
4860678,1.323,4.195,1.509,-0.426,-1.194,-1.267,1.669,0.109,0.101,1.0,0.0,0.2845711272066409,0.11980916585023921
11337372,0.931,4.458,0.939,0.045,-0.855,-0.85,0.954,0.049,0.046,0.0,0.0,1.0722709910878918,0.014695443130942652
9896558,1.145,4.271,1.288,-0.282,-1.066,-1.115,1.298,0.112,0.102,0.0,0.0,0.5235780234543859,-0.0009814092828555054
2975770,0.701,4.596,0.697,0.314,-0.88,-0.933,0.689,0.03,0.028,0.0,0.0,2.143188411126604,-0.017060352243781274
11601584,0.894,4.537,0.843,0.171,-1.016,-0.901,0.843,0.036,0.035,0.0,0.0,1.4922953816026892,-0.00285479492169069
5511081,1.304,4.084,1.71,-0.59,-1.602,-1.634,1.774,0.078,0.074,1.0,0.0,0.23356983014213012,0.041583255091221405
6949061,1.103,4.309,1.212,-0.215,-1.136,-1.173,1.233,0.059,0.056,0.0,0.0,0.5884184513244921,0.01531371734700443
9650808,0.923,4.513,0.88,0.126,-0.881,-0.837,0.88,0.05,0.047,0.0,0.0,1.3544210180315555,-0.005753684575406259
11450414,1.049,4.142,1.436,-0.455,-1.344,-1.398,1.478,0.072,0.068,1.0,0.0,0.3249018513320043,0.03324781398286297
7102316,0.827,4.541,0.805,0.194,-0.732,-0.699,0.765,0.068,0.062,0.0,0.0,1.8472309823298505,-0.07252120409169377
8164257,0.77,4.592,0.735,0.284,-0.86,-0.818,0.719,0.035,0.033,0.0,0.0,2.0715911834575085,-0.03230405402383413
7620413,1.07,4.328,1.167,-0.179,-1.057,-1.102,1.211,0.059,0.056,0.0,0.0,0.6024920882498586,0.04104865174394712
7207061,0.763,4.541,0.77,0.214,-0.636,-0.674,0.767,0.071,0.064,0.0,0.0,1.6909799029742325,-0.014138446107937547
9904006,1.237,4.177,1.49,-0.437,-1.317,-1.452,1.503,0.068,0.065,0.0,0.0,0.36432817461808925,0.0015072421316036921
6021193,1.268,4.135,1.587,-0.504,-1.575,-1.568,1.611,0.07,0.066,1.0,0.0,0.3032722213330821,0.01416736771194027
9022166,1.22,3.89,2.064,-0.868,-1.814,-1.939,2.129,0.097,0.092,1.0,0.0,0.12642496624797184,0.03016715364021949
5706595,1.025,4.409,1.042,-0.05,-0.939,-0.929,1.058,0.06,0.056,0.0,0.0,0.8654995816588771,0.01273313770572787
8168187,0.962,3.934,1.745,-0.749,-1.651,-1.709,1.782,0.09,0.085,1.0,0.0,0.1700011945040272,0.020548027064755003
7449554,0.957,4.242,1.211,-0.286,-0.888,-0.99,1.255,0.108,0.096,0.0,0.0,0.484150918745298,0.02901923967432718
9364290,1.091,4.364,1.133,-0.131,-1.082,-1.064,1.166,0.057,0.054,0.0,0.0,0.6882228683608125,0.03127090068064392
9209624,0.911,4.288,1.13,-0.205,-1.115,-1.172,1.142,0.051,0.048,0.0,2.0,0.6116740628244242,0.008479934756489338
7183745,0.736,4.583,0.723,0.283,-0.722,-0.732,0.731,0.041,0.038,0.0,0.0,1.884194290527261,0.007874316536082504
12306058,1.247,3.65,2.752,-1.232,-2.095,-2.051,2.738,0.124,0.117,1.0,0.0,0.06075277529717317,-0.015566122084629042
5175024,1.406,4.006,1.938,-0.723,-1.662,-1.71,1.975,0.097,0.091,1.0,0.0,0.18250888874916585,0.015715979203632102
7673841,0.999,4.326,1.134,-0.169,-1.116,-1.149,1.16,0.05,0.047,0.0,0.0,0.6400170158678095,0.02480847945477299
9837661,0.645,4.589,0.673,0.32,-0.762,-0.859,0.724,0.031,0.031,0.0,0.0,1.6995894087111056,0.08965598395617294
6607357,1.18,4.091,1.623,-0.561,-1.549,-1.47,1.646,0.073,0.069,1.0,2.0,0.26460162968018147,0.016407485322627702
8760040,1.088,4.386,1.104,-0.097,-1.105,-1.067,1.124,0.055,0.052,0.0,0.0,0.7661785012926556,0.018670038336965844
8949925,1.11,4.095,1.561,-0.54,-1.346,-1.36,1.586,0.096,0.089,1.0,0.0,0.27823606962689296,0.015586570158097501
2715695,0.732,4.615,0.697,0.331,-0.803,-0.804,0.665,0.054,0.049,0.0,0.0,2.4891217812182664,-0.06504614514907797
1717722,0.672,4.629,0.656,0.372,-0.761,-0.764,0.646,0.051,0.046,0.0,0.0,2.4927097883104787,-0.02467171906857296
7285757,0.774,4.588,0.739,0.277,-0.74,-0.688,0.716,0.062,0.056,0.0,0.0,2.1086373447149334,-0.04700189375932595
3632089,1.061,4.008,1.681,-0.659,-1.514,-1.624,1.666,0.078,0.074,1.0,0.0,0.2294512313557207,-0.019690392689034386
5965819,1.27,4.063,1.723,-0.617,-1.405,-1.437,1.781,0.121,0.111,1.0,0.0,0.22480810385123157,0.03118803743377363
4645174,0.964,4.145,1.369,-0.432,-1.265,-1.337,1.385,0.072,0.068,0.0,0.0,0.3628504898363987,0.008272286298571352
8494410,1.113,4.023,1.691,-0.644,-1.409,-1.521,1.701,0.138,0.125,1.0,0.0,0.22614251797601537,0.001617776502998769
4472818,0.99,4.455,0.974,0.027,-1.07,-1.004,0.97,0.041,0.039,0.0,0.0,1.0847258547146679,-0.008319991798815391
7256914,1.192,3.966,1.872,-0.745,-1.554,-1.715,1.897,0.091,0.086,1.0,0.0,0.17461207075288782,0.012925737261770043
9828127,0.919,4.449,0.943,0.034,-0.864,-0.891,0.942,0.045,0.043,0.0,0.0,1.0994178985387013,-0.007162803007479235
3645438,0.864,4.524,0.84,0.159,-0.778,-0.734,0.847,0.052,0.049,0.0,0.0,1.4218818529634512,0.0061364885132274005
10610039,0.985,4.409,1.023,-0.041,-0.945,-0.938,1.008,0.08,0.072,0.0,0.0,0.9617332566477502,-0.024054634169092277
8105398,1.173,4.167,1.474,-0.443,-1.434,-1.463,1.507,0.112,0.101,0.0,2.0,0.3427348409407619,0.022041744828366072
11176166,1.055,4.421,1.045,-0.039,-1.105,-1.033,1.015,0.079,0.071,0.0,0.0,1.0089144283967815,-0.04285433288601643
2161949,0.943,4.37,1.046,-0.09,-0.959,-1.013,1.047,0.08,0.073,0.0,0.0,0.8216212208496209,-0.004671647700801418
6436505,0.791,4.576,0.757,0.255,-0.771,-0.743,0.719,0.061,0.055,0.0,0.0,2.1280891248245317,-0.07298981234902885
9527334,1.016,4.217,1.297,-0.336,-1.275,-1.312,1.31,0.056,0.053,0.0,0.0,0.45193900068991866,0.00892017901939235
7051180,1.269,3.757,2.46,-1.073,-2.152,-2.047,2.5,0.111,0.105,1.0,0.0,0.081216,0.017358403921408083
5780885,1.435,3.99,1.994,-0.751,-1.744,-1.771,2.023,0.096,0.091,1.0,2.0,0.17332621480596302,0.01013574724240307
10318874,0.781,4.573,0.755,0.257,-0.911,-0.908,0.746,0.031,0.029,0.0,0.0,1.8811981867195715,-0.017434551459293957
9450647,1.168,4.329,1.222,-0.197,-1.258,-1.211,1.246,0.054,0.051,0.0,0.0,0.6037938926057527,0.022111284193071734
6442377,1.226,4.279,1.323,-0.283,-1.332,-1.364,1.358,0.06,0.057,0.0,0.0,0.48954335552322875,0.027208839651052585
7877496,1.151,4.25,1.323,-0.313,-1.252,-1.297,1.342,0.063,0.06,0.0,0.0,0.4762311249827716,0.009182223869128092
9305831,1.218,4.199,1.443,-0.402,-1.311,-1.344,1.483,0.079,0.075,1.0,0.0,0.37344258036887584,0.025776164788289535
3762468,1.257,4.269,1.35,-0.304,-1.114,-1.147,1.377,0.123,0.111,0.0,0.0,0.48143034071051566,0.013466543084813265
5959753,0.778,4.535,0.785,0.201,-0.825,-0.916,0.79,0.036,0.035,0.0,0.0,1.5779684771387252,0.0029016768816353955
4143755,0.891,4.069,1.44,-0.53,-1.48,-1.529,1.472,0.064,0.061,1.0,0.0,0.2793536010250576,0.02384572596756529
3831053,1.122,3.943,1.865,-0.768,-1.784,-1.823,1.836,0.08,0.076,1.0,0.0,0.181290407983845,-0.026374826324471745
3833007,1.095,4.242,1.304,-0.314,-1.234,-1.252,1.334,0.102,0.093,0.0,0.0,0.4612608876651788,0.022053369565453396
3847138,0.964,4.508,0.905,0.111,-1.136,-1.072,0.922,0.041,0.039,0.0,0.0,1.2299409768166738,0.021115729258057353
9703198,1.016,4.35,1.11,-0.136,-1.007,-1.037,1.082,0.085,0.077,0.0,0.0,0.8020693591562446,-0.04021192563624845
12404305,0.909,4.36,1.038,-0.096,-0.981,-1.035,1.068,0.049,0.046,0.0,2.0,0.7461912036794052,0.031149874855645465
2557816,0.956,4.455,0.956,0.035,-0.964,-0.913,0.969,0.074,0.068,0.0,0.0,1.0507189407516835,0.013513438876195868
5461440,0.834,4.503,0.845,0.135,-0.797,-0.788,0.865,0.041,0.039,0.0,0.0,1.2885988168144378,0.024882271756703933
6838050,0.917,4.416,0.978,-0.015,-0.905,-0.927,0.967,0.073,0.067,0.0,0.0,1.0141213208907425,-0.02108991342101615
6937692,1.209,4.104,1.599,-0.542,-1.375,-1.407,1.566,0.136,0.123,0.0,0.0,0.31481181824376075,-0.04005102769499813
8934495,0.807,4.552,0.786,0.217,-0.859,-0.826,0.762,0.058,0.052,0.0,0.0,1.8239319068314428,-0.04400862070326897
9119458,0.978,4.495,0.926,0.087,-1.101,-1.029,0.926,0.07,0.064,0.0,0.0,1.2317027037017887,-0.0035058947417983405
11656721,0.858,4.459,0.899,0.065,-0.809,-0.873,0.904,0.07,0.063,0.0,2.0,1.1614004672544194,1.8003577384503866e-05
5774349,0.747,4.603,0.714,0.309,-0.934,-0.876,0.695,0.052,0.048,0.0,0.0,2.2251853297135598,-0.03836618804505715
6707833,1.13,4.229,1.343,-0.34,-1.225,-1.308,1.393,0.068,0.065,0.0,0.0,0.4180469836619547,0.03877490578847076
9076513,1.176,4.118,1.559,-0.516,-1.455,-1.425,1.613,0.083,0.078,1.0,0.0,0.2802232847822672,0.03649578042676482
12459913,1.151,4.259,1.308,-0.298,-1.122,-1.184,1.332,0.112,0.101,0.0,0.0,0.48703777770682505,0.014437350873055088
4644604,0.871,4.411,0.96,-0.011,-0.943,-0.979,0.979,0.043,0.041,0.0,2.0,0.9282609470562171,0.021329920401750222
4742414,1.202,3.929,1.96,-0.805,-1.668,-1.809,1.953,0.088,0.083,1.0,0.0,0.16136068832540063,-0.012797737803157627
6365156,1.212,4.12,1.579,-0.518,-1.539,-1.522,1.629,0.072,0.068,1.0,0.0,0.28037505184951894,0.03426063309526073
7033671,1.055,4.019,1.653,-0.639,-1.594,-1.662,1.649,0.075,0.071,1.0,0.0,0.2352829694716295,-0.010590492700155107
7277317,1.14,3.664,2.597,-1.191,-2.004,-1.97,2.584,0.115,0.109,2.0,0.0,0.0660735016432744,-0.01102732336733303
7730747,1.116,3.843,2.09,-0.916,-1.936,-1.936,2.105,0.092,0.087,1.0,0.0,0.1196486751448814,0.006092105913501289
8361905,0.785,4.51,0.813,0.16,-0.785,-0.851,0.833,0.035,0.033,0.0,0.0,1.3581090790894688,0.027065347475110108
8805348,0.902,4.475,0.908,0.077,-0.963,-0.93,0.932,0.04,0.038,0.0,0.0,1.1141888306082761,0.030041199520002372
10526549,0.738,4.587,0.723,0.289,-0.868,-0.874,0.716,0.054,0.049,0.0,0.0,2.010561189146797,-0.014317294899474975
10583066,0.671,4.631,0.655,0.375,-0.796,-0.805,0.638,0.05,0.045,0.0,0.0,2.583809460232885,-0.037260484005505135
11138155,1.041,4.423,1.035,-0.034,-0.947,-0.931,1.046,0.063,0.059,0.0,0.0,0.9096109418720194,0.0071443240832302635
11153539,1.057,4.317,1.172,-0.195,-0.968,-1.038,1.176,0.101,0.091,0.0,0.0,0.6499097047306127,-0.00785302208706723
11818800,1.121,3.77,2.268,-1.031,-1.746,-1.796,2.262,0.224,0.198,1.0,0.0,0.09685628578227604,-0.017127810826663703
11960862,1.088,4.053,1.613,-0.596,-1.281,-1.354,1.629,0.154,0.137,1.0,0.0,0.2516898155216804,0.0031343575633669962
12404086,0.797,4.539,0.791,0.201,-0.816,-0.856,0.781,0.06,0.055,0.0,0.0,1.6730357444128776,-0.022505219764211326
3641726,0.912,4.498,0.89,0.108,-0.877,-0.83,0.892,0.071,0.065,0.0,0.0,1.2849915600852586,-0.0009002752000470265
3935914,1.028,4.352,1.11,-0.135,-0.878,-0.924,1.129,0.103,0.093,0.0,0.0,0.7143503944651564,0.011088711115646688
4664847,1.015,4.333,1.122,-0.16,-0.776,-0.858,1.14,0.123,0.108,0.0,2.0,0.6850960889450467,0.004248511760185952
6522242,0.769,4.405,0.907,0.008,-0.985,-1.056,0.915,0.072,0.065,0.0,0.0,1.0038366729014845,0.006336942397913793
7303253,0.784,4.554,0.772,0.227,-0.834,-0.853,0.782,0.06,0.054,0.0,0.0,1.6394410436173121,0.012304196495105613
7458762,1.024,4.368,1.091,-0.11,-0.966,-0.99,1.104,0.09,0.082,0.0,0.0,0.7610141579073935,0.008607263539728474
7585481,1.189,4.107,1.58,-0.533,-1.348,-1.351,1.581,0.143,0.129,1.0,0.0,0.30087509805684565,-0.011386244822064517
7938496,0.944,4.314,1.11,-0.173,-0.9,-0.978,1.097,0.097,0.087,0.0,0.0,0.715075850917178,-0.027352111573935578
9077124,1.039,4.211,1.312,-0.351,-1.029,-1.113,1.318,0.129,0.115,0.0,0.0,0.45380504197859983,-0.007869316783204128
9140402,0.862,4.545,0.82,0.189,-0.865,-0.801,0.805,0.042,0.039,0.0,0.0,1.6524168873363663,-0.02911962472110713
9512687,0.75,4.6,0.717,0.303,-0.819,-0.799,0.688,0.054,0.049,0.0,0.0,2.303010662583169,-0.059295948685166244
9761882,0.858,4.45,0.908,0.052,-0.747,-0.825,0.911,0.076,0.069,0.0,0.0,1.1348335244388137,-0.002932156929710633
9766437,0.978,4.368,1.064,-0.1,-0.872,-0.922,1.052,0.09,0.081,0.0,0.0,0.8400238859503588,-0.02429163533444058
6131236,1.018,4.35,1.108,-0.136,-0.913,-0.964,1.109,0.096,0.087,0.0,0.0,0.746368220810126,-0.00895313955325977
10122255,1.065,4.365,1.118,-0.123,-1.068,-1.051,1.123,0.087,0.079,0.0,0.0,0.7519870107596073,0.0007896610096168877
10482160,0.909,4.477,0.909,0.079,-0.901,-0.856,0.899,0.069,0.062,0.0,0.0,1.2510792123776178,-0.01828480802228112
6383821,1.292,4.126,1.625,-0.525,-1.586,-1.567,1.626,0.084,0.079,1.0,0.0,0.30053903658093606,-0.0029008898849173237
6693640,1.099,4.346,1.161,-0.159,-1.109,-1.121,1.141,0.088,0.08,0.0,0.0,0.7398450273481829,-0.028140759168846646
6441738,0.819,4.291,1.067,-0.178,-1.026,-1.102,1.145,0.057,0.054,0.0,0.0,0.5455913066453804,0.08513255826730198
10864656,1.408,3.389,3.936,-1.647,-2.432,-2.428,4.004,0.194,0.183,2.0,0.0,0.021934131780329543,0.011879551615749495
10744335,0.98,4.45,0.972,0.019,-0.793,-0.78,0.952,0.095,0.085,0.0,0.0,1.1358349568200983,-0.03631523053907182
10586208,1.015,4.119,1.448,-0.481,-1.354,-1.438,1.473,0.068,0.065,1.0,0.0,0.31758340572600124,0.017142198278661147
10713616,0.947,4.361,1.06,-0.104,-1.029,-1.073,1.077,0.047,0.044,0.0,0.0,0.7580587571470743,0.016297130890671307
4072526,0.809,4.583,0.76,0.262,-0.922,-0.836,0.768,0.036,0.034,0.0,0.0,1.7859317638255934,0.010135138482263661
7211221,0.958,4.416,1.001,-0.024,-0.997,-1.0,1.015,0.043,0.041,0.0,0.0,0.9161516800039021,0.014032617669150586
8935810,0.847,4.39,0.964,-0.036,-0.83,-0.897,0.973,0.091,0.082,0.0,0.0,0.9194855097100672,0.0004551104743488188
12020218,0.965,4.4,1.021,-0.051,-0.853,-0.886,1.004,0.086,0.078,0.0,0.0,0.9535120260849587,-0.030326174916790936
12418724,1.081,4.402,1.08,-0.073,-1.066,-1.024,1.055,0.085,0.077,0.0,0.0,0.9205943709827122,-0.037068315052175976
9824805,1.054,4.36,1.115,-0.129,-0.948,-0.98,1.093,0.093,0.084,0.0,0.0,0.8071980889390722,-0.03598012502741951
11954842,0.996,4.264,1.216,-0.261,-1.196,-1.236,1.268,0.056,0.053,0.0,0.0,0.4885416307945,0.05009842221344296
12159249,1.241,4.213,1.436,-0.387,-1.398,-1.451,1.465,0.064,0.061,0.0,0.0,0.394692530423984,0.016741092571654903
8053552,1.212,4.013,1.789,-0.682,-1.446,-1.485,1.933,0.174,0.157,1.0,0.0,0.16780583482921216,0.09319294225539165
8009350,0.675,4.64,0.65,0.386,-0.768,-0.773,0.627,0.049,0.045,0.0,0.0,2.7384268876715914,-0.051501150338875645
8082001,1.014,4.411,1.034,-0.045,-0.947,-0.927,1.015,0.084,0.076,0.0,0.0,0.9697054316533995,-0.03163982824962215
12506770,0.628,4.652,0.618,0.421,-0.748,-0.765,0.655,0.032,0.03,0.0,0.0,2.234784979789519,0.07176425623815308
11046025,0.746,4.588,0.726,0.288,-0.894,-0.883,0.711,0.053,0.048,0.0,0.0,2.0755348276955954,-0.029130025283369998
6049190,1.201,4.233,1.372,-0.347,-1.112,-1.219,1.369,0.119,0.107,0.0,0.0,0.4680935565799838,-0.01733266300093611
7522911,1.135,4.17,1.433,-0.429,-1.132,-1.205,1.431,0.139,0.124,0.0,0.0,0.3873262759708022,-0.017076960249812423
7815744,0.87,4.437,0.929,0.028,-0.785,-0.867,0.943,0.076,0.069,0.0,0.0,1.037490609204433,0.012015825593366544
6185331,0.98,3.933,1.747,-0.754,-1.382,-1.473,1.727,0.186,0.164,1.0,0.0,0.1902606880561158,-0.03334906299011842
8197343,1.055,4.355,1.125,-0.138,-1.023,-1.046,1.18,0.061,0.057,0.0,0.0,0.6421055706766515,0.05439356228466463
11875734,0.979,4.159,1.357,-0.413,-1.271,-1.336,1.375,0.106,0.096,1.0,0.0,0.37659504132231403,0.01112540269570661
6776401,0.775,4.592,0.736,0.284,-0.904,-0.838,0.712,0.054,0.049,0.0,0.0,2.14714671850819,-0.04786172159574126
9883311,0.89,4.181,1.258,-0.361,-1.042,-1.127,1.272,0.121,0.108,0.0,0.0,0.4324428020247388,0.003071327292272441
5695524,1.015,4.32,1.148,-0.179,-1.095,-1.14,1.171,0.053,0.05,0.0,0.0,0.6321139241475409,0.02020464296785779
9072190,0.968,4.428,0.991,-0.009,-0.895,-0.902,1.017,0.053,0.05,0.0,0.0,0.9202641386622901,0.027087501459839985
10844890,0.923,4.43,0.966,0.006,-0.912,-0.917,0.95,0.072,0.065,0.0,0.0,1.0765417699373088,-0.026030885159368806
11657891,0.851,4.485,0.87,0.106,-0.838,-0.894,0.836,0.062,0.057,0.0,0.0,1.4565008008803277,-0.05731072776753875
8543100,0.909,4.445,0.939,0.029,-0.703,-0.739,0.925,0.097,0.086,0.0,0.0,1.1485203245612303,-0.03113868500486962
2449431,0.945,4.35,1.072,-0.12,-1.021,-1.077,1.106,0.049,0.046,0.0,2.0,0.6985000275881639,0.03583357239677554
10663396,1.175,4.118,1.565,-0.518,-1.553,-1.463,1.597,0.069,0.065,1.0,0.0,0.28848492134479364,0.02187688180769376
9472000,1.265,4.26,1.374,-0.32,-1.287,-1.302,1.398,0.066,0.063,0.0,0.0,0.4629872286177119,0.014430988717151039
10158729,0.916,4.33,1.079,-0.144,-1.006,-1.076,1.057,0.082,0.074,0.0,0.0,0.7756584208895388,-0.03367051174557163
9225395,0.799,4.557,0.777,0.226,-0.811,-0.764,0.779,0.037,0.035,0.0,0.0,1.690185635034442,-0.0019344062962980135
11499228,1.227,4.07,1.683,-0.597,-1.594,-1.509,1.681,0.078,0.074,1.0,0.0,0.25831012073572723,-0.009141422408591282
8164012,1.052,4.373,1.102,-0.109,-1.054,-1.054,1.119,0.054,0.051,0.0,0.0,0.7508021026903738,0.015474519767329845
12505076,1.049,4.137,1.435,-0.464,-1.089,-1.169,1.479,0.16,0.141,0.0,0.0,0.32424326669887227,0.02512903379711956
7204981,0.86,4.542,0.821,0.187,-0.846,-0.779,0.819,0.044,0.041,0.0,0.0,1.5654771968868946,-0.007646745962312407
10203349,0.991,4.375,1.064,-0.092,-0.943,-0.984,1.099,0.057,0.054,0.0,0.0,0.7465872642960253,0.034919422785196386
11520459,0.854,4.478,0.878,0.094,-0.765,-0.823,0.871,0.07,0.064,0.0,0.0,1.292419213254756,-0.017403405666015462
8959839,1.11,4.274,1.265,-0.27,-1.146,-1.216,1.262,0.099,0.09,0.0,0.0,0.55226168553984,-0.012144914062310996
9112931,0.668,4.609,0.669,0.344,-0.776,-0.853,0.769,0.037,0.035,0.0,0.0,1.4689176292982693,0.17700255692874742
10329469,0.728,4.612,0.697,0.328,-0.811,-0.768,0.675,0.053,0.048,0.0,0.0,2.3671188335111513,-0.04622006081996233
7960980,0.827,4.464,0.875,0.081,-0.746,-0.848,0.885,0.077,0.07,0.0,0.0,1.1930968455247957,0.004324302540929678
9945370,0.851,4.544,0.814,0.191,-0.728,-0.694,0.761,0.073,0.065,0.0,0.0,1.930970281185192,-0.09477558977286937
8973129,0.898,4.493,0.887,0.104,-0.861,-0.834,0.906,0.047,0.044,0.0,0.0,1.207512801491339,0.022108256363134862
3440978,0.803,4.522,0.81,0.173,-0.734,-0.779,0.813,0.066,0.06,0.0,0.0,1.4943210301826109,-0.0014439084964765203
7542813,1.209,4.234,1.375,-0.349,-1.066,-1.172,1.433,0.134,0.119,0.0,0.0,0.41085419878499113,0.03731227033126161
8042453,1.085,4.246,1.288,-0.306,-1.078,-1.143,1.313,0.115,0.104,0.0,0.0,0.47933104711037516,0.013364440083889706
7504778,1.116,4.119,1.52,-0.505,-1.316,-1.352,1.498,0.127,0.115,0.0,0.0,0.33199286829817454,-0.02612875451121699
8007644,0.877,4.375,0.997,-0.065,-0.771,-0.882,0.978,0.089,0.08,0.0,0.0,0.9375253703772549,-0.036983029003236245
5534941,1.013,3.874,1.921,-0.849,-1.869,-1.877,1.952,0.085,0.08,1.0,0.0,0.13619777267976174,0.01682999463173862
8099138,0.961,4.469,0.944,0.054,-0.97,-0.917,0.96,0.048,0.045,0.0,0.0,1.086199725115741,0.01809031145015981
11566256,0.967,4.47,0.946,0.053,-0.97,-0.91,0.917,0.073,0.066,0.0,0.0,1.2540604372809145,-0.04531846707293837
7987866,0.775,4.523,0.795,0.183,-0.768,-0.845,0.821,0.061,0.056,0.0,0.0,1.4004649084504979,0.03672776885201193
9395024,1.023,4.376,1.08,-0.099,-0.937,-0.968,1.105,0.062,0.058,0.0,0.0,0.7582087632960994,0.021211200351228393
8494617,1.131,4.217,1.37,-0.36,-1.384,-1.347,1.413,0.063,0.06,0.0,0.0,0.40090005827502384,0.0369638806202206
7984574,0.964,4.477,0.936,0.064,-0.884,-0.849,0.934,0.081,0.074,0.0,0.0,1.1831407296412186,-0.009036405212550641
8073806,1.008,4.363,1.086,-0.114,-0.888,-0.931,1.095,0.095,0.086,0.0,0.0,0.7677470821755005,0.0007818254189049384
12453581,0.789,4.536,0.789,0.199,-0.743,-0.791,0.788,0.067,0.06,0.0,0.0,1.6124949037803646,-0.008498350740754251
8081899,0.889,4.45,0.927,0.042,-0.888,-0.933,0.941,0.04,0.038,0.0,0.0,1.0669225411750822,0.013867109311557001
5963582,1.176,3.816,2.21,-0.969,-1.984,-2.005,2.222,0.101,0.096,1.0,0.0,0.10719515533085179,0.0008248420744267904
10453588,0.998,4.115,1.445,-0.484,-1.394,-1.467,1.491,0.064,0.061,1.0,0.0,0.30109088688752683,0.03730238907161265
8559152,1.221,4.234,1.392,-0.351,-1.343,-1.382,1.436,0.064,0.06,0.0,0.0,0.4123370354881798,0.03374765577396205
9880190,0.82,4.552,0.793,0.212,-0.876,-0.824,0.801,0.036,0.034,0.0,0.0,1.5955716240514681,0.00908369586899635
9574158,0.776,4.59,0.738,0.28,-0.763,-0.75,0.689,0.059,0.053,0.0,0.0,2.3724881698063407,-0.09520405553531103
7294743,1.212,3.926,1.976,-0.809,-1.811,-1.892,2.012,0.088,0.083,1.0,2.0,0.14880539968061704,0.018381309321401917
7515762,1.121,4.156,1.454,-0.449,-1.229,-1.28,1.482,0.099,0.091,0.0,0.0,0.3443983020766774,0.013938998334954933
11818872,0.95,4.504,0.902,0.11,-1.068,-0.965,0.893,0.038,0.036,0.0,0.0,1.3340411577844382,-0.01516922862320845
9712350,0.823,4.517,0.824,0.16,-0.674,-0.694,0.81,0.076,0.069,0.0,0.0,1.5486196962597916,-0.029944778576320524
4915638,0.789,4.582,0.751,0.265,-0.78,-0.751,0.721,0.061,0.055,0.0,0.0,2.105092621660767,-0.058271209051133255
6124512,1.096,3.848,2.058,-0.908,-1.786,-1.865,2.046,0.12,0.112,1.0,0.0,0.12796572631743888,-0.015093666019926455
10070468,0.999,4.107,1.456,-0.497,-1.317,-1.395,1.463,0.077,0.072,0.0,0.0,0.3190307242896699,-0.0008325098500497341
6211812,0.83,4.505,0.839,0.141,-0.744,-0.793,0.824,0.068,0.062,0.0,0.0,1.4835304243420364,-0.030296457284726658
7762723,0.977,4.192,1.308,-0.365,-1.284,-1.351,1.315,0.098,0.089,0.0,0.0,0.42965246250064665,0.001882694758556902
6587105,0.948,4.476,0.93,0.067,-0.919,-0.869,0.931,0.048,0.045,0.0,0.0,1.1747874391593165,-0.0029592943940382477
12456601,0.993,4.39,1.048,-0.072,-0.921,-0.938,1.046,0.085,0.077,0.0,0.0,0.8676692269730215,-0.010354194901614808
11414465,0.716,4.588,0.71,0.297,-0.813,-0.866,0.702,0.053,0.048,0.0,2.0,2.0696727703976023,-0.01890168591843977
8681833,0.951,4.345,1.076,-0.128,-0.86,-0.94,1.064,0.093,0.084,0.0,0.0,0.7895063603097289,-0.025355633060325705
5106313,0.766,4.58,0.742,0.27,-0.882,-0.846,0.733,0.033,0.031,0.0,0.0,1.9449876395146808,-0.018916845709220087
8259713,1.544,4.116,1.79,-0.577,-1.513,-1.54,1.945,0.161,0.146,0.0,0.0,0.2098400973269358,0.10111152098546239
10880507,0.95,4.464,0.944,0.049,-0.965,-0.926,0.955,0.044,0.041,0.0,0.0,1.0907205371626427,0.011286509462391237
8617363,0.919,4.498,0.892,0.104,-0.708,-0.716,0.871,0.087,0.077,0.0,0.0,1.3907883571207504,-0.03926104636312168
11244137,1.153,3.949,1.872,-0.765,-1.701,-1.779,1.928,0.098,0.093,1.0,0.0,0.16088228229841559,0.028491781405736827
3848275,1.183,4.242,1.34,-0.328,-1.005,-1.042,1.36,0.146,0.128,0.0,0.0,0.47029246387136164,-0.0003680195172777734
5092266,1.057,4.341,1.139,-0.158,-0.868,-0.917,1.146,0.112,0.099,0.0,0.0,0.7022975193597183,-0.004521134413312866
9714550,0.939,4.479,0.922,0.074,-0.973,-0.923,0.932,0.071,0.065,0.0,0.0,1.159892807030123,0.009582144795833275
7216284,0.881,4.477,0.891,0.086,-0.821,-0.755,0.919,0.086,0.077,0.0,0.0,1.1350875866758388,0.030970625746285937
11019987,1.313,4.12,1.645,-0.536,-1.535,-1.563,1.691,0.077,0.073,1.0,0.0,0.27154005604079245,0.030166096703745926
10924562,1.242,4.223,1.404,-0.371,-0.91,-1.003,1.437,0.18,0.155,0.0,0.0,0.41855380216594124,0.00724870856211568
3219643,0.791,4.558,0.773,0.229,-0.793,-0.773,0.765,0.062,0.056,0.0,0.0,1.766819476448503,-0.018192178036823714
8430964,1.053,4.303,1.185,-0.213,-0.894,-0.976,1.189,0.114,0.102,0.0,0.0,0.6264447981790556,-0.009882807329411686
12168993,0.984,3.717,2.265,-1.082,-1.772,-1.834,2.261,0.209,0.187,1.0,0.0,0.08513211272030789,-0.012093411395262432
8197793,1.057,4.286,1.215,-0.241,-1.037,-1.105,1.283,0.08,0.074,0.0,0.0,0.5004895547813346,0.059604981817359126
9758032,0.812,4.546,0.793,0.206,-0.758,-0.73,0.775,0.066,0.06,0.0,0.0,1.7444194555402637,-0.035650921722244405
2853029,0.803,4.532,0.801,0.188,-0.734,-0.761,0.788,0.045,0.042,0.0,0.0,1.6411069806535272,-0.027136892810014968
12056139,1.232,4.081,1.657,-0.581,-1.375,-1.422,1.641,0.143,0.13,1.0,0.0,0.2787949896976663,-0.026284964669126887
4736644,0.795,4.549,0.782,0.216,-0.848,-0.863,0.785,0.036,0.034,0.0,0.0,1.6434562919439892,0.0002418415792873052
10922659,1.086,4.347,1.145,-0.158,-0.784,-0.829,1.223,0.149,0.13,0.0,2.0,0.5936773146233605,0.06844954585602833
6368230,1.104,4.193,1.38,-0.39,-1.101,-1.179,1.398,0.132,0.118,0.0,0.0,0.4040615813390941,0.00355244083580758
4263529,0.852,4.511,0.846,0.144,-0.862,-0.839,0.857,0.037,0.035,0.0,0.0,1.3536211422200595,0.01250287100289435
6619815,1.06,4.383,1.09,-0.097,-0.911,-0.907,1.1,0.102,0.091,0.0,0.0,0.7963936889556722,0.0018721902099050058
11651712,1.044,4.322,1.163,-0.184,-1.085,-1.128,1.19,0.054,0.051,0.0,0.0,0.6195261099991158,0.023940385511348916
8078502,0.837,4.467,0.877,0.083,-0.677,-0.765,0.874,0.081,0.073,0.0,0.0,1.253692881947018,-0.015191160090050906
3848966,1.019,4.015,1.635,-0.64,-1.452,-1.538,1.71,0.091,0.086,1.0,0.0,0.2037914000029199,0.05081414717003507
6200810,1.34,4.059,1.768,-0.633,-1.25,-1.347,1.792,0.197,0.173,0.0,0.0,0.23285779591552022,-9.07823864884083e-05
7503885,0.993,4.305,1.153,-0.198,-1.005,-1.072,1.148,0.093,0.084,0.0,0.0,0.6563320077920796,-0.015123584309517185
9267996,0.998,4.161,1.369,-0.415,-1.311,-1.382,1.342,0.101,0.092,0.0,0.0,0.4129267269616039,-0.03087299378845121
6118370,1.083,4.052,1.606,-0.597,-1.205,-1.296,1.626,0.172,0.152,1.0,0.0,0.2519224277222552,0.0017331671488277633
8880123,1.18,4.14,1.516,-0.485,-1.263,-1.355,1.545,0.098,0.091,1.0,0.0,0.3199606394182899,0.009903443976434945
7017372,1.116,4.246,1.311,-0.312,-1.268,-1.269,1.326,0.06,0.057,0.0,0.0,0.47866714854551734,0.00796637760470309
12784167,0.997,4.338,1.115,-0.149,-1.057,-1.116,1.125,0.085,0.077,0.0,0.0,0.7002249657064472,0.005762409030488136
10714072,0.811,4.496,0.839,0.132,-0.842,-0.975,0.834,0.035,0.033,0.0,0.0,1.398049995040112,-0.013522702297939976
3955817,0.807,4.562,0.778,0.231,-0.859,-0.82,0.804,0.038,0.036,0.0,0.0,1.5527637671152663,0.03989461152328341
9897364,1.217,4.14,1.539,-0.491,-1.24,-1.311,1.546,0.143,0.129,0.0,0.0,0.3293533684131061,-0.008662109483146663
9366617,1.092,4.001,1.72,-0.675,-1.485,-1.628,1.807,0.083,0.078,1.0,0.0,0.18507518010497517,0.057651819314076924
9872831,0.992,4.128,1.42,-0.464,-1.375,-1.438,1.462,0.064,0.061,0.0,0.0,0.31744577720839723,0.0343304457113463
11611275,1.038,4.335,1.138,-0.162,-0.94,-0.987,1.128,0.098,0.089,0.0,0.0,0.7232193787075655,-0.021270054570468683
7450747,1.389,3.933,2.084,-0.83,-1.5,-1.574,2.162,0.186,0.165,1.0,2.0,0.13744697207748277,0.03186482311425909
10063208,0.946,4.383,1.033,-0.071,-1.009,-1.05,1.056,0.044,0.042,0.0,0.0,0.803339981251913,0.024100618191587667
5095082,1.154,3.899,1.986,-0.838,-1.818,-1.832,2.018,0.096,0.091,1.0,0.0,0.14042431793711155,0.01455767688296239
10730070,1.009,4.434,1.006,-0.009,-1.054,-0.996,1.036,0.047,0.044,0.0,0.0,0.9074274235050012,0.033188099990732224
11444514,1.063,4.014,1.656,-0.648,-1.251,-1.388,1.655,0.172,0.151,1.0,0.0,0.2344980686585748,-0.018139270188084144
3103473,0.813,4.525,0.812,0.176,-0.748,-0.78,0.804,0.067,0.06,0.0,0.0,1.5643084791384279,-0.01832239934871427
7046035,1.333,3.956,1.985,-0.788,-1.368,-1.467,2.069,0.25,0.214,1.0,0.0,0.15050422003394778,0.0344513225833446
11718389,0.586,4.661,0.586,0.452,-0.277,-0.822,0.524,0.039,0.036,0.0,0.0,4.072900073884909,-0.15790375506691062
4474462,1.017,4.113,1.462,-0.492,-1.385,-1.448,1.507,0.068,0.064,1.0,0.0,0.297153736774727,0.03501880402115087
5352640,0.843,4.406,0.944,-0.011,-0.79,-0.882,0.959,0.088,0.079,0.0,2.0,0.9558104031309066,0.008628246887248437
7133294,1.315,3.923,2.075,-0.835,-1.685,-1.707,2.122,0.112,0.105,1.0,0.0,0.1376225542869821,0.026310385870188857
8700895,1.266,3.901,2.075,-0.856,-1.592,-1.668,2.139,0.14,0.129,1.0,2.0,0.1293604006459348,0.03219864803324757
6369131,1.193,3.996,1.809,-0.701,-1.439,-1.53,1.874,0.116,0.108,1.0,0.0,0.18127239969975673,0.04066831598493659
5431027,1.092,3.936,1.849,-0.771,-1.656,-1.703,1.875,0.15,0.136,1.0,0.0,0.16566044444444444,0.009781177822494547
4060229,0.901,4.218,1.217,-0.308,-1.166,-1.232,1.227,0.064,0.06,0.0,0.0,0.48774306469244877,0.0038088972019498235
9009036,1.256,4.031,1.781,-0.663,-1.671,-1.638,1.806,0.08,0.076,1.0,0.0,0.21322415474335865,0.008163598531283678
11506654,1.091,4.286,1.237,-0.247,-1.16,-1.205,1.252,0.059,0.056,0.0,0.0,0.5559193155479808,0.007988236034890739
10873178,1.128,4.251,1.308,-0.305,-1.221,-1.215,1.334,0.105,0.095,0.0,0.0,0.475161900718102,0.01815838909426709
6311891,0.952,4.485,0.923,0.08,-0.986,-0.922,0.93,0.043,0.041,0.0,0.0,1.1835540686535952,0.006811897277331044
11337012,0.928,3.839,1.902,-0.883,-1.599,-1.676,1.92,0.188,0.167,1.0,0.0,0.1311125578703704,-0.000644290108213319
9021075,0.71,4.62,0.682,0.345,-0.751,-0.747,0.648,0.053,0.048,0.0,0.0,2.6093559774274095,-0.07153333110729532
7266212,0.994,4.259,1.22,-0.269,-1.12,-1.163,1.185,0.094,0.085,0.0,0.0,0.5973533909457841,-0.04523133335894522
10221505,0.839,4.513,0.836,0.15,-0.755,-0.762,0.852,0.071,0.064,0.0,2.0,1.356573023481836,0.017556823471400057
8626325,1.196,3.839,2.171,-0.939,-2.036,-1.994,2.146,0.094,0.089,1.0,0.0,0.12101578624057101,-0.021842026762595168
8054719,0.941,4.26,1.185,-0.255,-1.094,-1.157,1.233,0.099,0.089,0.0,0.0,0.5019961583829076,0.044299606359938126
6220312,1.1,3.974,1.766,-0.715,-1.33,-1.453,1.808,0.188,0.166,1.0,2.0,0.18612186975231082,0.015202593259808439
8278073,0.866,4.358,1.016,-0.089,-0.984,-1.089,1.031,0.046,0.043,0.0,0.0,0.7902088625225292,0.013258103833202875
10810859,1.029,4.431,1.019,-0.019,-0.949,-0.93,1.035,0.063,0.059,0.0,0.0,0.928099044132395,0.013405674616376675
7287677,0.794,4.504,0.822,0.149,-0.739,-0.801,0.799,0.062,0.057,0.0,0.0,1.5566112486073058,-0.043180164485122075
9702945,1.154,4.072,1.64,-0.583,-1.521,-1.49,1.675,0.073,0.069,1.0,0.0,0.24556212034060035,0.026838625298879593
10549902,1.054,4.128,1.463,-0.478,-1.327,-1.37,1.55,0.081,0.076,1.0,0.0,0.28303850156087407,0.07015448363434673
11072016,1.065,4.215,1.327,-0.349,-1.238,-1.278,1.318,0.102,0.092,0.0,0.0,0.4651610873024147,-0.016603377000783293
10747501,0.976,4.458,0.962,0.033,-0.849,-0.823,0.944,0.086,0.077,0.0,0.0,1.1602026010448976,-0.031533834772484934
9479306,1.007,4.242,1.243,-0.296,-0.928,-1.02,1.32,0.134,0.119,1.0,0.0,0.4378321785346578,0.06269232306393169
5437762,1.124,4.311,1.224,-0.218,-1.163,-1.204,1.245,0.056,0.053,0.0,0.0,0.5824494733826354,0.016741743062223258
1865864,0.737,4.607,0.706,0.317,-0.839,-0.808,0.698,0.054,0.049,0.0,0.0,2.1672111179330074,-0.018901219989568285
3955444,1.228,3.412,3.596,-1.586,-2.287,-2.304,3.517,0.267,0.242,2.0,0.0,0.028228074948063793,-0.0366812618543213
4164511,1.238,4.31,1.285,-0.24,-1.284,-1.303,1.301,0.098,0.089,0.0,0.0,0.5621972992994482,0.010111245000659463
5027859,0.817,4.577,0.769,0.249,-0.773,-0.75,0.734,0.064,0.058,0.0,0.0,2.0660169335906597,-0.0661338767842039
5859725,1.224,4.213,1.426,-0.382,-1.401,-1.431,1.417,0.06,0.057,0.0,0.0,0.4302014472438519,-0.01567186706716117
6367663,1.267,4.056,1.734,-0.626,-1.513,-1.522,1.734,0.141,0.128,1.0,0.0,0.24301290410565954,-0.011629335462866819
8525101,1.466,3.19,5.055,-1.954,-2.373,-2.644,5.239,0.438,0.393,2.0,0.0,0.010195036265126481,0.03761122503872949
9942658,0.939,4.513,0.888,0.123,-0.994,-0.946,0.867,0.043,0.041,0.0,0.0,1.4408152609642577,-0.03560829983748004
10146103,1.128,4.149,1.478,-0.463,-1.391,-1.396,1.485,0.075,0.071,1.0,0.0,0.3444528152891244,-0.00012973868762994334
10339000,1.392,3.915,2.136,-0.858,-1.696,-1.711,2.174,0.183,0.166,1.0,0.0,0.13547545429519373,0.010139383976283889
11393248,0.81,4.535,0.802,0.19,-0.759,-0.753,0.816,0.042,0.039,0.0,0.0,1.4907833808263793,0.0165854573829336
12735793,1.138,4.279,1.278,-0.267,-1.289,-1.278,1.287,0.096,0.087,0.0,0.0,0.5338344802558392,0.005593378654107695
3249334,0.741,4.59,0.722,0.291,-0.808,-0.841,0.713,0.057,0.052,0.0,0.0,2.0443234879330303,-0.01954961842373154
3324069,1.048,3.575,2.754,-1.303,-2.006,-2.064,2.777,0.208,0.189,2.0,0.0,0.04893658322109559,0.007366356603065061
4372620,1.154,3.753,2.352,-1.059,-2.015,-1.961,2.294,0.172,0.156,1.0,0.0,0.0955928848417937,-0.039425568123965915
4995716,0.773,4.48,0.833,0.119,-0.797,-0.883,0.846,0.071,0.064,0.0,0.0,1.2766398738107714,0.012931595198745607
5083138,1.07,4.343,1.144,-0.158,-0.914,-0.953,1.169,0.108,0.097,0.0,0.0,0.6697924444481455,0.016059755800310715
5263167,0.993,4.297,1.161,-0.21,-0.929,-1.003,1.142,0.103,0.093,0.0,0.0,0.6667314427932526,-0.03395093676589353
6111011,0.971,4.227,1.247,-0.312,-1.035,-1.108,1.293,0.116,0.104,0.0,0.0,0.4491833556775685,0.03557634473317722
6345758,1.009,4.006,1.639,-0.651,-1.449,-1.533,1.641,0.138,0.124,1.0,0.0,0.22833128620531273,-0.009565423077630864
6715997,1.252,4.13,1.585,-0.512,-1.418,-1.427,1.672,0.134,0.122,1.0,0.0,0.2678523799503776,0.06010449043458177
6763884,1.049,4.451,1.009,0.007,-1.233,-1.133,1.011,0.042,0.04,0.0,0.0,1.0151308386896511,0.0004779785794452162
6853172,1.135,4.259,1.295,-0.293,-1.015,-1.059,1.299,0.124,0.11,0.0,0.0,0.5178075855835834,-0.007168408310057939
6947623,0.85,4.516,0.84,0.151,-0.841,-0.821,0.834,0.063,0.058,0.0,2.0,1.4652805126807584,-0.014920773801076676
7345335,0.901,4.484,0.898,0.09,-0.883,-0.838,0.901,0.069,0.063,0.0,0.0,1.2318289827186713,-0.0005504180418740706
7687365,0.776,4.572,0.753,0.255,-0.818,-0.795,0.728,0.058,0.052,0.0,0.0,2.0112570680134985,-0.04846758331907691
7939761,0.938,3.562,2.645,-1.301,-1.996,-2.07,2.571,0.22,0.2,1.0,0.0,0.05519460230405214,-0.04289660845048249
8115647,1.039,4.45,1.003,0.008,-1.083,-1.029,1.003,0.05,0.047,0.0,0.0,1.0297048267271043,-0.004712748495923128
8227086,0.919,3.989,1.592,-0.656,-1.366,-1.44,1.599,0.154,0.137,1.0,0.0,0.22478644559375188,-0.007770120147407189
8227464,1.014,4.04,1.586,-0.6,-1.501,-1.589,1.622,0.071,0.067,1.0,0.0,0.23762132070544956,0.02411459462809462
8693536,1.516,3.957,2.126,-0.813,-1.654,-1.718,2.174,0.183,0.165,0.0,0.0,0.14754367005137478,0.01807941795479251
8760760,0.943,4.428,0.977,-0.003,-0.822,-0.832,0.994,0.085,0.077,0.0,0.0,0.9601797433671496,0.014647460454611558
9596064,0.786,4.565,0.764,0.24,-0.71,-0.695,0.751,0.068,0.062,0.0,0.0,1.8556784957773789,-0.02850273502690276
9640123,1.138,4.253,1.315,-0.306,-1.28,-1.301,1.418,0.062,0.059,1.0,0.0,0.3991292624069626,0.09288643048209083
9693803,0.933,4.283,1.143,-0.218,-0.886,-0.972,1.122,0.107,0.096,0.0,0.0,0.660546009115246,-0.03790307298607207
9811915,0.849,4.532,0.824,0.175,-0.758,-0.719,0.799,0.07,0.063,0.0,0.0,1.664436964820658,-0.046267352301978426
9943009,1.466,3.919,2.18,-0.862,-1.78,-1.777,2.227,0.122,0.114,1.0,0.0,0.13273129120143667,0.01502668079700542
10002049,1.058,3.946,1.782,-0.75,-1.279,-1.4,1.807,0.234,0.198,1.0,0.0,0.17931276607240268,-0.0036112100163715466
10019854,1.131,4.331,1.197,-0.191,-1.007,-1.026,1.176,0.104,0.094,0.0,0.0,0.6954095326871552,-0.0332406397050963
10053138,0.989,4.485,0.941,0.072,-1.122,-1.019,0.956,0.041,0.039,0.0,0.0,1.1319379348793384,0.01817738523112076
10546063,1.072,4.306,1.187,-0.213,-0.79,-0.878,1.202,0.141,0.122,0.0,0.0,0.617278829375476,-0.003481382356589152
11187972,1.273,3.891,2.102,-0.871,-1.709,-1.938,2.021,0.152,0.138,1.0,0.0,0.15421601020873937,-0.059129463107743474
11244571,1.232,3.969,1.906,-0.751,-1.636,-1.669,1.915,0.15,0.136,1.0,0.0,0.17543020582416535,0.00489562708551794
11286311,1.034,3.784,2.152,-0.991,-1.903,-1.883,2.106,0.184,0.166,1.0,0.0,0.11069944364737849,-0.03514543820952065
11650543,1.003,4.365,1.086,-0.111,-1.053,-1.09,1.067,0.08,0.072,0.0,0.0,0.8256722235721694,-0.027807674747008487
11773625,1.183,3.994,1.808,-0.701,-1.523,-1.668,1.876,0.084,0.08,1.0,0.0,0.17917864272682807,0.04571375750120654
12016243,1.068,4.042,1.635,-0.612,-1.376,-1.504,1.599,0.152,0.136,0.0,0.0,0.26123169085323944,-0.029025861453833568
3110177,0.913,4.486,0.902,0.09,-0.905,-0.845,0.89,0.069,0.063,0.0,0.0,1.2950924083186637,-0.0223007575995606
6043538,1.266,3.802,2.312,-1.004,-1.648,-1.754,2.377,0.205,0.182,1.0,0.0,0.0942640642087855,0.02165383950320443
6278670,1.3,3.402,3.745,-1.615,-2.348,-2.361,3.654,0.283,0.257,1.0,0.0,0.02664634970557554,-0.04063772325727988
7778664,1.191,4.107,1.584,-0.534,-1.42,-1.43,1.656,0.14,0.126,1.0,0.0,0.26225921934829455,0.04726923586380649
8222395,1.006,4.457,0.98,0.026,-1.12,-1.031,0.969,0.072,0.065,0.0,0.0,1.1056728602470645,-0.01762664956761267
8488381,1.078,4.296,1.218,-0.229,-1.174,-1.205,1.212,0.091,0.083,0.0,0.0,0.6054954742280098,-0.011110901359917769
8702537,1.017,3.982,1.697,-0.688,-1.641,-1.683,1.689,0.126,0.114,1.0,0.0,0.21107267017038703,-0.012432004209718461
9873004,0.817,4.572,0.773,0.242,-0.74,-0.715,0.721,0.066,0.06,0.0,0.0,2.179798063240616,-0.09641626237412837
9906688,0.968,4.439,0.979,0.006,-0.875,-0.871,0.962,0.081,0.073,0.0,0.0,1.087301885621395,-0.030350141194954786
10198225,1.228,3.439,3.479,-1.545,-2.263,-2.265,3.427,0.264,0.24,1.0,0.0,0.03051097271400199,-0.02945605351554792
11443757,1.386,3.19,4.916,-1.944,-2.642,-2.659,4.788,0.382,0.346,1.0,0.0,0.012627018160241798,-0.04530080507266865
12156930,0.921,4.419,0.978,-0.011,-0.965,-0.986,0.956,0.072,0.065,0.0,0.0,1.0541100485580088,-0.0338859533685488
5683219,1.03,3.877,1.93,-0.849,-1.807,-1.863,2.015,0.152,0.138,1.0,0.0,0.1258960410080074,0.05098792672621277
10905239,1.122,4.021,1.703,-0.651,-1.574,-1.718,1.691,0.076,0.072,1.0,0.0,0.23203956045526972,-0.01656203412691737
8056665,1.639,4.266,1.554,-0.365,-1.374,-1.383,1.741,0.08,0.076,0.0,0.0,0.31058654686079856,0.14281735978149457
6462863,1.339,4.316,1.33,-0.248,-1.507,-1.504,1.383,0.06,0.057,0.0,0.0,0.506190554159375,0.04768596331592284
4914423,1.312,4.237,1.438,-0.36,-1.392,-1.475,1.5,0.065,0.062,0.0,0.0,0.3887407407407408,0.050339942127402226
9579641,1.027,4.429,1.023,-0.021,-1.132,-1.062,1.036,0.045,0.042,0.0,0.0,0.9236154251136137,0.013508822630364525
8395660,0.986,4.399,1.036,-0.056,-1.019,-1.022,1.049,0.046,0.044,0.0,0.0,0.8541820687814796,0.012449549639462286
5094751,1.172,4.266,1.316,-0.291,-1.309,-1.272,1.354,0.058,0.055,0.0,0.0,0.47214089465504366,0.034928381365304795
11086270,1.121,4.313,1.216,-0.212,-1.174,-1.209,1.251,0.055,0.052,0.0,0.0,0.5725767162405684,0.03016631648528656
8644288,0.976,4.504,0.915,0.102,-1.146,-1.024,0.923,0.039,0.037,0.0,0.0,1.2412084243964565,0.008155285411044419
8559644,1.128,4.396,1.112,-0.09,-1.255,-1.168,1.123,0.049,0.046,0.0,0.0,0.7964707494242601,0.008830169137049926
5735762,0.881,4.527,0.847,0.159,-0.948,-0.883,0.846,0.036,0.034,0.0,2.0,1.4550061174997277,-0.0038648192949773674
8394721,1.294,4.304,1.325,-0.26,-1.354,-1.331,1.343,0.063,0.06,0.0,0.0,0.534202896312943,0.012293761673464465
7831264,1.296,4.269,1.377,-0.31,-1.338,-1.35,1.409,0.064,0.061,0.0,0.0,0.463310371429422,0.024127977793494737
8692861,0.955,4.269,1.182,-0.243,-1.165,-1.208,1.226,0.054,0.051,0.0,0.0,0.5182412295339701,0.04246803896344237
10019708,1.155,4.219,1.369,-0.36,-1.105,-1.215,1.399,0.088,0.082,0.0,0.0,0.4218216253381865,0.014871159247319743
10723750,1.255,4.127,1.592,-0.516,-1.441,-1.438,1.619,0.083,0.078,1.0,0.0,0.2957353088715261,0.01309682044306415
6152974,0.849,4.545,0.814,0.195,-0.924,-0.838,0.817,0.036,0.034,0.0,0.0,1.5568311787287983,0.0027584793532937635
7132798,0.928,4.409,0.992,-0.028,-0.923,-0.945,1.001,0.076,0.069,0.0,2.0,0.9252215587339009,0.005754256219093697
3937519,0.891,4.518,0.86,0.144,-0.958,-0.855,0.867,0.039,0.037,0.0,0.0,1.3671633626402064,0.008179588391756004
4249725,0.697,4.591,0.698,0.309,-0.883,-0.978,0.729,0.021,0.021,0.0,0.0,1.7990788298240985,0.05394980685591444
4545187,0.733,4.621,0.693,0.34,-1.002,-0.886,0.685,0.051,0.047,0.0,0.0,2.2805114661425323,-0.01803226016385112
7219825,1.257,4.309,1.29,-0.242,-1.427,-1.333,1.362,0.066,0.063,0.0,0.0,0.49751245198862337,0.06119604504434145
6383785,1.109,4.408,1.088,-0.07,-1.145,-1.1,1.123,0.058,0.054,0.0,0.0,0.7830550187158728,0.03620772263521331
11288051,0.715,4.561,0.731,0.258,-0.837,-0.945,0.756,0.033,0.031,0.0,0.0,1.6547814936717822,0.03925934470253903
4349452,1.042,4.172,1.384,-0.408,-1.369,-1.391,1.348,0.057,0.054,0.0,0.0,0.42540054539583283,-0.036798042365602524
11295426,1.075,4.277,1.243,-0.258,-1.234,-1.269,1.257,0.053,0.05,0.0,0.0,0.5412558847297121,0.008597368806249062
5364071,0.607,4.635,0.618,0.403,-0.68,-0.782,0.625,0.018,0.018,0.0,0.0,2.486272,0.007451360956968078
9757613,0.593,4.655,0.595,0.439,-0.454,-0.706,0.606,0.017,0.017,0.0,2.0,2.66462943389395,0.013363179134596004
10489206,0.538,4.697,0.543,0.523,-0.732,-0.764,0.544,0.015,0.015,0.0,2.0,3.3418394120191324,-0.0009855765718493892
8292840,1.116,4.184,1.41,-0.404,-1.373,-1.414,1.404,0.059,0.056,0.0,0.0,0.403239317696181,-0.009562871220200664
9451706,1.306,4.28,1.368,-0.296,-1.421,-1.33,1.394,0.059,0.056,0.0,0.0,0.48211967558215774,0.020845144346916644
8077137,1.311,4.129,1.63,-0.523,-1.571,-1.595,1.675,0.071,0.067,1.0,0.0,0.2789704850663146,0.031441742428507946
10586004,1.028,3.963,1.745,-0.719,-1.774,-1.785,1.653,0.071,0.068,1.0,0.0,0.22760120338043308,-0.07617455394491446
11401755,1.033,4.007,1.663,-0.654,-1.574,-1.657,1.652,0.072,0.068,1.0,0.0,0.2291237942703014,-0.014070192566530415
6196457,1.124,3.954,1.84,-0.751,-1.807,-1.832,1.779,0.077,0.073,1.0,2.0,0.1996358195424683,-0.05123846698126722
11547513,0.992,4.462,0.967,0.037,-1.142,-1.04,0.976,0.041,0.039,0.0,0.0,1.0669945942611938,0.008837780845896731
3642289,1.175,4.219,1.392,-0.364,-1.421,-1.406,1.433,0.066,0.062,0.0,0.0,0.3992999864122122,0.03470070458427843
6029239,0.929,4.474,0.923,0.07,-1.0,-0.951,0.927,0.04,0.038,0.0,0.0,1.1662093299575929,0.0032234884398495145
7050989,1.179,4.159,1.487,-0.454,-1.446,-1.49,1.458,0.062,0.059,0.0,0.0,0.3804006349287325,-0.034241233149221784
7419318,0.863,4.512,0.852,0.142,-0.917,-0.887,0.856,0.036,0.034,0.0,0.0,1.3759083354625103,0.0034104983162500657
7603200,0.535,4.707,0.535,0.538,-0.719,-0.75,0.537,0.015,0.015,0.0,0.0,3.454863751700608,-0.0004309249225615819
8008067,1.087,4.434,1.046,-0.025,-1.215,-1.114,1.052,0.045,0.043,0.0,0.0,0.933646179987771,0.004817675366866319
8121310,1.494,4.205,1.595,-0.437,-1.499,-1.501,1.668,0.077,0.073,0.0,2.0,0.321930747933096,0.055237541425779746
8753657,0.978,4.356,1.082,-0.118,-1.077,-1.124,1.077,0.046,0.044,0.0,0.0,0.7828737745404843,-0.011691744893656736
11361646,1.199,4.112,1.585,-0.529,-1.534,-1.512,1.614,0.073,0.069,1.0,0.0,0.28517312314695614,0.015891408059306222
10285631,1.179,3.899,2.011,-0.847,-1.834,-1.921,2.04,0.091,0.086,1.0,0.0,0.13887475405387067,0.010376697182607142
10552611,0.832,4.555,0.796,0.215,-0.942,-0.887,0.783,0.033,0.031,0.0,0.0,1.7331575369979084,-0.023838040116893666
10878263,0.953,4.518,0.89,0.128,-1.149,-1.048,0.881,0.038,0.036,0.0,0.0,1.3936867636293107,-0.016165175402182652
11521793,1.11,4.249,1.304,-0.307,-1.271,-1.283,1.338,0.06,0.057,0.0,0.0,0.4633985158202199,0.027045361508755528
7175184,1.157,4.374,1.156,-0.128,-1.34,-1.231,1.178,0.049,0.047,0.0,0.0,0.7077786980844816,0.02210251240149888
8494142,1.401,4.056,1.832,-0.647,-1.681,-1.694,1.889,0.083,0.079,1.0,0.0,0.20784628265267083,0.03525773847972613
3656121,1.075,4.445,1.027,-0.008,-1.237,-1.207,1.035,0.046,0.044,0.0,0.0,0.969588408593124,0.005412585127185463
3942670,1.249,4.16,1.529,-0.465,-1.331,-1.445,1.555,0.077,0.073,1.0,0.0,0.33217830009350663,0.013628741714433346
3217264,0.988,4.508,0.916,0.106,-1.169,-1.09,0.989,0.043,0.041,0.0,2.0,1.0213346586508174,0.09683193020391008
5351250,0.943,4.514,0.888,0.125,-1.023,-0.963,0.881,0.042,0.04,0.0,0.0,1.379062558344638,-0.014583967501184653
5791986,0.864,4.523,0.841,0.158,-0.922,-0.872,0.823,0.063,0.057,0.0,0.0,1.5499376816520463,-0.03231423684208384
10717241,0.636,4.646,0.626,0.411,-0.825,-0.827,0.64,0.027,0.026,0.0,0.0,2.4261474609374996,0.02608280630324772
10843590,0.782,4.591,0.74,0.281,-0.941,-0.848,0.737,0.032,0.03,0.0,0.0,1.9534589504195459,-0.009804289482693573
2438264,0.819,4.522,0.819,0.169,-0.854,-0.942,0.806,0.035,0.033,0.0,0.0,1.564151359004218,-0.025278776345146386
5640085,0.688,4.619,0.673,0.352,-0.888,-0.878,0.659,0.028,0.027,0.0,0.0,2.4039874408567985,-0.02893219445348172
7269974,1.019,4.393,1.059,-0.072,-1.011,-1.025,1.066,0.049,0.047,0.0,0.0,0.8412064033760737,0.0030974300652340803
7440748,0.821,4.573,0.775,0.245,-1.01,-0.887,0.756,0.032,0.03,0.0,0.0,1.9001057430832633,-0.03377777061582116
7977197,1.077,4.358,1.135,-0.137,-1.098,-1.08,1.152,0.053,0.05,0.0,0.0,0.7044631267280738,0.015141733963597998
8890783,0.957,4.511,0.898,0.117,-1.074,-0.984,0.892,0.04,0.038,0.0,0.0,1.3483957489052547,-0.012817374648474336
10019643,0.923,4.491,0.902,0.096,-0.958,-0.885,0.913,0.041,0.039,0.0,0.0,1.2128005030407412,0.012210631576984779
10460984,1.056,4.436,1.029,-0.017,-1.169,-1.099,1.041,0.047,0.045,0.0,0.0,0.9360773344757523,0.011688270333814848
10577994,0.753,4.569,0.744,0.258,-0.829,-0.842,0.748,0.033,0.031,0.0,0.0,1.7992444950860218,0.0029098173926835336
11192998,0.822,4.565,0.781,0.232,-0.905,-0.82,0.782,0.036,0.034,0.0,0.0,1.7189037472620288,-0.0032515583605063347
4757437,1.206,4.25,1.351,-0.322,-1.159,-1.224,1.39,0.079,0.073,0.0,0.0,0.4490584852132786,0.0256970929581527
5689351,0.792,4.586,0.75,0.271,-0.997,-0.886,0.732,0.031,0.03,0.0,0.0,2.019258586988926,-0.034191938414318
6422155,1.043,4.457,0.997,0.017,-1.058,-0.994,1.063,0.053,0.05,0.0,2.0,0.8683294183762134,0.07831548514335941
8037145,0.847,4.559,0.8,0.216,-0.97,-0.863,0.796,0.035,0.033,0.0,0.0,1.679361556145668,-0.009144207117699643
11669239,0.888,4.429,0.948,0.013,-0.88,-0.933,0.93,0.07,0.064,0.0,0.0,1.1039874085760426,-0.029964120116795626
11823054,0.823,4.558,0.788,0.221,-0.886,-0.812,0.796,0.036,0.034,0.0,0.0,1.6317763408593682,0.008339368000737424
12600735,1.139,4.271,1.287,-0.279,-1.219,-1.221,1.319,0.064,0.061,0.0,0.0,0.49635149858512,0.02521066255999549
5709725,0.87,4.517,0.85,0.147,-0.874,-0.826,0.856,0.04,0.037,0.0,0.0,1.3870686579981275,0.004902041412841118
7119481,1.069,4.411,1.064,-0.057,-1.101,-1.041,1.053,0.082,0.075,0.0,0.0,0.9155721876908905,-0.01869259165231852
7595157,0.898,4.516,0.865,0.139,-0.98,-0.876,0.872,0.037,0.036,0.0,2.0,1.354337431825851,0.007273118130397299
8008206,0.755,4.591,0.727,0.289,-0.897,-0.835,0.726,0.031,0.029,0.0,0.0,1.9730454499564907,-0.006137089528907125
8120608,0.537,4.709,0.534,0.54,-0.662,-0.723,0.539,0.015,0.015,0.0,0.0,3.42931982493814,0.004792009860660529
8344004,1.056,4.429,1.035,-0.026,-1.087,-1.025,1.049,0.051,0.048,0.0,0.0,0.9148237978024772,0.012662546382879999
8558011,0.837,4.522,0.828,0.164,-0.847,-0.846,0.838,0.036,0.034,0.0,0.0,1.4223071789542747,0.011006597897569498
8616637,0.795,4.561,0.773,0.233,-0.907,-0.878,0.756,0.032,0.03,0.0,0.0,1.8399318705861076,-0.03180174215285067
9146018,1.001,4.439,0.996,0.002,-1.022,-0.995,0.995,0.043,0.041,0.0,2.0,1.0161664107005062,-0.004964835242142181
9782691,1.061,4.44,1.025,-0.012,-1.142,-1.101,1.035,0.051,0.048,0.0,0.0,0.9569612107137717,0.007105665477468923
10656823,0.832,4.55,0.8,0.207,-0.889,-0.815,0.806,0.036,0.035,0.0,2.0,1.5889791583534913,0.005881799124548115
10973664,0.977,4.506,0.913,0.105,-1.078,-1.064,0.902,0.044,0.041,0.0,0.0,1.3312969930805585,-0.01927495109294783
6587002,0.831,4.561,0.791,0.222,-0.946,-0.852,0.789,0.034,0.032,0.0,0.0,1.6918817825639583,-0.006370014155849979
11773022,0.894,4.538,0.841,0.171,-0.964,-0.907,0.834,0.04,0.038,0.0,0.0,1.5411303274548211,-0.016839366882701573
3541946,0.95,4.499,0.908,0.101,-1.066,-0.981,0.9,0.039,0.037,0.0,0.0,1.3031550068587103,-0.013996076970873059
4478168,1.074,4.317,1.187,-0.198,-1.16,-1.176,1.214,0.055,0.052,0.0,2.0,0.6002721868838645,0.02365177885417949
4563268,1.166,4.182,1.442,-0.417,-1.411,-1.429,1.418,0.063,0.059,0.0,0.0,0.4089496660514222,-0.028669857881852112
5113822,0.943,4.482,0.921,0.078,-1.039,-0.971,0.919,0.039,0.037,0.0,0.0,1.2149688924350919,-0.0065651585789945205
5613330,1.497,3.972,2.08,-0.786,-1.777,-1.791,2.078,0.098,0.093,1.0,0.0,0.16683423361870536,-0.008285170679576681
5941160,1.023,4.47,0.973,0.041,-1.212,-1.134,0.99,0.043,0.041,0.0,0.0,1.0543141856273168,0.01802995008048964
5966154,1.162,4.308,1.244,-0.226,-1.203,-1.244,1.268,0.057,0.054,0.0,0.0,0.5699652359269167,0.01815163258282973
6062088,1.078,4.442,1.032,-0.013,-1.231,-1.183,1.041,0.047,0.044,0.0,0.0,0.9555789456106637,0.006733427680888431
6347299,1.029,4.457,0.992,0.02,-1.17,-1.076,0.991,0.043,0.041,0.0,0.0,1.057290697970516,-0.004194411306606933
6442340,1.042,4.395,1.07,-0.074,-1.096,-1.064,1.092,0.047,0.045,0.0,0.0,0.8002023157197651,0.022800196142649734
7040629,1.197,4.337,1.227,-0.192,-1.309,-1.212,1.257,0.055,0.052,0.0,0.0,0.6026821339734563,0.027911682651462433
7447200,0.679,4.609,0.675,0.341,-0.89,-0.972,0.706,0.019,0.019,0.0,0.0,1.9295483751929583,0.05554432887490951
7509886,0.825,4.559,0.789,0.222,-0.951,-0.868,0.769,0.033,0.031,0.0,0.0,1.814157251753102,-0.036674929145631946
7515212,1.222,4.194,1.456,-0.41,-1.416,-1.435,1.471,0.063,0.06,0.0,0.0,0.3839133265008971,0.005766812276055022
8480285,1.064,4.141,1.448,-0.46,-1.385,-1.412,1.488,0.069,0.066,0.0,0.0,0.3229481747532501,0.03086716567055031
8962094,0.822,4.445,0.897,0.052,-0.859,-0.92,0.905,0.039,0.036,0.0,0.0,1.1089860417175048,0.007073920075559625
9530945,1.247,4.144,1.556,-0.489,-1.462,-1.479,1.589,0.073,0.07,1.0,0.0,0.31080984148950075,0.01850523814359606
9590976,1.279,4.013,1.835,-0.693,-1.688,-1.626,1.798,0.081,0.077,0.0,0.0,0.22003992197895667,-0.03550148228702388
9873254,1.079,4.312,1.195,-0.206,-1.194,-1.261,1.206,0.05,0.048,0.0,0.0,0.6151478653329194,0.005020478729486799
9884104,1.201,4.381,1.167,-0.125,-1.385,-1.268,1.18,0.052,0.049,0.0,0.0,0.730965678087828,0.01110301451547005
9963524,0.817,4.555,0.788,0.219,-0.919,-0.852,0.774,0.033,0.031,0.0,0.0,1.761972697212967,-0.026999174483737648
10002866,0.83,4.516,0.83,0.157,-0.808,-0.833,0.816,0.039,0.037,0.0,0.0,1.527592847019623,-0.027007616114490457
10265898,0.896,4.518,0.861,0.143,-0.888,-0.823,0.854,0.043,0.04,0.0,0.0,1.4385812567787524,-0.01493439759511006
10271806,0.757,4.603,0.718,0.305,-0.829,-0.784,0.705,0.036,0.034,0.0,0.0,2.16037194356064,-0.029528528525876674
10601284,0.903,4.505,0.878,0.12,-0.841,-0.789,0.88,0.049,0.046,0.0,0.0,1.3250727836213374,-0.002239733862999943
10797460,0.959,4.467,0.944,0.051,-0.883,-0.878,0.949,0.053,0.05,0.0,0.0,1.1220700485538901,0.0009800301112143014
10872983,1.017,4.349,1.106,-0.137,-0.856,-0.91,1.145,0.083,0.076,0.0,0.0,0.6774925016585492,0.0320955071049758
10910878,0.765,4.587,0.736,0.278,-0.79,-0.764,0.719,0.041,0.038,0.0,2.0,2.0581392926558366,-0.03547476400496985
11018648,0.826,4.561,0.787,0.224,-0.877,-0.801,0.785,0.038,0.036,0.0,0.0,1.7075407511267104,-0.008371077084624506
11754553,0.624,4.627,0.63,0.388,-0.521,-0.686,0.621,0.027,0.026,0.0,0.0,2.605612260818731,-0.02790978915268344
11918099,0.782,4.556,0.769,0.23,-0.82,-0.849,0.76,0.038,0.035,0.0,0.0,1.7814185741361714,-0.02076597621747392
12066335,0.575,4.678,0.57,0.481,-0.34,-0.569,0.588,0.017,0.017,0.0,0.0,2.8283676837850695,0.029464133538784965
12366084,1.039,4.373,1.09,-0.106,-0.897,-0.945,1.094,0.067,0.062,0.0,0.0,0.7935304226855349,-0.0055635815649413695
12470844,0.839,4.503,0.847,0.135,-0.783,-0.818,0.834,0.066,0.06,0.0,0.0,1.4463180589872426,-0.02526380891548416
4139816,0.581,4.692,0.566,0.498,-0.658,-0.623,0.607,0.018,0.018,0.0,0.0,2.597826000592367,0.08338994083544199
4725681,0.592,4.641,0.607,0.417,-0.791,-0.826,0.613,0.017,0.017,0.0,0.0,2.5700423697098245,0.0070597168323253134
5252423,0.786,4.563,0.766,0.239,-0.841,-0.822,0.772,0.037,0.035,0.0,0.0,1.708325584287341,0.006429354967800588
5531576,0.825,4.568,0.781,0.236,-0.904,-0.807,0.76,0.039,0.037,0.0,0.0,1.8793738154249888,-0.038013171707550975
5792202,0.848,4.577,0.783,0.241,-0.849,-0.822,0.761,0.049,0.046,0.0,2.0,1.9241631004054558,-0.04324188194499534
6428700,0.724,4.612,0.695,0.33,-0.825,-0.808,0.683,0.033,0.031,0.0,0.0,2.2723564383658914,-0.02647645515254904
6587280,0.824,4.512,0.83,0.153,-0.809,-0.868,0.826,0.038,0.036,0.0,0.0,1.462133641655205,-0.011987069735969136
6948054,0.845,4.551,0.806,0.204,-0.831,-0.763,0.794,0.045,0.042,0.0,0.0,1.6880884626437327,-0.023395201668403476
6949607,0.684,4.628,0.664,0.365,-0.882,-0.858,0.649,0.029,0.027,0.0,0.0,2.502199951390742,-0.03332201131900853
7109675,0.865,4.548,0.819,0.194,-0.918,-0.836,0.809,0.039,0.037,0.0,0.0,1.6336933552170676,-0.01917054262799714
7134976,0.823,4.57,0.779,0.238,-0.954,-0.853,0.768,0.036,0.034,0.0,0.0,1.8168378759313513,-0.02131617511773387
7287995,0.647,4.644,0.633,0.404,-0.871,-0.858,0.643,0.028,0.026,0.0,0.0,2.433724207371102,0.01772863810396591
7366258,0.93,4.534,0.863,0.157,-0.982,-0.965,0.854,0.046,0.043,0.0,0.0,1.4931702776833033,-0.017109336486920007
7373451,0.769,4.576,0.747,0.261,-0.726,-0.722,0.753,0.047,0.043,0.0,0.0,1.801114867618397,0.005458588800670683
7455287,0.518,4.714,0.522,0.557,-0.697,-0.726,0.525,0.015,0.015,0.0,0.0,3.579743008314437,0.003148150472637723
7678434,0.775,4.579,0.747,0.265,-0.862,-0.822,0.741,0.034,0.032,0.0,0.0,1.904789895517752,-0.014847078568325789
7870390,0.592,4.672,0.584,0.464,-0.466,-0.504,0.613,0.018,0.018,0.0,0.0,2.5700423697098245,0.054059716832325355
8150320,0.682,4.619,0.669,0.353,-0.801,-0.817,0.676,0.034,0.032,0.0,0.0,2.2077214988204417,0.009055713168428958
8247638,0.879,4.545,0.828,0.185,-0.886,-0.837,0.828,0.045,0.042,0.0,0.0,1.5484524185199053,-0.004897864719131478
8490993,0.977,4.451,0.97,0.023,-0.885,-0.857,0.944,0.081,0.073,0.0,0.0,1.1613913332180994,-0.04197858082456623
8505670,0.662,4.63,0.651,0.377,-0.86,-0.877,0.696,0.03,0.028,0.0,0.0,1.963497129094325,0.08396972939198627
8689373,0.804,4.523,0.809,0.175,-0.768,-0.829,0.815,0.043,0.041,0.0,0.0,1.4851941247087401,0.003216777471478416
9347899,1.191,4.34,1.217,-0.188,-1.093,-1.103,1.259,0.078,0.073,0.0,0.0,0.596807910803008,0.0361654288408102
9466668,0.999,4.447,0.986,0.013,-0.949,-0.916,0.985,0.051,0.048,0.0,0.0,1.045338141121434,-0.006256796733147168
9605514,1.137,4.396,1.107,-0.091,-1.188,-1.058,1.153,0.099,0.09,0.0,0.0,0.7417755987674121,0.038727457196362364
9787239,0.564,4.672,0.572,0.475,-0.734,-0.776,0.574,0.017,0.016,0.0,0.0,2.982245739333195,0.0004565732105781817
11013201,1.559,4.244,1.557,-0.387,-1.483,-1.473,1.648,0.069,0.065,0.0,0.0,0.34831685716102934,0.07102550689444914
2854698,0.992,4.495,0.933,0.085,-1.129,-1.042,0.931,0.041,0.039,0.0,0.0,1.229313438445192,-0.004662629210150676
1432789,1.132,4.127,1.515,-0.497,-1.277,-1.32,1.545,0.101,0.094,1.0,0.0,0.30694529137415605,0.015939024430307702
1718189,0.853,4.572,0.79,0.234,-1.111,-0.992,0.825,0.037,0.035,0.0,0.0,1.5191028744747754,0.05241281448225221
2165002,0.784,4.595,0.737,0.286,-0.856,-0.786,0.727,0.038,0.035,0.0,2.0,2.0403883261857327,-0.023712830107325
1871056,1.426,3.985,2.0,-0.756,-1.751,-1.783,1.99,0.092,0.087,1.0,0.0,0.18095071199536988,-0.013560296286726836
8158127,1.081,4.188,1.381,-0.393,-1.276,-1.305,1.403,0.072,0.068,0.0,0.0,0.3914287138895872,0.014347319131769398
5880320,1.195,4.121,1.56,-0.515,-1.396,-1.452,1.571,0.084,0.079,0.0,0.0,0.30820476593659735,-0.0038393501642365324
8222813,0.912,4.521,0.867,0.144,-0.947,-0.857,0.862,0.042,0.039,0.0,0.0,1.423878855587596,-0.009473040854277831
10141900,0.837,4.517,0.832,0.156,-0.733,-0.733,0.858,0.051,0.048,0.0,0.0,1.3251455864786592,0.03373640555285627
10157458,0.931,4.475,0.923,0.069,-0.89,-0.843,0.91,0.073,0.066,0.0,0.0,1.2354509395929514,-0.0228255040180618
3247268,1.091,4.399,1.089,-0.079,-1.104,-1.064,1.099,0.054,0.051,0.0,0.0,0.821924021540831,0.006168326682129868
3240158,1.111,4.404,1.092,-0.075,-1.122,-1.091,1.103,0.059,0.056,0.0,0.0,0.8279183751801273,0.0070124783797041595
3218908,1.089,4.378,1.113,-0.11,-1.06,-1.086,1.221,0.058,0.055,0.0,1.0,0.5982474937916865,0.11311911207887256
2837111,1.117,4.165,1.439,-0.435,-1.278,-1.322,1.45,0.118,0.107,0.0,0.0,0.36639468612899256,0.001050833589315625
8410727,1.22,4.338,1.237,-0.194,-1.339,-1.222,1.252,0.055,0.052,0.0,0.0,0.621651296946413,0.012453155948484396
10426656,0.931,4.235,1.214,-0.289,-1.176,-1.247,1.233,0.057,0.054,0.0,0.0,0.4966614489420691,0.014939548805852354
10337517,0.892,4.53,0.849,0.161,-1.022,-0.901,0.856,0.036,0.035,0.0,0.0,1.4221439573957815,0.008056439655336534
10350571,1.455,3.681,2.859,-1.216,-2.317,-2.466,2.878,0.128,0.121,1.0,0.0,0.06103664089238634,-0.0015906245201668945
3554031,0.608,4.67,0.595,0.455,-0.71,-0.752,0.621,0.031,0.029,0.0,0.0,2.5388016900285066,0.05037122125700566
3348082,0.969,4.238,1.232,-0.294,-1.097,-1.156,1.27,0.071,0.067,0.0,0.0,0.47305606422236457,0.03108738581710535
3640905,1.379,3.674,2.818,-1.218,-2.174,-2.081,2.83,0.125,0.119,2.0,0.0,0.06084220703760352,-0.002204959602978951
8630788,0.953,4.198,1.273,-0.35,-0.994,-1.089,1.293,0.128,0.114,0.0,0.0,0.4408565787443077,0.005702674002855679
8564587,0.859,4.537,0.826,0.18,-0.909,-0.834,0.825,0.037,0.035,0.0,0.0,1.5297882405320422,-0.004631318181467059
8804283,0.962,4.444,0.971,0.017,-0.94,-0.924,0.98,0.046,0.044,0.0,0.0,1.022108135215769,0.007503155039671566
8609450,0.963,4.316,1.121,-0.175,-0.955,-1.029,1.162,0.067,0.062,0.0,0.0,0.6137731740418885,0.0369920970384012
8628758,0.986,4.394,1.041,-0.064,-1.004,-1.021,1.065,0.048,0.045,0.0,2.0,0.8162592045177381,0.024171908383058327
10730034,0.893,4.515,0.863,0.139,-0.884,-0.821,0.859,0.042,0.04,0.0,0.0,1.4088733929083364,-0.009871967394819547
4077526,0.972,4.439,0.982,0.006,-0.935,-0.908,0.986,0.05,0.047,0.0,0.0,1.0139943149720216,-3.552010264094071e-05
4466677,1.001,4.467,0.965,0.042,-1.086,-1.012,0.986,0.046,0.044,0.0,0.0,1.0442472317767424,0.02319666734431502
7303287,1.051,4.455,1.004,0.013,-1.225,-1.161,1.01,0.045,0.043,0.0,0.0,1.020090245471954,0.004361405319685619
7376983,0.736,4.582,0.725,0.283,-0.846,-0.883,0.719,0.055,0.05,0.0,0.0,1.9801183260061381,-0.013691143188851118
6946199,1.014,4.476,0.961,0.052,-1.063,-1.052,0.99,0.052,0.049,0.0,2.0,1.0450386942581615,0.03286762879533262
7102227,0.747,4.588,0.726,0.287,-0.825,-0.813,0.709,0.035,0.033,0.0,0.0,2.095954720688936,-0.03438189626619931
6936909,0.921,4.225,1.213,-0.302,-0.924,-1.022,1.234,0.1,0.09,0.0,0.0,0.49013323377373863,0.007685848894819658
6932987,0.883,4.519,0.855,0.146,-0.862,-0.793,0.851,0.044,0.041,0.0,2.0,1.4327552988901093,-0.01017202332380504
9455556,0.944,4.471,0.932,0.06,-0.805,-0.778,0.935,0.062,0.057,0.0,0.0,1.1548808012230234,-0.002537161680515543
8874090,0.67,4.617,0.664,0.355,-0.758,-0.795,0.704,0.023,0.023,0.0,0.0,1.9202458061373031,0.07164317472551013
9006449,1.176,3.78,2.298,-1.025,-1.869,-1.904,2.361,0.145,0.134,1.0,0.0,0.0893551031514433,0.023880639496061562
11122894,0.925,4.512,0.883,0.125,-1.025,-0.954,0.888,0.04,0.038,0.0,0.0,1.3210000541081623,0.004097164596770411
11176127,0.665,4.623,0.657,0.366,-0.819,-0.856,0.675,0.031,0.029,0.0,0.0,2.1622720113803786,0.031089673189970246
11037335,1.148,4.21,1.388,-0.374,-1.352,-1.317,1.404,0.107,0.098,0.0,0.0,0.4148017354078994,0.008159435319404607
4770365,0.669,4.618,0.663,0.356,-0.797,-0.843,0.705,0.034,0.032,0.0,0.0,1.9092322724465893,0.07514123320637295
7512982,0.726,4.591,0.712,0.297,-0.707,-0.716,0.715,0.042,0.039,0.0,0.0,1.9861795009724006,-0.00101849529685194
9636135,0.998,4.201,1.296,-0.357,-0.926,-1.039,1.277,0.144,0.126,0.0,0.0,0.47924528575332237,-0.03755784949712532
7663405,0.873,4.51,0.857,0.137,-0.81,-0.807,0.859,0.045,0.043,0.0,0.0,1.3773196775016545,-0.002034752211842794
12266636,0.99,4.375,1.067,-0.094,-1.004,-1.03,1.064,0.08,0.073,0.0,0.0,0.8218835927514528,-0.008810310720461734
7869917,1.409,4.207,1.544,-0.422,-1.443,-1.463,1.549,0.116,0.105,0.0,0.0,0.3791025798116476,-0.0007567398317384622
4741126,1.259,4.262,1.367,-0.312,-1.282,-1.352,1.394,0.062,0.059,0.0,0.0,0.4647692737809621,0.02076259117810919
5308663,1.124,4.323,1.199,-0.199,-0.894,-0.929,1.252,0.133,0.117,0.0,0.0,0.5727344735801378,0.04304667539019033
5219234,0.827,4.557,0.792,0.218,-0.833,-0.773,0.785,0.043,0.041,0.0,0.0,1.709607991745508,-0.014896539316788998
7939330,1.033,3.801,2.098,-0.968,-1.574,-1.657,2.074,0.196,0.172,1.0,0.0,0.11579080289914848,-0.03167406536055406
10004738,0.86,4.516,0.846,0.149,-0.899,-0.831,0.85,0.037,0.035,0.0,0.0,1.400366374923672,0.00275832589931041
5438757,0.984,4.015,1.604,-0.631,-1.48,-1.565,1.626,0.084,0.079,1.0,0.0,0.2288935077365643,0.009366525342806464
10055126,1.101,4.371,1.132,-0.124,-1.165,-1.13,1.157,0.051,0.049,0.0,0.0,0.7108651803683548,0.024212757883496944
6975129,1.365,4.119,1.679,-0.547,-1.563,-1.61,1.699,0.077,0.074,1.0,0.0,0.27832519035624725,0.008447485230361984
6616218,0.942,4.504,0.897,0.112,-1.03,-0.947,0.882,0.037,0.035,0.0,2.0,1.3729197336556702,-0.02564514739741812
7703955,0.886,4.353,1.033,-0.102,-0.921,-1.02,1.049,0.058,0.055,0.0,0.0,0.7675510273229117,0.012892742693622755
6209677,0.975,4.485,0.934,0.074,-1.023,-0.957,0.945,0.045,0.043,0.0,0.0,1.15533835194539,0.011290809829251985
9729691,0.792,4.579,0.755,0.261,-0.917,-0.826,0.75,0.033,0.031,0.0,0.0,1.8773333333333335,-0.012541391414393421
3967760,0.91,4.544,0.843,0.176,-0.941,-0.914,0.846,0.046,0.043,0.0,0.0,1.5029007570087993,-0.0009303032040230697
9909735,1.064,4.466,0.998,0.027,-1.296,-1.215,0.982,0.042,0.039,0.0,0.0,1.1235881871547495,-0.023607164598180363
4349442,0.752,4.578,0.736,0.272,-0.899,-0.936,0.718,0.03,0.028,0.0,0.0,2.0316294885314408,-0.03584450786474119
4644952,0.86,4.479,0.881,0.094,-0.853,-0.924,0.848,0.036,0.035,0.0,0.0,1.4102980144683197,-0.0553108944734263
9872283,0.717,4.603,0.699,0.319,-0.906,-0.9,0.689,0.029,0.027,0.0,0.0,2.192105692978281,-0.021861489944922707
8277797,0.875,4.547,0.825,0.191,-1.02,-0.9,0.812,0.034,0.032,0.0,2.0,1.634330799850384,-0.022339965298787262
2989404,1.005,4.366,1.085,-0.109,-1.052,-1.072,1.101,0.049,0.046,0.0,0.0,0.753015827828501,0.014195895158747696
11709244,0.875,4.529,0.841,0.164,-0.899,-0.829,0.823,0.039,0.037,0.0,0.0,1.5696706845434496,-0.03180854738550379
10657406,0.854,4.566,0.797,0.225,-1.052,-0.924,0.784,0.033,0.031,0.0,0.0,1.7721875557803295,-0.0235096826356897
7765528,1.107,4.373,1.129,-0.121,-1.079,-1.051,1.17,0.063,0.059,0.0,0.0,0.6911782059711055,0.03940996435976207
3338885,0.839,4.58,0.778,0.249,-1.069,-0.949,0.795,0.034,0.032,0.0,2.0,1.669785074877869,0.02633942514071072
4157325,1.041,4.46,0.993,0.023,-1.182,-1.106,1.005,0.045,0.043,0.0,0.0,1.0255398584415123,0.012047455758986705
8167996,0.589,4.647,0.601,0.429,-0.788,-0.812,0.605,0.017,0.017,0.0,0.0,2.659801158413399,0.004150829170305015
4939346,1.209,4.226,1.385,-0.361,-0.97,-1.047,1.439,0.157,0.138,0.0,0.0,0.40573635100423416,0.030756080949043696
8680979,0.828,4.551,0.798,0.21,-0.879,-0.82,0.792,0.038,0.036,0.0,2.0,1.6666898553950893,-0.011854792016399579
4263293,0.692,4.624,0.671,0.357,-0.823,-0.82,0.7,0.055,0.05,0.0,0.0,2.0174927113702625,0.052188025586012654
10328393,0.722,4.604,0.701,0.32,-0.895,-0.857,0.693,0.029,0.028,0.0,0.0,2.1693892998153914,-0.01633749373421889
5706966,0.658,4.621,0.656,0.365,-0.866,-0.94,0.691,0.03,0.028,0.0,2.0,1.9943057962609747,0.06520824850863965
10130039,1.037,4.453,0.999,0.013,-1.212,-1.117,1.008,0.043,0.041,0.0,0.0,1.0125049615672252,0.0076028399394785446
8226050,0.826,4.553,0.795,0.213,-0.899,-0.832,0.797,0.035,0.033,0.0,0.0,1.6315676402324928,0.0003949168679548698
9101496,1.37,4.054,1.811,-0.645,-1.634,-1.657,1.822,0.087,0.082,1.0,0.0,0.22650377745937864,-7.544924546842857e-05
8218379,0.838,4.564,0.791,0.225,-0.943,-0.833,0.776,0.059,0.053,0.0,0.0,1.793324388910376,-0.028658854855711097
10136549,1.141,3.986,1.791,-0.708,-1.538,-1.723,1.823,0.08,0.076,1.0,0.0,0.18833265915660805,0.017074361546714267
10978763,0.846,4.569,0.79,0.23,-0.954,-0.878,0.775,0.036,0.034,0.0,0.0,1.8174616494914568,-0.029465255520092576
5202905,1.633,4.286,1.516,-0.335,-1.43,-1.423,1.676,0.081,0.077,0.0,0.0,0.3468679246165368,0.12483585814610493
2832589,0.852,4.498,0.858,0.124,-0.793,-0.819,0.863,0.068,0.061,0.0,0.0,1.3255838601402483,0.0015927923789286619
2438513,0.963,4.518,0.894,0.126,-1.174,-1.119,0.893,0.039,0.037,0.0,0.0,1.3522964578383305,-0.005071910458895212
7747425,1.054,4.3,1.197,-0.218,-1.122,-1.164,1.213,0.057,0.054,0.0,0.0,0.5905520865099728,0.010741791723191202
9892816,1.298,4.282,1.36,-0.291,-1.386,-1.318,1.386,0.061,0.058,0.0,0.0,0.4875116535942483,0.02101499836301335
9518318,0.918,4.506,0.884,0.118,-0.911,-0.851,0.889,0.046,0.044,0.0,0.0,1.3065841884306526,0.001862601709398698
8257205,0.836,4.551,0.802,0.206,-0.889,-0.806,0.808,0.037,0.035,0.0,0.0,1.5847917259131066,0.006027804884742166
11069176,1.048,4.454,1.003,0.013,-1.24,-1.148,1.01,0.043,0.041,0.0,0.0,1.0171784750281714,0.005602838700219875
5384079,1.296,4.328,1.289,-0.223,-1.422,-1.41,1.319,0.059,0.056,0.0,0.0,0.5647686937368881,0.02512938510452134
9839821,0.988,4.473,0.953,0.054,-1.035,-0.967,0.95,0.046,0.043,0.0,0.0,1.1523545706371192,-0.007586128721084863
9973109,1.14,4.327,1.209,-0.195,-1.206,-1.17,1.284,0.099,0.09,0.0,0.0,0.5385298493377149,0.07379021986203083
8564674,1.037,4.459,0.992,0.022,-1.097,-1.03,0.986,0.048,0.045,0.0,2.0,1.0818025767757062,-0.01214801156540734
9489524,0.769,4.588,0.736,0.281,-0.911,-0.841,0.733,0.031,0.03,0.0,0.0,1.9526050845780543,-0.009614415878047233
6382217,0.622,4.616,0.639,0.37,-0.714,-0.812,0.64,0.019,0.019,0.0,0.0,2.3727416992187496,-0.005250462739157136
9634821,0.757,4.562,0.751,0.247,-0.84,-0.904,0.745,0.035,0.033,0.0,0.0,1.8307416468633586,-0.015627061255194252
8950568,0.928,4.521,0.875,0.139,-1.032,-0.948,0.868,0.04,0.038,0.0,0.0,1.419020928405697,-0.012988800689386404
8804845,0.971,4.489,0.927,0.082,-1.033,-0.946,0.911,0.042,0.039,0.0,0.0,1.2842929513171188,-0.026664098989009996
6026438,0.702,4.615,0.683,0.341,-0.859,-0.848,0.674,0.051,0.046,0.0,0.0,2.2927538032082504,-0.019357422523845647
6307083,0.799,4.561,0.775,0.232,-0.909,-0.874,0.775,0.033,0.031,0.0,2.0,1.7164915578530426,-0.0026416717950604462
7265298,1.01,4.29,1.184,-0.225,-1.02,-1.089,1.212,0.069,0.065,0.0,0.0,0.5673009545178941,0.02118648570815959
2307415,1.152,4.181,1.437,-0.418,-1.387,-1.415,1.438,0.064,0.061,0.0,0.0,0.3874144550881574,-0.006175820946601851
12061969,0.77,4.558,0.761,0.237,-0.781,-0.811,0.746,0.061,0.055,0.0,0.0,1.8547024376108452,-0.031274242754475545
9517393,1.033,4.429,1.023,-0.023,-0.976,-0.946,1.031,0.059,0.055,0.0,0.0,0.9425932505609382,0.002675674330929006
9351316,0.67,4.628,0.657,0.371,-0.845,-0.854,0.672,0.031,0.029,0.0,0.0,2.207836879791599,0.027033016460649317
10864531,0.872,4.406,0.961,-0.018,-0.769,-0.875,0.928,0.081,0.073,0.0,0.0,1.0911201002501125,-0.055872556275980936
6525946,1.121,4.409,1.09,-0.071,-1.024,-1.035,1.089,0.074,0.068,0.0,2.0,0.8680044932651365,-0.009521973327648287
8612275,0.952,4.48,0.928,0.072,-0.969,-0.911,0.918,0.043,0.041,0.0,0.0,1.2305773147994323,-0.01810890478074695
10253547,1.196,4.293,1.288,-0.258,-1.31,-1.265,1.319,0.057,0.054,0.0,0.0,0.5211908624300294,0.02500320698670383
9006186,0.907,4.51,0.876,0.128,-0.977,-0.9,0.868,0.037,0.035,0.0,2.0,1.3869094634309989,-0.01404811153061955
12885212,0.651,4.617,0.655,0.362,-0.779,-0.859,0.693,0.032,0.03,0.0,0.0,1.9560560030191412,0.07061871526722824
3548044,0.996,4.244,1.243,-0.291,-1.222,-1.264,1.282,0.058,0.055,0.0,0.0,0.47271051499281885,0.034404737124697216
11401767,1.13,4.28,1.267,-0.263,-1.102,-1.134,1.291,0.073,0.068,0.0,0.0,0.5251697670411654,0.01670028331584117
11705004,0.785,4.583,0.749,0.266,-0.746,-0.723,0.734,0.064,0.058,0.0,0.0,1.985095829704612,-0.031781476997040925
4142847,0.713,4.614,0.688,0.336,-0.846,-0.825,0.679,0.031,0.029,0.0,0.0,2.2776144371162292,-0.021480207010360408
12058204,1.06,4.206,1.339,-0.361,-1.272,-1.292,1.362,0.066,0.063,1.0,0.0,0.4195411289641534,0.016225457465528892
2854181,0.949,4.48,0.926,0.072,-0.888,-0.842,0.922,0.05,0.047,0.0,0.0,1.2108028910778252,-0.011073449266404578
10723367,0.917,4.501,0.888,0.111,-0.806,-0.772,0.898,0.059,0.055,0.0,0.0,1.2663108431703545,0.008459674331892028
4770617,1.314,4.294,1.35,-0.278,-1.291,-1.279,1.414,0.077,0.073,0.0,0.0,0.4647796845396957,0.05475286315887973
5942808,0.773,4.552,0.768,0.227,-0.798,-0.851,0.765,0.039,0.036,0.0,0.0,1.726613723507829,-0.010195188457472026
8613535,1.223,4.063,1.696,-0.61,-1.506,-1.483,1.681,0.136,0.124,1.0,0.0,0.2574680339525627,-0.02072331671787253
12256520,0.918,4.53,0.861,0.155,-1.035,-0.942,0.855,0.038,0.036,0.0,0.0,1.4687380192555877,-0.011944337016724593
3661886,1.155,4.364,1.168,-0.143,-1.234,-1.179,1.194,0.054,0.051,0.0,0.0,0.6785299216750177,0.025430996151887708
4458082,1.121,4.197,1.39,-0.387,-1.326,-1.386,1.335,0.1,0.091,0.0,0.0,0.47115284239186145,-0.060161815493191106
5978559,1.01,4.49,0.946,0.074,-1.258,-1.297,0.995,0.052,0.05,0.0,0.0,1.025302772035476,0.06314786845453381
8013439,1.138,4.152,1.477,-0.458,-1.472,-1.49,1.459,0.061,0.058,0.0,0.0,0.36641765110921204,-0.02197638637869742
11560897,1.159,4.225,1.368,-0.352,-1.279,-1.329,1.374,0.065,0.061,0.0,0.0,0.4468103635319126,-0.0021232377930009982
4665571,0.736,4.58,0.727,0.279,-0.829,-0.859,0.729,0.035,0.033,0.0,0.0,1.8997446467009131,0.0003047706164250319
8611832,0.96,4.007,1.603,-0.638,-1.579,-1.655,1.648,0.071,0.068,1.0,0.0,0.21448632641089682,0.03060038904372242
7107802,1.034,4.413,1.044,-0.046,-1.048,-1.009,1.07,0.051,0.048,0.0,0.0,0.844052004705141,0.027630794297705222
11360805,0.831,4.567,0.785,0.231,-0.946,-0.844,0.785,0.035,0.033,0.0,0.0,1.717876954220698,-0.00399205354835333
11080405,0.827,4.521,0.823,0.165,-0.753,-0.778,0.831,0.047,0.044,0.0,0.0,1.4411276082233642,0.0062975617997863
7289317,0.896,4.547,0.834,0.185,-1.053,-0.975,0.828,0.039,0.037,0.0,0.0,1.5783997349190388,-0.013216999307484767
7604328,0.813,4.559,0.783,0.225,-0.851,-0.799,0.76,0.059,0.054,0.0,0.0,1.852037469018807,-0.042649768751694045
11125613,0.723,4.613,0.694,0.331,-0.836,-0.793,0.696,0.033,0.031,0.0,0.0,2.144423601714799,-0.0003105784628446018
7778767,1.021,4.399,1.05,-0.064,-0.863,-0.882,1.08,0.07,0.065,0.0,0.0,0.810502718081593,0.027245524373938984
8463346,0.69,4.618,0.674,0.349,-0.771,-0.78,0.657,0.034,0.032,0.0,0.0,2.433060914081309,-0.03715298205791295
1996180,1.118,4.351,1.165,-0.157,-1.119,-1.125,1.171,0.056,0.053,0.0,0.0,0.6962594750708876,0.00022888166668486032
9026749,1.277,3.953,1.976,-0.783,-1.686,-1.696,2.001,0.097,0.092,1.0,0.0,0.15938580173811834,0.014550368645218748
9896018,1.104,4.41,1.082,-0.066,-1.063,-1.035,1.096,0.063,0.059,0.0,2.0,0.8385663111988123,0.010462589051871043
8212002,1.312,4.222,1.465,-0.383,-1.484,-1.494,1.477,0.062,0.059,0.0,0.0,0.40718554205873725,0.007207650896207063
12120307,1.03,4.445,1.004,0.002,-1.049,-1.0,1.017,0.052,0.049,0.0,0.0,0.9792066764691724,0.011125634063061409
2305866,1.552,3.9,2.304,-0.903,-1.904,-1.934,2.323,0.18,0.163,0.0,0.0,0.12380668279639223,0.004255912478536628
9602613,0.974,4.392,1.037,-0.064,-1.04,-1.076,1.035,0.043,0.041,0.0,0.0,0.8784921953206538,-0.007737907499805963
10916600,1.355,4.095,1.72,-0.58,-1.61,-1.616,1.733,0.078,0.074,1.0,0.0,0.2603416224634819,0.004456392931326603
8890150,0.62,4.62,0.635,0.376,-0.708,-0.801,0.644,0.02,0.02,0.0,0.0,2.3213150516344334,0.010265912581182424
8022489,1.156,4.042,1.694,-0.623,-1.513,-1.565,1.718,0.076,0.072,1.0,0.0,0.227975593813275,0.0191116444011602
5794570,0.958,4.499,0.911,0.099,-1.098,-1.002,0.899,0.038,0.036,0.0,0.0,1.318519125916125,-0.021086433878858044
6779260,0.861,4.559,0.807,0.212,-1.042,-0.916,0.789,0.033,0.031,0.0,0.0,1.7529605472774588,-0.03177214182539381
7202957,0.973,4.475,0.945,0.06,-1.099,-1.01,0.937,0.039,0.037,0.0,0.0,1.182753025367063,-0.012894067605017032
9475552,0.781,4.597,0.736,0.29,-0.983,-0.89,0.713,0.032,0.031,0.0,0.0,2.1546783320859606,-0.04338244432170374
11071200,1.387,4.176,1.585,-0.464,-1.424,-1.496,1.588,0.122,0.111,0.0,0.0,0.3463577955158073,-0.0035249668000524315
12206313,1.3,4.091,1.693,-0.577,-1.575,-1.587,1.73,0.079,0.075,1.0,0.0,0.2510759085519738,0.02319495707954944
9092504,0.936,4.438,0.961,0.013,-0.729,-0.738,0.969,0.095,0.085,0.0,0.0,1.0287373729535312,0.0006954824141906808
5184911,0.705,4.613,0.686,0.337,-0.872,-0.86,0.664,0.05,0.046,0.0,0.0,2.40815745198824,-0.044684878887346124
7673192,1.11,4.405,1.093,-0.074,-1.263,-1.185,1.105,0.048,0.045,0.0,2.0,0.8226898604679087,0.010763855276731002
9886361,1.379,4.066,1.796,-0.629,-1.629,-1.636,1.838,0.084,0.08,1.0,0.0,0.2220893561330848,0.02447225497442762
4831728,1.145,4.018,1.72,-0.656,-1.386,-1.522,1.775,0.108,0.1,1.0,0.0,0.204743637384713,0.03278958549743183
9962455,1.022,3.949,1.767,-0.738,-1.689,-1.737,1.793,0.084,0.08,1.0,0.0,0.17730052725809486,0.013289972887854606
9823519,0.527,4.708,0.53,0.543,-0.671,-0.695,0.526,0.016,0.016,0.0,0.0,3.6212072629516494,-0.015853382751329304
6436029,0.693,4.625,0.67,0.357,-0.792,-0.797,0.655,0.033,0.031,0.0,0.0,2.4660923423473515,-0.035009334636457556
6467363,1.121,4.13,1.505,-0.488,-1.437,-1.415,1.561,0.071,0.068,1.0,0.0,0.2947113782119738,0.042603096592279344
8733898,0.185,5.032,0.216,1.257,-0.062,-0.082,0.217,0.006,0.006,0.0,0.0,18.104749776210614,-0.0007925268574253685
6345732,1.311,4.21,1.487,-0.402,-1.496,-1.363,1.499,0.068,0.064,0.0,0.0,0.38922237033728363,0.00780220685475419
4367854,0.781,4.586,0.744,0.273,-0.906,-0.849,0.737,0.056,0.051,0.0,0.0,1.9509609210711831,-0.01724857030014587
6716545,1.248,4.155,1.538,-0.474,-1.41,-1.464,1.612,0.078,0.074,1.0,0.0,0.29793359219127963,0.05188052706081048
7609553,0.771,4.596,0.732,0.291,-0.938,-0.871,0.712,0.053,0.048,0.0,0.0,2.1360646709287927,-0.03861439714038789
4385148,0.918,4.497,0.892,0.105,-0.834,-0.791,0.897,0.077,0.07,0.0,0.0,1.2719362712043467,0.0005346479310338187
6026737,1.252,4.293,1.32,-0.266,-1.366,-1.251,1.383,0.06,0.057,0.0,2.0,0.4733013994081684,0.058862211453520885
10098844,1.14,4.022,1.721,-0.652,-1.525,-1.57,1.766,0.084,0.08,1.0,0.0,0.20698208318205544,0.03206724638817671
11090556,1.114,4.27,1.277,-0.277,-1.255,-1.28,1.298,0.057,0.054,0.0,0.0,0.5094025485835685,0.015938886555341147
6103377,1.118,4.295,1.237,-0.24,-1.043,-1.124,1.279,0.074,0.069,0.0,0.0,0.534355360067165,0.032169829885557166
8709688,1.135,4.367,1.151,-0.134,-1.142,-1.087,1.2,0.061,0.058,0.0,0.0,0.6568287037037038,0.04854787661373286
11618601,0.858,4.526,0.835,0.163,-0.805,-0.756,0.799,0.065,0.059,0.0,0.0,1.6820811729282976,-0.0628469499067312
8827575,0.918,4.315,1.1,-0.166,-1.078,-1.138,1.134,0.048,0.045,0.0,0.0,0.6295112815087062,0.03499648246942075
2716801,0.99,4.391,1.042,-0.07,-0.783,-0.817,1.048,0.103,0.092,0.0,0.0,0.860104751097709,-0.00455134665442633
3234843,0.835,4.543,0.807,0.194,-0.737,-0.697,0.782,0.052,0.048,0.0,0.0,1.7460883564036422,-0.048066216304057996
4857058,0.777,4.568,0.757,0.25,-0.867,-0.842,0.748,0.032,0.031,0.0,0.0,1.856590933176413,-0.01871622520753019
3230805,0.715,4.62,0.685,0.344,-0.874,-0.835,0.675,0.051,0.046,0.0,0.0,2.324848854341309,-0.022394723308005737
7106173,1.149,4.394,1.126,-0.097,-1.295,-1.202,1.134,0.048,0.046,0.0,0.0,0.7879177150909623,0.006519134982378008
12406807,1.153,4.3,1.245,-0.237,-1.009,-1.075,1.251,0.112,0.101,0.0,0.0,0.5889214574713428,-0.007057378214439275
7582689,1.266,4.141,1.577,-0.496,-1.555,-1.53,1.619,0.068,0.065,1.0,0.0,0.2983274111803602,0.029306840578784854
8581240,1.076,4.406,1.074,-0.065,-1.196,-1.122,1.096,0.047,0.045,0.0,2.0,0.8172983250452193,0.022619391114680754
10252275,0.704,4.635,0.668,0.37,-0.96,-0.877,0.669,0.028,0.026,0.0,0.0,2.3512256226121426,-0.0012943058386428175
9002538,1.212,4.336,1.237,-0.196,-1.365,-1.252,1.265,0.053,0.05,0.0,0.0,0.5987300328381441,0.026768956705242708
7017274,1.557,3.943,2.195,-0.84,-1.837,-1.881,2.259,0.101,0.096,1.0,0.0,0.1350640971382673,0.02946008019296875
5544450,1.375,4.248,1.457,-0.355,-1.438,-1.438,1.486,0.067,0.063,0.0,0.0,0.41903111244633284,0.022753730107388015
8331612,1.032,4.387,1.072,-0.087,-0.887,-0.953,1.084,0.105,0.092,0.0,0.0,0.8101992758602167,0.004408149315911908
7692093,0.825,4.561,0.786,0.224,-0.766,-0.723,0.749,0.066,0.059,0.0,0.0,1.9633986834838275,-0.06900849545152563
5621333,1.262,3.982,1.89,-0.737,-1.474,-1.539,1.977,0.136,0.124,1.0,2.0,0.16331999086785529,0.049960653032901425
11810124,0.893,4.503,0.874,0.121,-0.848,-0.795,0.875,0.046,0.044,0.0,0.0,1.332991253644315,-0.0038272998216067056
9349757,1.035,4.427,1.026,-0.026,-0.929,-0.903,1.049,0.065,0.06,0.0,0.0,0.8966312790961778,0.021386114787736988
11657614,0.74,4.604,0.71,0.313,-0.889,-0.855,0.698,0.031,0.029,0.0,0.0,2.1760328728228293,-0.024665451861492937
6705026,1.209,4.255,1.347,-0.316,-1.171,-1.274,1.38,0.072,0.068,0.0,0.0,0.46003305845501963,0.021210958342937514
8644365,1.17,4.323,1.232,-0.208,-1.243,-1.217,1.263,0.055,0.052,0.0,0.0,0.5807320702223187,0.028024189919830467
3561464,1.386,4.229,1.494,-0.386,-1.443,-1.449,1.63,0.074,0.071,1.0,0.0,0.3200371667982453,0.10879958293608533
9285265,1.102,4.124,1.498,-0.496,-1.187,-1.253,1.576,0.123,0.111,1.0,0.0,0.2815223992341511,0.054487044944843355
7289338,1.076,4.197,1.356,-0.38,-1.038,-1.134,1.388,0.112,0.101,0.0,0.0,0.4023869365706314,0.015356127026137811
9117416,1.459,3.992,2.018,-0.752,-1.854,-1.882,2.094,0.097,0.092,1.0,0.0,0.15890049857099642,0.04687474013501891
3559860,1.002,4.177,1.335,-0.393,-0.957,-1.082,1.374,0.134,0.117,0.0,0.0,0.3862847146324214,0.02009247663936803
9967009,1.157,4.103,1.561,-0.536,-1.048,-1.135,1.758,0.218,0.184,1.0,0.0,0.2129495598403643,0.13572325326150958
9995771,1.132,4.14,1.485,-0.475,-1.182,-1.274,1.54,0.113,0.103,1.0,0.0,0.30994473564890157,0.0337157356571367
9474756,0.998,4.186,1.329,-0.378,-1.28,-1.306,1.325,0.075,0.07,0.0,0.0,0.4290253027667135,-0.010482906468891218
7517261,1.462,4.0,1.99,-0.738,-1.684,-1.724,2.018,0.158,0.143,0.0,0.0,0.17790325201391427,0.011816113080833412
6058816,1.459,3.975,2.049,-0.779,-1.772,-1.837,2.127,0.103,0.097,1.0,2.0,0.15161871870123247,0.04024717781473519
2581316,1.096,4.248,1.298,-0.307,-1.276,-1.326,1.273,0.055,0.052,0.0,0.0,0.5312822948953182,-0.03232534318738434
4164922,0.772,4.591,0.736,0.284,-0.958,-0.883,0.718,0.03,0.029,0.0,0.0,2.085662187694511,-0.03524396760883519
10788461,0.871,4.555,0.816,0.203,-1.025,-0.911,0.807,0.035,0.033,0.0,0.0,1.6572863403569562,-0.016397550841451836
4947556,0.787,4.566,0.764,0.243,-0.922,-0.893,0.749,0.031,0.03,0.0,0.0,1.8729633501839666,-0.029529279260665175
3747817,0.849,4.38,0.981,-0.051,-0.996,-1.125,0.989,0.046,0.044,0.0,0.0,0.8776448635572307,0.005681184547585559
10000941,0.813,4.581,0.765,0.258,-1.037,-0.91,0.743,0.031,0.03,0.0,0.0,1.9820933493461443,-0.039124104312342256
4548098,1.199,4.339,1.225,-0.19,-1.309,-1.242,1.244,0.054,0.052,0.0,0.0,0.6228135349093563,0.015641957965550957
1724719,1.235,4.329,1.259,-0.212,-1.303,-1.244,1.275,0.059,0.056,0.0,0.0,0.5958492585807873,0.012863596714237313
5177859,1.011,4.5,0.936,0.088,-1.26,-1.221,0.925,0.039,0.037,0.0,0.0,1.2773971926638104,-0.01832595737390315
8890924,1.15,3.519,3.077,-1.409,-2.134,-2.134,3.081,0.14,0.133,2.0,0.0,0.03932083623656206,-0.003622745402789729
8773015,0.941,4.271,1.172,-0.237,-1.183,-1.22,1.156,0.049,0.047,0.0,0.0,0.6091386004945238,-0.02171612117372626
9883606,0.966,4.479,0.936,0.067,-1.061,-0.982,0.93,0.04,0.038,0.0,0.0,1.2009592755455598,-0.01252828075368792
9588822,1.866,3.393,4.55,-1.706,-2.682,-2.59,4.504,0.354,0.322,1.0,0.0,0.020422856879387226,-0.01611649388061176
9836563,1.227,4.291,1.31,-0.266,-1.319,-1.241,1.381,0.062,0.058,0.0,2.0,0.46586869378631907,0.06573647300888957
6276791,0.919,4.324,1.085,-0.154,-0.9,-0.983,1.095,0.094,0.085,0.0,0.0,0.6999598894040526,0.0009268461423000973
9100953,0.748,4.595,0.72,0.296,-0.769,-0.732,0.694,0.057,0.052,0.0,0.0,2.237809877731095,-0.0538231864998967
6520753,0.844,4.465,0.884,0.078,-0.728,-0.808,0.876,0.075,0.068,0.0,0.0,1.2555387706088061,-0.020830128121412883
5003670,0.926,4.541,0.853,0.169,-1.044,-1.016,0.84,0.042,0.04,0.0,0.0,1.5623312817190371,-0.02477312849628943
5511659,0.884,4.56,0.816,0.207,-0.902,-0.885,0.799,0.046,0.043,0.0,0.0,1.7330533296837005,-0.03181192707109887
9947653,1.284,3.711,2.608,-1.145,-2.127,-2.019,2.587,0.115,0.109,1.0,0.0,0.07416102737382382,-0.015175737583204008
7906892,1.416,3.974,2.024,-0.772,-1.796,-1.808,2.127,0.099,0.094,1.0,0.0,0.14715017524396515,0.06023921635443663
8216763,0.697,4.603,0.688,0.327,-0.877,-0.947,0.705,0.053,0.048,0.0,0.0,1.9891403496192417,0.02833457287618668
8320630,1.03,4.439,1.01,-0.008,-0.944,-0.928,1.042,0.091,0.082,0.0,0.0,0.910403812633988,0.032765932185344834
8094120,1.263,4.252,1.386,-0.33,-1.293,-1.312,1.433,0.069,0.065,0.0,2.0,0.42920500667116934,0.03733522063670275
11135694,1.08,4.134,1.465,-0.475,-1.182,-1.243,1.468,0.141,0.126,0.0,0.0,0.3413859070192645,-0.008245588746794597
5769810,1.337,4.295,1.361,-0.28,-1.458,-1.419,1.39,0.104,0.094,0.0,0.0,0.49783681155070775,0.022912993500300793
3758499,1.27,4.076,1.703,-0.596,-1.607,-1.566,1.752,0.134,0.122,1.0,0.0,0.2361573220783744,0.03079858454022888
4739229,1.525,4.188,1.64,-0.467,-1.436,-1.442,1.693,0.082,0.078,0.0,0.0,0.3142671371853911,0.03570103064400115
5816144,1.132,4.384,1.129,-0.11,-1.201,-1.153,1.142,0.09,0.081,0.0,0.0,0.7600604161550472,0.009151884877235061
6221385,1.053,4.376,1.098,-0.105,-1.058,-1.052,1.064,0.082,0.074,0.0,0.0,0.8741852759265453,-0.04660348730839831
7908367,0.815,4.55,0.792,0.212,-0.893,-0.85,0.776,0.058,0.052,0.0,0.0,1.7441042684510222,-0.029572444965411254
7974634,2.174,3.64,3.672,-1.366,-2.303,-2.35,3.866,0.313,0.285,1.0,0.0,0.037624781860427725,0.05852600932732677
9093086,1.077,4.417,1.06,-0.05,-1.108,-1.071,1.045,0.082,0.075,0.0,0.0,0.9437714425671373,-0.024866831956763216
9655711,0.931,4.503,0.89,0.11,-0.714,-0.709,0.833,0.097,0.085,0.0,0.0,1.61070006704751,-0.09701467676097995
6768616,0.932,4.409,0.992,-0.028,-0.858,-0.889,0.966,0.078,0.071,0.0,0.0,1.033914278673019,-0.04248453310750144
8958939,1.031,4.227,1.283,-0.324,-1.05,-1.132,1.337,0.09,0.083,0.0,0.0,0.43138440763184155,0.041135556502436554
4141593,1.616,3.748,2.792,-1.14,-2.075,-2.005,2.879,0.221,0.201,1.0,0.0,0.06771990836989002,0.029283638195678696
3861595,1.781,3.716,3.049,-1.21,-2.247,-2.236,3.222,0.155,0.147,1.0,2.0,0.053246039648483755,0.06371268878635417
6922244,1.264,4.16,1.545,-0.468,-1.513,-1.489,1.57,0.069,0.065,1.0,0.0,0.32662401777000033,0.017951883281335013
5812701,1.437,4.246,1.491,-0.367,-1.521,-1.478,1.5,0.065,0.061,0.0,0.0,0.4257777777777778,0.003817009032818064
10874614,1.122,4.283,1.262,-0.261,-1.215,-1.322,1.275,0.054,0.052,0.0,0.0,0.5413302575932335,0.005537697389779217
8191672,1.358,4.084,1.745,-0.597,-1.589,-1.597,1.777,0.084,0.08,1.0,0.0,0.24201232644946558,0.019162513471421616
11804465,1.146,4.129,1.525,-0.496,-1.511,-1.47,1.534,0.067,0.064,0.0,0.0,0.31747427405119105,0.0022914612075153884
9631995,1.173,4.305,1.257,-0.235,-1.241,-1.26,1.273,0.054,0.051,0.0,0.0,0.5686077845914308,0.01018719884543684
3544595,0.9,4.445,0.939,0.033,-0.942,-0.937,0.943,0.04,0.037,0.0,0.0,1.0732661474528618,0.002292568772660153
2444412,0.916,4.515,0.875,0.133,-1.049,-0.945,0.88,0.038,0.036,0.0,0.0,1.3441491359879791,0.004552542782655433
11250587,1.253,4.125,1.595,-0.519,-1.581,-1.58,1.621,0.072,0.068,1.0,2.0,0.2941724696015076,0.012397973551394936
11449844,0.897,4.548,0.834,0.187,-1.088,-0.974,0.814,0.035,0.033,0.0,0.0,1.6631033117700713,-0.033919228376488475
8359498,1.029,4.448,1.0,0.009,-1.088,-1.026,0.998,0.043,0.041,0.0,0.0,1.0351987785676533,-0.006023750900319586
11359879,1.085,4.302,1.215,-0.222,-1.204,-1.205,1.229,0.056,0.053,0.0,0.0,0.5844859682585579,0.011225910474814055
7778437,1.452,4.185,1.607,-0.461,-1.452,-1.476,1.678,0.129,0.117,0.0,0.0,0.30731994506663607,0.05140925311396943
9032900,1.379,4.09,1.746,-0.592,-1.648,-1.66,1.752,0.078,0.074,1.0,0.0,0.2564259426347073,-0.0009619606796640312
9818381,1.247,4.251,1.378,-0.33,-1.292,-1.348,1.39,0.064,0.06,0.0,0.0,0.4643249842959855,0.0031779472837424882
3835670,1.178,3.966,1.864,-0.745,-1.564,-1.763,1.895,0.084,0.079,1.0,0.0,0.17310820278472389,0.016682352461190653
8030148,1.07,4.067,1.58,-0.57,-1.436,-1.513,1.631,0.072,0.069,1.0,2.0,0.24661636635159562,0.03797810543561775
5084942,0.816,4.545,0.796,0.205,-0.881,-0.904,0.783,0.033,0.031,0.0,2.0,1.6998275843633333,-0.02540487258003088
2441495,0.778,4.568,0.758,0.249,-0.902,-0.857,0.766,0.032,0.031,0.0,0.0,1.7309849346996835,0.01070671190812289
11666881,1.273,4.237,1.415,-0.353,-1.333,-1.451,1.437,0.064,0.06,0.0,0.0,0.4290007972280541,0.014541900749021675
11402995,1.025,4.265,1.231,-0.266,-1.192,-1.224,1.256,0.057,0.054,0.0,0.0,0.5173148521160662,0.020245052811758868
9651668,0.949,4.445,0.964,0.021,-0.954,-0.932,0.99,0.046,0.044,0.0,0.0,0.9780490343698179,0.03063937136535709
4178389,1.112,4.047,1.651,-0.61,-1.491,-1.52,1.71,0.136,0.123,1.0,0.0,0.22239061511604216,0.04288354393042271
12019440,1.102,4.422,1.067,-0.048,-1.129,-1.094,1.071,0.055,0.052,0.0,0.0,0.8970428356944979,-0.0008131820201994003
5357901,0.883,4.507,0.865,0.13,-0.865,-0.854,0.864,0.04,0.038,0.0,0.0,1.3690505250406444,-0.00641947614088878
11391018,0.777,4.557,0.766,0.234,-0.86,-0.901,0.761,0.057,0.051,0.0,0.0,1.7630598219516973,-0.012267048489195798
7950644,0.983,4.215,1.277,-0.331,-1.233,-1.284,1.298,0.059,0.056,0.0,0.0,0.4494997354197915,0.016270559560915665
10904857,1.073,4.413,1.063,-0.055,-1.075,-1.029,1.059,0.086,0.078,0.0,0.0,0.9034660586186849,-0.010911841643496116
11502867,0.88,4.479,0.893,0.087,-0.872,-0.854,0.905,0.042,0.04,0.0,0.0,1.187235665099032,0.012463065465441403
9410930,1.052,4.228,1.3,-0.328,-1.197,-1.247,1.345,0.067,0.064,0.0,0.0,0.43236336359585764,0.036151113197560036
6046540,1.25,4.289,1.317,-0.273,-1.216,-1.305,1.342,0.068,0.064,0.0,2.0,0.517192794290586,0.01334753449086351
6849046,1.055,4.467,0.992,0.03,-1.222,-1.125,0.998,0.043,0.041,0.0,0.0,1.0613554046539109,0.00413916422840185
10619192,1.057,4.451,1.011,0.006,-1.15,-1.077,1.008,0.045,0.043,0.0,0.0,1.0320325403824082,-0.0076933909789068545
7046804,0.866,4.532,0.834,0.17,-0.924,-0.823,0.846,0.063,0.057,0.0,0.0,1.4302330280984836,0.014593197099723954
5728139,1.37,3.862,2.274,-0.935,-1.73,-1.771,2.265,0.136,0.126,1.0,0.0,0.11790058177590268,-0.0065159481098547856
10602291,1.213,3.893,2.047,-0.858,-1.649,-1.742,2.036,0.175,0.158,1.0,0.0,0.14372339910929996,-0.015527479872409544
11046458,1.018,4.402,1.047,-0.058,-1.012,-1.034,1.053,0.047,0.045,0.0,2.0,0.8718919430021765,0.001537335555719485
8491277,0.996,4.273,1.202,-0.247,-1.162,-1.195,1.185,0.09,0.082,0.0,0.0,0.5985553092374255,-0.024104287385330603
8107225,0.873,4.483,0.884,0.096,-0.849,-0.857,0.894,0.067,0.061,0.0,0.0,1.2218044071013991,0.008998312682183332
8041216,1.056,4.351,1.13,-0.142,-1.075,-1.11,1.133,0.051,0.049,0.0,2.0,0.7260628041149035,-0.0029741886076017354
8026752,1.167,4.257,1.317,-0.303,-1.152,-1.172,1.346,0.112,0.102,0.0,2.0,0.4785592073795834,0.017064323618503963
11852982,0.571,4.664,0.58,0.46,-0.781,-0.795,0.582,0.016,0.016,0.0,0.0,2.896457459044498,-0.0018671542961826715
9390653,0.406,4.807,0.416,0.748,-0.574,-0.6,0.416,0.012,0.012,0.0,0.0,5.639570650318617,-0.0032460416969659622
5794240,0.6,4.628,0.62,0.395,-0.784,-0.811,0.624,0.019,0.019,0.0,0.0,2.4694343296414303,0.002402518663628339
5514383,1.156,4.344,1.195,-0.172,-1.277,-1.205,1.198,0.05,0.048,0.0,0.0,0.6723375696292213,0.0004126200753674647
12024120,1.158,4.287,1.273,-0.257,-1.231,-1.298,1.286,0.055,0.052,0.0,0.0,0.5444846661776923,0.007014346373192537
7670943,1.236,4.219,1.428,-0.377,-1.404,-1.444,1.441,0.06,0.057,0.0,0.0,0.41307273322759175,0.006973471689170951
11133306,1.05,4.308,1.185,-0.206,-1.14,-1.191,1.199,0.053,0.05,0.0,0.0,0.6091605214606441,0.009268250226608044
11259686,1.137,4.389,1.127,-0.102,-1.296,-1.201,1.137,0.049,0.047,0.0,0.0,0.7735334000119124,0.00952092937546957
11802615,1.01,4.383,1.067,-0.085,-1.059,-1.06,1.092,0.047,0.045,0.0,0.0,0.7756279643732847,0.02534654132351284
2692377,0.948,4.482,0.924,0.077,-1.018,-0.961,0.917,0.039,0.037,0.0,0.0,1.2294201598162429,-0.012700330328002898
6063220,0.782,4.575,0.754,0.259,-0.929,-0.89,0.741,0.031,0.03,0.0,0.0,1.921994449412751,-0.024752129121863475
6071903,0.841,4.551,0.804,0.206,-0.953,-0.867,0.829,0.035,0.033,0.0,2.0,1.4761565031936963,0.03686759585290844
8684730,1.308,3.906,2.113,-0.856,-1.711,-1.808,2.102,0.093,0.088,1.0,0.0,0.14083467921685872,-0.004709608911578345
9139084,0.874,4.541,0.83,0.182,-0.992,-0.884,0.808,0.034,0.032,0.0,0.0,1.6568277134546114,-0.03727735031064447
10337258,1.222,4.346,1.226,-0.183,-1.382,-1.279,1.238,0.053,0.05,0.0,0.0,0.6440347066361197,0.008090728145762088
11015108,0.899,4.504,0.878,0.12,-0.99,-0.917,0.888,0.038,0.036,0.0,0.0,1.2838692417764734,0.011479205602574247
11074541,0.765,4.575,0.746,0.263,-0.901,-0.902,0.734,0.031,0.029,0.0,0.0,1.934520139775832,-0.023573255405406
11100383,0.799,4.57,0.767,0.246,-0.943,-0.866,0.752,0.032,0.03,0.0,0.0,1.8788549683114533,-0.027893257539064686
11395587,1.008,4.45,0.989,0.015,-1.112,-1.032,0.992,0.042,0.04,0.0,0.0,1.0325842955926288,0.0010744843530294309
11621223,1.23,4.303,1.289,-0.246,-1.265,-1.381,1.295,0.055,0.053,0.0,0.0,0.5663642162799898,0.0009041938124139393
12404954,1.01,4.486,0.951,0.067,-1.226,-1.13,0.956,0.041,0.039,0.0,0.0,1.155973017419749,0.0040523030456576375
3545478,1.468,4.092,1.798,-0.602,-1.646,-1.678,1.868,0.082,0.078,1.0,0.0,0.22521402893066764,0.04540456010217209
4815520,1.026,4.447,1.0,0.008,-1.133,-1.054,1.002,0.042,0.04,0.0,0.0,1.0198685421655524,-0.0005441961821167681
3353050,1.45,3.951,2.1,-0.811,-1.832,-1.852,2.136,0.097,0.092,1.0,0.0,0.14878674990857227,0.01643574283458149
3964109,1.284,4.232,1.431,-0.363,-1.383,-1.404,1.494,0.067,0.064,0.0,0.0,0.38504654539802047,0.0514867687053055
5444548,0.952,4.331,1.098,-0.15,-1.061,-1.112,1.068,0.049,0.046,0.0,0.0,0.7814895774508182,-0.042923190306861425
5683743,1.167,4.306,1.248,-0.231,-1.156,-1.199,1.298,0.1,0.091,0.0,0.0,0.5336380378788369,0.04175322134768114
6879865,1.21,4.028,1.757,-0.66,-1.444,-1.469,1.811,0.158,0.142,1.0,0.0,0.2037182887328167,0.03096998062572509
9115800,0.944,4.518,0.886,0.13,-1.03,-0.941,0.889,0.068,0.062,0.0,0.0,1.3435898408262918,0.0017332886125722147
10016874,0.803,4.523,0.81,0.174,-0.76,-0.779,0.773,0.059,0.054,0.0,0.0,1.7385094812537334,-0.06617706352370623
10418224,1.379,3.878,2.227,-0.912,-1.638,-1.69,2.207,0.157,0.144,0.0,0.0,0.12827950242138786,-0.02015726669088469
10616679,0.81,4.533,0.805,0.187,-0.873,-0.914,0.795,0.059,0.054,0.0,0.0,1.6120690234220192,-0.020383632909238808
10858832,1.055,4.402,1.067,-0.066,-1.072,-1.052,1.042,0.079,0.071,0.0,0.0,0.9325009925522886,-0.03564930274319441
7504328,0.947,4.467,0.939,0.054,-0.952,-0.916,1.019,0.048,0.045,0.0,1.0,0.8950090504553265,0.10217257301600562
9008220,1.16,4.107,1.568,-0.53,-1.4,-1.394,1.585,0.091,0.085,1.0,0.0,0.29131992506171633,0.005629810434392368
9583881,0.892,4.302,1.1,-0.18,-1.06,-1.137,1.077,0.084,0.076,0.0,0.0,0.7140321133845727,-0.0337177444821784
9589524,0.819,4.558,0.787,0.222,-0.903,-0.842,0.77,0.058,0.053,0.0,0.0,1.7939557490915221,-0.031811726242972765
9844088,1.017,4.472,0.968,0.045,-1.086,-1.009,0.954,0.073,0.066,0.0,0.0,1.1713207281808655,-0.02367582881045925
10155434,0.845,4.555,0.802,0.21,-0.941,-0.833,0.775,0.058,0.053,0.0,0.0,1.815313349669363,-0.04895160143076141
10599206,0.729,4.577,0.725,0.278,-0.803,-0.841,0.753,0.034,0.032,0.0,0.0,1.7074287886785582,0.04565740028412715
10934674,0.795,4.541,0.789,0.204,-0.839,-0.882,0.771,0.058,0.053,0.0,0.0,1.7346185822802611,-0.03520399450359937
11015323,0.917,4.463,0.929,0.056,-0.945,-0.915,0.94,0.041,0.039,0.0,0.0,1.104042456873718,0.013014225129074825
11134879,0.892,4.555,0.826,0.197,-1.073,-0.974,0.807,0.061,0.055,0.0,0.0,1.6972438755435189,-0.0327442502099117
11497977,0.873,4.501,0.867,0.122,-0.87,-0.839,0.849,0.064,0.058,0.0,0.0,1.4265637134753548,-0.03229117297371176
12061222,0.794,4.566,0.768,0.241,-0.89,-0.84,0.758,0.057,0.051,0.0,0.0,1.8231100516111896,-0.019812885530935687
12834874,0.873,4.529,0.84,0.165,-0.925,-0.832,0.828,0.063,0.057,0.0,0.0,1.5378827774378583,-0.021923233350929328
3966801,0.719,4.596,0.705,0.308,-0.807,-0.824,0.748,0.022,0.022,0.0,0.0,1.718003707791301,0.07297590321050149
4454752,0.888,4.562,0.817,0.209,-1.1,-1.003,0.847,0.037,0.035,0.0,0.0,1.461378571101325,0.044237265213519616
4847534,0.837,4.566,0.788,0.228,-0.954,-0.847,0.794,0.06,0.054,0.0,0.0,1.6721065600388216,0.0047360492880288985
4951877,1.286,4.087,1.705,-0.584,-1.563,-1.567,1.775,0.107,0.099,1.0,0.0,0.22995660932466455,0.05435410358513537
5812960,0.794,4.587,0.75,0.271,-0.897,-0.823,0.749,0.057,0.052,0.0,2.0,1.8896224905286778,-0.005375049328696813
8015907,0.952,4.49,0.917,0.089,-1.02,-0.937,0.901,0.039,0.037,0.0,0.0,1.3015551515518033,-0.025462575447285363
8265218,1.018,4.478,0.962,0.054,-1.122,-1.091,0.964,0.075,0.068,0.0,0.0,1.1363619315163023,-0.0015166762922476998
9157634,0.964,4.486,0.927,0.079,-0.997,-0.928,0.899,0.069,0.063,0.0,0.0,1.326777074512677,-0.0437979587031444
10266615,0.876,4.536,0.835,0.174,-0.951,-0.857,0.808,0.061,0.056,0.0,0.0,1.660619081219954,-0.04627002384432219
10454313,0.994,4.222,1.271,-0.323,-1.173,-1.217,1.238,0.098,0.089,0.0,2.0,0.5238711116172693,-0.042224450345015874
10873260,1.284,4.106,1.644,-0.552,-1.517,-1.506,1.649,0.13,0.118,1.0,0.0,0.28635386995409695,-0.008903056799278164
11090765,1.05,4.416,1.048,-0.044,-1.079,-1.026,1.024,0.079,0.071,0.0,0.0,0.9778887033462524,-0.03428942915050222
4165473,0.953,4.443,0.968,0.017,-0.941,-0.936,0.95,0.043,0.04,0.0,0.0,1.1115322933372214,-0.028922084771783187
5443837,1.187,4.015,1.77,-0.673,-1.489,-1.536,1.805,0.099,0.093,1.0,0.0,0.20184551331922132,0.021980899770438822
6501635,0.848,4.532,0.824,0.176,-0.867,-0.81,0.817,0.062,0.056,0.0,0.0,1.5549974553145123,-0.01572968265946742
6665695,0.774,4.558,0.764,0.236,-0.853,-0.871,0.771,0.033,0.031,0.0,0.0,1.6887984687860655,0.008422173469978311
8367113,1.11,4.293,1.234,-0.24,-1.081,-1.13,1.234,0.102,0.092,0.0,0.0,0.590714320834799,-0.011377499694988857
8565266,1.024,4.402,1.051,-0.06,-1.024,-1.018,1.033,0.08,0.072,0.0,0.0,0.9289642308192455,-0.027998992080950316
8625925,0.981,4.362,1.075,-0.111,-0.951,-0.988,1.074,0.086,0.078,0.0,0.0,0.7918741449575458,-0.009656163289338035
9279669,1.044,4.119,1.469,-0.489,-1.285,-1.335,1.509,0.125,0.113,1.0,0.0,0.3038314871366615,0.028367220660525994
9570741,0.914,4.415,0.978,-0.016,-0.892,-0.923,0.943,0.072,0.066,0.0,0.0,1.089961398635462,-0.053411117521846435
9607164,0.798,4.574,0.762,0.252,-0.896,-0.822,0.755,0.057,0.051,0.0,0.0,1.8542233101778098,-0.01616203646316472
9957627,0.968,4.459,0.959,0.037,-1.018,-0.967,0.981,0.075,0.067,0.0,2.0,1.025341027022099,0.026131664831451858
10676824,0.925,4.346,1.063,-0.121,-0.937,-1.015,1.022,0.081,0.074,0.0,0.0,0.8665408590484002,-0.058789045342950826
5441980,0.991,4.481,0.947,0.064,-1.099,-1.012,0.937,0.042,0.04,0.0,0.0,1.2046333485495986,-0.01685488182194042
5686174,0.644,4.625,0.645,0.375,-0.645,-0.67,0.685,0.029,0.027,0.0,0.0,2.0036144395576954,0.07318584711746473
6309763,1.292,4.327,1.289,-0.225,-1.394,-1.369,1.322,0.061,0.058,0.0,0.0,0.5592012689014313,0.027431851789799094
7368664,1.242,4.294,1.306,-0.263,-1.19,-1.244,1.355,0.069,0.065,0.0,2.0,0.4992334886788908,0.03869628979071221
10353968,0.833,4.536,0.812,0.187,-0.841,-0.802,0.775,0.06,0.055,0.0,0.0,1.7895337518042358,-0.06573989388785662
4656049,1.201,4.302,1.275,-0.244,-1.231,-1.244,1.35,0.063,0.06,0.0,0.0,0.48813697099019454,0.06745829808211234
4827723,0.868,4.526,0.841,0.161,-0.929,-0.873,0.826,0.035,0.033,0.0,0.0,1.5402087390251433,-0.02657958321534526
5020319,1.087,4.384,1.107,-0.1,-1.167,-1.107,1.109,0.049,0.046,0.0,0.0,0.7969570294897906,-0.001434905638814321
5120087,1.215,4.354,1.211,-0.17,-1.338,-1.277,1.236,0.056,0.053,0.0,0.0,0.6434589792326904,0.021479134324060067
6125481,1.163,4.301,1.257,-0.238,-1.207,-1.258,1.261,0.056,0.053,0.0,0.0,0.5800086293215078,-0.0014344550092036668
6267535,1.091,3.786,2.207,-0.998,-1.974,-1.96,2.202,0.099,0.094,1.0,0.0,0.1021816253931461,-0.007372806681142929
6707835,1.014,4.469,0.971,0.042,-1.17,-1.055,0.987,0.042,0.04,0.0,0.0,1.0545969160384943,0.018913503011593044
7124613,1.278,4.33,1.278,-0.217,-1.436,-1.402,1.295,0.056,0.053,0.0,0.0,0.5884662344762821,0.013278451429430488
7529266,1.459,3.931,2.154,-0.845,-1.808,-1.83,2.177,0.108,0.102,1.0,0.0,0.14140996174094556,0.004519995229831486
7764367,1.375,4.099,1.727,-0.579,-1.536,-1.57,1.775,0.092,0.087,0.0,2.0,0.24587118026548505,0.0302923740070572
8802165,1.01,4.481,0.956,0.06,-1.148,-1.057,0.95,0.042,0.04,0.0,0.0,1.1780142877970552,-0.011150557916099368
9266431,0.807,4.577,0.764,0.253,-0.949,-0.85,0.762,0.032,0.031,0.0,0.0,1.8239319068314428,-0.008008620703268965
9578686,0.864,4.521,0.844,0.155,-0.939,-0.844,0.857,0.036,0.034,0.0,0.0,1.3726862287302013,0.017428723290701137
9702072,0.901,4.539,0.844,0.173,-1.081,-0.944,0.84,0.035,0.033,0.0,0.0,1.5201517114782424,-0.008886932793418095
9846348,1.253,4.057,1.726,-0.621,-1.613,-1.533,1.734,0.131,0.119,1.0,0.0,0.2403276786459285,-0.001803791573575464
9964801,1.222,4.099,1.624,-0.553,-1.554,-1.506,1.65,0.075,0.071,1.0,0.0,0.2720316108745861,0.012380626735183364
9965439,1.162,4.359,1.18,-0.153,-1.355,-1.28,1.213,0.053,0.05,0.0,0.0,0.651064065013841,0.03337627454540709
10221013,0.948,4.377,1.038,-0.08,-0.873,-0.928,0.995,0.082,0.075,0.0,0.0,0.9623633939501298,-0.06333909510088984
10395381,0.775,4.545,0.775,0.216,-0.819,-0.899,0.783,0.06,0.055,0.0,0.0,1.6144195807372346,0.007983583667519945
10682541,0.839,4.495,0.853,0.123,-0.73,-0.778,0.847,0.072,0.065,0.0,0.0,1.3807394382364995,-0.017111729836579603
10811496,0.961,4.232,1.233,-0.302,-1.02,-1.095,1.233,0.111,0.1,0.0,0.0,0.5126655772645847,-0.011834157881350338
10854555,0.934,4.486,0.912,0.085,-0.862,-0.819,0.878,0.075,0.067,0.0,0.0,1.3799499291521296,-0.054863328511785645
10987985,0.742,4.596,0.717,0.3,-0.829,-0.811,0.694,0.054,0.049,0.0,0.0,2.2198595311182787,-0.046325493914462446
11304958,1.093,3.787,2.194,-0.999,-1.68,-1.745,2.168,0.222,0.196,1.0,0.0,0.1072611202174439,-0.029442328350654745
11391957,0.803,4.585,0.755,0.266,-0.876,-0.811,0.722,0.056,0.051,0.0,0.0,2.133555539112978,-0.06310395256976364
11403044,1.097,4.231,1.309,-0.331,-0.909,-1.025,1.33,0.148,0.13,0.0,0.0,0.46628527902944644,0.0003482953265462885
11414511,0.991,4.474,0.953,0.054,-1.014,-0.946,0.96,0.047,0.044,0.0,0.0,1.1201081452546298,0.004740044633429863
11507101,0.961,4.455,0.959,0.032,-0.914,-0.887,0.972,0.05,0.047,0.0,0.0,1.046464723759099,0.01227540711027834
11812062,0.851,4.539,0.819,0.185,-0.83,-0.769,0.798,0.064,0.058,0.0,0.0,1.6746377850959642,-0.03892088603239949
11853255,0.617,4.653,0.611,0.426,-0.602,-0.642,0.657,0.029,0.027,0.0,0.0,2.1756501217219824,0.08841094464610066
12020329,1.085,3.91,1.897,-0.811,-1.602,-1.663,1.924,0.171,0.154,1.0,0.0,0.15234020479070423,0.0061854649208340495
12070811,0.827,4.529,0.816,0.177,-0.769,-0.761,0.793,0.065,0.059,0.0,0.0,1.6583872402265978,-0.04268594759973518
12110942,1.039,4.301,1.184,-0.214,-0.973,-1.041,1.201,0.104,0.094,0.0,0.0,0.599772467107316,0.008013474651540842
12644822,1.087,3.942,1.827,-0.761,-1.51,-1.579,1.836,0.17,0.153,1.0,0.0,0.17563518135333286,-0.00561151349062361
2713049,0.937,4.402,1.004,-0.04,-0.864,-0.903,1.029,0.056,0.052,0.0,0.0,0.8599901293508586,0.025506533399520408
3114167,0.973,4.154,1.357,-0.421,-1.117,-1.201,1.408,0.133,0.119,1.0,0.0,0.34858193458425296,0.03669512414992826
3351888,1.029,4.473,0.972,0.044,-1.015,-0.975,0.971,0.055,0.051,0.0,2.0,1.1239776747187222,-0.006757685038418351
3453214,0.935,4.457,0.941,0.041,-0.792,-0.802,0.953,0.063,0.058,0.0,0.0,1.080271476080877,0.0074670910424614045
3940418,0.782,4.588,0.743,0.275,-0.873,-0.823,0.728,0.056,0.051,0.0,0.0,2.026808024724943,-0.03181261512073641
4049131,0.758,4.582,0.736,0.276,-0.844,-0.827,0.728,0.056,0.051,0.0,0.0,1.9646041978791648,-0.017275067692942014
4476123,0.862,4.4,0.963,-0.025,-0.778,-0.867,0.987,0.089,0.08,0.0,2.0,0.8965113822733551,0.022444192184197388
4544670,1.1,4.008,1.697,-0.665,-1.209,-1.348,1.831,0.208,0.181,1.0,0.0,0.17919572813231555,0.08167234774686427
5021899,0.882,4.509,0.863,0.132,-0.798,-0.749,0.848,0.072,0.065,0.0,0.0,1.446375405536114,-0.02828102836167834
5164255,0.811,4.513,0.82,0.159,-0.674,-0.73,0.85,0.062,0.057,0.0,0.0,1.3205780582129047,0.03823592293172211
5358624,0.814,4.569,0.775,0.239,-0.884,-0.806,0.757,0.038,0.035,0.0,0.0,1.8764490050443812,-0.03433676638898292
5651104,0.861,4.335,1.039,-0.122,-1.112,-1.171,1.103,0.087,0.079,0.0,3.0,0.6416181107381546,0.07072338586691698
5881688,1.055,4.285,1.216,-0.242,-1.037,-1.083,1.194,0.103,0.094,0.0,0.0,0.6197827423092153,-0.03423947925366064
6022556,0.952,4.382,1.034,-0.074,-0.839,-0.897,1.042,0.063,0.058,0.0,0.0,0.8414606112888898,0.0009662085060427039
6032497,1.066,4.067,1.57,-0.57,-1.254,-1.325,1.595,0.15,0.134,1.0,0.0,0.26270911567053407,0.010524857489046413
6061119,1.119,4.007,1.716,-0.672,-1.222,-1.35,1.811,0.206,0.179,1.0,0.0,0.18839732652233213,0.05292526441382517
6191521,1.086,4.228,1.316,-0.333,-1.121,-1.195,1.365,0.083,0.077,1.0,0.0,0.427003928996442,0.03656812887749633
6276477,0.878,4.499,0.871,0.119,-0.856,-0.814,0.856,0.066,0.06,0.0,0.0,1.3998233123245472,-0.02707322187464295
6291653,0.959,4.467,0.944,0.052,-0.881,-0.845,0.954,0.078,0.071,0.0,0.0,1.1045197426995577,0.008826516941621704
6392727,1.009,4.436,1.003,-0.008,-0.913,-0.9,1.021,0.089,0.08,0.0,0.0,0.9480122298012351,0.015186060023820155
6422070,0.95,4.325,1.101,-0.159,-0.901,-0.981,1.113,0.096,0.087,0.0,0.0,0.6890299698785761,0.002761887715277217
6526710,1.173,3.798,2.23,-0.997,-1.594,-1.713,2.275,0.266,0.23,1.0,0.0,0.0996216680312804,0.004646190863864308
6599919,0.904,4.462,0.922,0.056,-0.871,-0.861,0.91,0.07,0.063,0.0,0.0,1.199621535329783,-0.023044253512082453
6685526,0.766,4.586,0.736,0.279,-0.877,-0.821,0.718,0.032,0.03,0.0,0.0,2.06945237794559,-0.03685543690570292
6784235,1.049,4.396,1.068,-0.074,-0.908,-0.904,1.071,0.096,0.086,0.0,0.0,0.8539001221810602,-0.005407075697990982
7118364,1.042,4.151,1.414,-0.44,-1.257,-1.308,1.407,0.078,0.073,0.0,0.0,0.374098034694177,-0.01298542665926855
7135852,0.72,4.581,0.717,0.286,-0.836,-0.906,0.747,0.023,0.023,0.0,0.0,1.72731160552383,0.0486293090149279
7380537,0.769,4.579,0.744,0.266,-0.796,-0.775,0.753,0.061,0.055,0.0,0.0,1.801114867618397,0.010458588800670687
757450,0.914,4.432,0.957,0.01,-0.85,-0.915,0.962,0.047,0.044,0.0,0.0,1.0266466151425155,-0.0014209796203925543
7663691,1.037,4.333,1.14,-0.165,-0.948,-1.004,1.137,0.097,0.088,0.0,0.0,0.7055005592017177,-0.013497362325836565
7685981,1.098,3.901,1.907,-0.827,-1.282,-1.43,2.069,0.304,0.25,1.0,0.0,0.12397121800245663,0.0796791318831307
7849854,1.078,4.363,1.124,-0.129,-0.978,-0.992,1.142,0.067,0.062,0.0,0.0,0.7238031171511846,0.011379550878767714
8013419,0.66,4.625,0.654,0.37,-0.82,-0.87,0.687,0.021,0.021,0.0,0.0,2.0355122687217415,0.06132627563678272
8018547,0.667,4.608,0.67,0.343,-0.812,-0.88,0.706,0.021,0.021,0.0,0.0,1.895447372980417,0.06528826923886222
8255887,0.952,4.315,1.116,-0.174,-0.948,-1.017,1.142,0.095,0.086,0.0,0.0,0.6392027528088383,0.020361363345013317
8552202,0.852,4.365,0.996,-0.074,-0.833,-0.936,1.004,0.085,0.077,0.0,0.0,0.8418572499734558,0.0007615436603014836
8628973,0.933,4.527,0.871,0.146,-0.989,-0.939,0.846,0.067,0.061,0.0,0.0,1.5408861607573734,-0.04177055462942941
8689031,0.832,4.555,0.796,0.213,-0.859,-0.792,0.782,0.061,0.056,0.0,0.0,1.7398149850632698,-0.027503067111179863
8883593,1.002,4.198,1.309,-0.361,-1.062,-1.142,1.317,0.123,0.11,0.0,0.0,0.4386421854264205,-0.003110396645875535
8951215,0.983,4.462,0.962,0.037,-0.957,-0.909,0.928,0.075,0.068,0.0,0.0,1.2300126818186476,-0.052909589175549394
9166862,1.01,4.435,1.005,-0.009,-0.909,-0.884,0.991,0.087,0.078,0.0,2.0,1.0377683235667845,-0.02510041032681666
9406990,0.887,4.542,0.835,0.18,-0.925,-0.838,0.798,0.064,0.058,0.0,0.0,1.7454802765923858,-0.061914945779538044
9479273,0.988,4.045,1.556,-0.588,-1.421,-1.502,1.706,0.083,0.079,1.0,0.0,0.19898478221905885,0.11318013590688458
9513865,0.864,4.517,0.846,0.149,-0.783,-0.759,0.856,0.05,0.047,0.0,0.0,1.3775026672533128,0.009907551552566368
9710326,0.509,4.729,0.509,0.582,-0.69,-0.712,0.511,0.014,0.014,0.0,0.0,3.8146533816703627,0.0005449180673794407
9772531,0.541,4.692,0.548,0.513,-0.708,-0.737,0.542,0.016,0.016,0.0,0.0,3.3978124669796683,-0.018199405491408527
9820483,0.974,4.429,0.989,-0.009,-0.76,-0.785,0.971,0.091,0.082,0.0,0.0,1.0639011226200539,-0.03590126715460094
9825625,1.119,4.224,1.34,-0.348,-1.082,-1.173,1.331,0.119,0.108,0.0,0.0,0.4745652349588107,-0.024295920104324742
9875711,0.712,4.6,0.699,0.316,-0.862,-0.883,0.684,0.052,0.047,0.0,0.0,2.2249061089622013,-0.031311688476507615
7295235,0.91,4.51,0.878,0.127,-1.002,-0.903,0.916,0.038,0.036,0.0,2.0,1.1840089119908428,0.053645028682457574
1725016,1.209,4.185,1.456,-0.42,-1.207,-1.236,1.487,0.136,0.122,0.0,0.0,0.36769980139554403,0.014506604705090853
8174625,0.821,4.456,0.883,0.071,-0.918,-1.048,0.85,0.065,0.059,0.0,0.0,1.3368613881538776,-0.05508637997656261
2715135,0.645,4.64,0.635,0.398,-0.852,-0.851,0.644,0.027,0.026,0.0,0.0,2.41491646500679,0.015097887444168512
2164169,1.132,4.245,1.316,-0.316,-1.158,-1.196,1.354,0.076,0.071,0.0,0.0,0.4560268709466804,0.02500956619512401
2574338,1.271,4.216,1.435,-0.386,-1.014,-1.113,1.459,0.122,0.109,0.0,0.0,0.40924150664306547,0.002020325126346756
2584163,1.017,4.038,1.584,-0.604,-1.305,-1.403,1.604,0.147,0.132,1.0,0.0,0.2464381052704027,0.00429213892168967
6060203,1.03,4.282,1.207,-0.242,-1.047,-1.105,1.274,0.072,0.067,1.0,0.0,0.4981142208058437,0.06067105929282268
8260218,1.179,4.382,1.15,-0.123,-0.899,-1.006,1.235,0.153,0.133,0.0,2.0,0.6259115018737196,0.08048706769196456
8229696,0.882,4.502,0.871,0.122,-0.905,-0.86,0.885,0.042,0.039,0.0,0.0,1.2724442778148366,0.01736122696165658
10272640,1.09,4.202,1.355,-0.373,-1.04,-1.132,1.347,0.133,0.118,0.0,0.0,0.44598855173656016,-0.022323710771666838
3329204,0.946,4.317,1.108,-0.169,-0.886,-0.966,1.125,0.1,0.091,0.0,0.0,0.6644060356652949,0.008566430940351116
2860866,1.301,4.141,1.589,-0.502,-1.24,-1.297,1.597,0.15,0.134,0.0,0.0,0.31942032567623535,-0.006362548146137459
3116412,1.151,3.984,1.8,-0.712,-1.515,-1.679,1.827,0.088,0.083,1.0,0.0,0.18873814468379968,0.012140318427821595
3114811,1.43,4.065,1.829,-0.638,-1.628,-1.684,1.862,0.087,0.083,0.0,0.0,0.22151187209886902,0.016602992470909794
6272413,0.803,4.544,0.791,0.206,-0.812,-0.823,0.785,0.061,0.055,0.0,0.0,1.6599942168943689,-0.014106575042923314
8346392,0.618,4.633,0.623,0.398,-0.532,-0.692,0.641,0.019,0.019,0.0,0.0,2.346466652735438,0.02758561346763655
8288947,0.817,4.535,0.806,0.188,-0.769,-0.766,0.788,0.064,0.059,0.0,0.0,1.6697190575266894,-0.03464340406374947
8313667,1.106,4.412,1.082,-0.063,-1.22,-1.175,1.094,0.05,0.048,0.0,0.0,0.844701296910685,0.01029683902355652
8351704,0.54,4.7,0.542,0.526,-0.701,-0.727,0.544,0.016,0.016,0.0,0.0,3.3542626068593524,0.00040293927157131204
10295951,2.11,3.727,3.268,-1.23,-2.083,-2.156,3.417,0.29,0.263,0.0,0.0,0.052886827858327365,0.046652481098595766
10330115,0.808,4.527,0.807,0.179,-0.718,-0.748,0.795,0.069,0.063,0.0,0.0,1.6080886060802364,-0.02730997480517522
10351231,0.925,4.385,1.015,-0.063,-0.828,-0.896,0.988,0.084,0.076,0.0,0.0,0.95911547662411,-0.044870898976148266
3749365,0.711,4.596,0.701,0.311,-0.797,-0.822,0.738,0.024,0.024,0.0,0.0,1.7688887312562729,0.06329948473935837
3859628,0.909,4.478,0.908,0.079,-0.804,-0.787,0.905,0.054,0.05,0.0,2.0,1.2263604767897955,-0.009618145606357445
3859079,0.747,4.594,0.721,0.296,-0.904,-0.866,0.714,0.032,0.031,0.0,0.0,2.052229690689919,-0.01622596648687563
3438507,1.172,4.268,1.304,-0.289,-1.009,-1.041,1.319,0.129,0.114,0.0,0.0,0.5107321829163833,0.002806774957024083
3869014,1.243,4.094,1.642,-0.563,-1.454,-1.503,1.734,0.093,0.087,1.0,0.0,0.23840966046040638,0.05967615077892974
3732821,0.796,4.543,0.788,0.206,-0.825,-0.86,0.772,0.059,0.053,0.0,0.0,1.7300600064792921,-0.03206116673046061
3749134,1.164,4.285,1.276,-0.264,-1.041,-1.124,1.331,0.081,0.076,0.0,0.0,0.4936496277855725,0.042581186110155655
3839488,1.18,4.074,1.652,-0.586,-1.574,-1.509,1.666,0.075,0.071,1.0,0.0,0.2551861008480212,0.007142983906180955
4043190,1.307,3.805,2.357,-1.007,-2.045,-2.095,2.422,0.109,0.103,1.0,0.0,0.09199265880170152,0.029246828840556294
6607447,1.218,4.317,1.263,-0.225,-1.272,-1.309,1.292,0.06,0.057,0.0,0.0,0.5647545614140929,0.023140252680339313
8494263,1.025,4.219,1.285,-0.335,-0.878,-1.002,1.353,0.16,0.138,0.0,0.0,0.41383810391829035,0.04816952440109579
8612847,0.833,4.533,0.816,0.18,-0.766,-0.738,0.783,0.066,0.06,0.0,0.0,1.7352406590375695,-0.059359715232957355
8547140,0.663,4.626,0.655,0.371,-0.847,-0.873,0.69,0.02,0.02,0.0,0.0,2.0182095467704086,0.06603374380699267
8806072,0.874,4.481,0.886,0.094,-0.843,-0.849,0.861,0.066,0.059,0.0,0.0,1.3693106257826173,-0.04250197827343877
8583696,1.163,4.384,1.145,-0.115,-1.323,-1.259,1.192,0.053,0.05,0.0,0.0,0.6866745451637859,0.04824905148420437
8742590,0.901,4.533,0.85,0.163,-1.022,-0.931,0.834,0.063,0.057,0.0,0.0,1.553197343441604,-0.02822663906584691
10724369,0.942,4.399,1.012,-0.047,-0.919,-0.951,0.991,0.077,0.07,0.0,0.0,0.9678987730692187,-0.032829939337051396
10867062,1.993,3.306,5.097,-1.851,-2.312,-2.458,5.288,0.637,0.532,1.0,0.0,0.013478232983269067,0.019367040732263918
10854768,1.417,4.144,1.661,-0.517,-1.454,-1.531,1.762,0.087,0.082,1.0,0.0,0.2590312361047657,0.06964786198062678
10585852,1.345,3.441,3.633,-1.561,-2.332,-2.347,3.602,0.165,0.157,2.0,0.0,0.028780024472088328,-0.020091158887883154
4164994,0.845,4.535,0.82,0.18,-0.774,-0.739,0.809,0.071,0.064,0.0,0.0,1.595920098449043,-0.023011144112875276
4076098,1.018,4.379,1.071,-0.094,-0.854,-0.876,1.1,0.103,0.093,0.0,0.0,0.7648384673178059,0.02243027747393532
4274548,0.746,4.572,0.738,0.265,-0.848,-0.888,0.736,0.057,0.051,0.0,0.0,1.8711361289759185,-0.007105384460172226
4243911,0.882,4.564,0.812,0.213,-1.059,-0.981,0.8,0.036,0.034,0.0,0.0,1.7226562499999996,-0.023198624155988862
4135665,1.085,4.136,1.474,-0.474,-1.334,-1.36,1.483,0.08,0.074,1.0,0.0,0.3326643675699756,0.003993714900597856
4650674,1.078,4.381,1.104,-0.103,-1.024,-1.011,1.11,0.06,0.056,0.0,0.0,0.7882243090424244,0.00035017550925246776
4136466,1.016,4.159,1.386,-0.422,-1.336,-1.389,1.403,0.061,0.058,0.0,0.0,0.36789229723572675,0.012279305137179342
7211141,1.008,4.185,1.328,-0.384,-0.949,-1.063,1.381,0.135,0.118,1.0,0.0,0.3827185357266582,0.033120503626387354
6719086,0.824,4.54,0.804,0.194,-0.794,-0.756,0.805,0.066,0.06,0.0,2.0,1.5795725233934637,-0.004539570593510067
6837146,0.852,4.504,0.852,0.134,-0.809,-0.814,0.856,0.066,0.06,0.0,0.0,1.3583706857636835,0.0009816992647595502
7287415,1.007,4.449,0.989,0.012,-0.983,-0.946,1.011,0.053,0.05,0.0,0.0,0.9744868966258139,0.02322399621938504
6924203,0.923,4.314,1.103,-0.169,-1.005,-1.069,1.101,0.087,0.079,0.0,0.0,0.6915757304335388,-0.008839744110656772
9202151,0.61,4.623,0.629,0.384,-0.79,-0.825,0.636,0.019,0.019,0.0,0.0,2.3711470493041857,0.009041511934474611
9427402,0.602,4.654,0.601,0.434,-0.472,-0.611,0.629,0.018,0.018,0.0,2.0,2.4190483842185317,0.05035544507798223
9269281,0.824,4.57,0.778,0.236,-0.76,-0.733,0.725,0.064,0.058,0.0,0.0,2.1622862766001067,-0.09891319198413473
9100484,0.818,4.578,0.77,0.251,-0.912,-0.817,0.737,0.06,0.054,0.0,0.0,2.043388006960599,-0.05935084009416858
9034103,0.983,4.334,1.105,-0.153,-0.795,-0.886,1.106,0.11,0.098,0.0,0.0,0.7265878593853599,-0.014288136926097122
9214942,0.663,4.617,0.66,0.359,-0.848,-0.931,0.693,0.02,0.02,0.0,0.0,1.9921123348720287,0.059686175430647026
9271752,1.008,4.405,1.039,-0.052,-0.991,-0.975,1.01,0.078,0.071,0.0,0.0,0.9783548691110655,-0.042496410761578715
9391506,0.945,4.501,0.902,0.104,-0.948,-0.907,0.862,0.07,0.063,0.0,0.0,1.4754007878621471,-0.06491001103512455
8950853,1.25,4.195,1.473,-0.414,-1.425,-1.392,1.508,0.067,0.063,0.0,0.0,0.3645070969170179,0.02429401159320932
11026304,0.781,4.536,0.785,0.202,-0.787,-0.873,0.799,0.065,0.059,0.0,0.0,1.5311251702296043,0.016989304064673916
11611600,0.737,4.592,0.718,0.296,-0.859,-0.848,0.706,0.054,0.049,0.0,0.0,2.0943698858869073,-0.02505338470364027
11254382,0.989,4.451,0.976,0.019,-0.869,-0.845,0.983,0.063,0.058,0.0,0.0,1.0412037847763893,0.0014642618992274717
11193263,1.235,3.897,2.058,-0.852,-1.808,-1.835,2.069,0.099,0.094,1.0,0.0,0.13943939365485786,0.0036145144015192754
11032227,1.028,4.296,1.18,-0.219,-0.881,-0.971,1.174,0.114,0.102,0.0,0.0,0.6353145825417343,-0.02198882392446999
11356260,0.846,4.509,0.845,0.142,-0.793,-0.799,0.805,0.064,0.058,0.0,2.0,1.6217455762025126,-0.06798272193541788
11043167,1.485,3.939,2.149,-0.834,-1.75,-1.791,2.186,0.117,0.11,1.0,0.0,0.14215953060656097,0.01322401918782079
4760746,1.144,4.191,1.397,-0.4,-0.906,-1.019,1.492,0.2,0.169,0.0,0.0,0.34444473841344264,0.06288044495294454
7832356,1.068,4.126,1.475,-0.485,-1.277,-1.317,1.497,0.127,0.114,1.0,0.0,0.31835073116949314,0.012094148336619537
9643874,0.887,4.347,1.038,-0.111,-0.85,-0.95,1.047,0.092,0.083,0.0,0.0,0.77282929257011,0.0009164252048005361
12120943,0.957,4.239,1.214,-0.291,-0.909,-1.036,1.201,0.122,0.108,0.0,0.0,0.5524372002133796,-0.03328291556812529
11702948,0.975,4.367,1.068,-0.102,-1.002,-1.045,1.07,0.081,0.073,0.0,0.0,0.7958904299685806,-0.0028532826429078367
9480310,0.954,4.436,0.974,0.005,-0.799,-0.818,0.963,0.089,0.08,0.0,0.0,1.0682416660546952,-0.023669513330491554
7761545,0.989,4.47,0.957,0.048,-0.992,-0.948,0.963,0.049,0.046,0.0,0.0,1.1074329221468486,0.003682569776424123
7499398,0.88,4.398,0.977,-0.032,-0.922,-0.935,0.96,0.082,0.074,0.0,0.0,0.9946469907407409,-0.029668973031463465
12365184,1.432,4.052,1.856,-0.657,-1.633,-1.653,1.859,0.091,0.086,0.0,0.0,0.2228973209611276,-0.0051048486561410256
12406749,0.8,4.579,0.759,0.257,-0.794,-0.754,0.728,0.061,0.055,0.0,0.0,2.0734608948592768,-0.05969584905283204
12403119,0.924,4.465,0.931,0.057,-0.963,-0.932,0.941,0.04,0.038,0.0,0.0,1.1089273656307943,0.012096899061663932
9597806,0.914,4.507,0.882,0.12,-0.895,-0.854,0.859,0.07,0.063,0.0,0.0,1.442004794085352,-0.03896670424010451
9589323,0.861,4.53,0.832,0.17,-0.821,-0.783,0.815,0.067,0.061,0.0,0.0,1.5904877380276432,-0.03153032523372501
9823487,0.742,4.605,0.709,0.313,-0.826,-0.805,0.681,0.053,0.048,0.0,0.0,2.3494303221992587,-0.05796256954067147
11821363,0.746,4.563,0.744,0.252,-0.788,-0.858,0.762,0.062,0.057,0.0,0.0,1.6860634479507512,0.025126086546132687
9813499,0.98,4.344,1.09,-0.138,-0.765,-0.856,1.101,0.113,0.1,0.0,0.0,0.7342840908178419,-0.003864118777239578
12254792,0.944,4.476,0.928,0.068,-0.953,-0.898,0.92,0.072,0.065,0.0,2.0,1.212295553546478,-0.01560851226140314
7690844,1.12,4.268,1.273,-0.281,-0.902,-0.98,1.33,0.145,0.127,0.0,0.0,0.47606154285595265,0.04133690023107578
7901948,0.915,4.519,0.87,0.138,-0.93,-0.884,0.861,0.069,0.062,0.0,0.0,1.4335460212712756,-0.018411639705484012
7456001,1.033,4.325,1.154,-0.177,-1.148,-1.172,1.153,0.091,0.082,0.0,0.0,0.6739262915802433,-0.00561239963552343
7549209,1.085,4.393,1.092,-0.088,-0.986,-0.965,1.132,0.1,0.09,0.0,0.0,0.7479808130416045,0.038109542372209454
7691260,0.853,4.501,0.856,0.129,-0.854,-0.869,0.852,0.036,0.034,0.0,0.0,1.3792095220858238,-0.010630246867422699
11656246,1.308,4.27,1.386,-0.311,-1.39,-1.352,1.418,0.063,0.059,0.0,0.0,0.4587531416768956,0.02742094855289462
11669125,0.873,4.45,0.919,0.047,-0.915,-0.923,0.931,0.04,0.038,0.0,0.0,1.0818453949220288,0.012834799238458275
5283458,0.941,4.486,0.915,0.082,-0.792,-0.771,0.872,0.083,0.075,0.0,0.0,1.4191887787841042,-0.07004016862955516
7984047,0.758,4.572,0.744,0.26,-0.814,-0.827,0.752,0.06,0.054,0.0,0.0,1.7824431363955964,0.008984316142873205
7951018,1.149,4.193,1.408,-0.397,-1.219,-1.234,1.39,0.119,0.108,0.0,0.0,0.42783432795195453,-0.028275627926000024
5184584,1.191,4.029,1.734,-0.655,-1.271,-1.34,1.81,0.2,0.175,1.0,0.0,0.20085194277456636,0.042123963124776065
10004519,0.792,4.414,0.908,0.014,-0.756,-0.853,0.878,0.074,0.067,0.0,0.0,1.1701502611225767,-0.054241633871185815
12602568,1.103,4.19,1.389,-0.395,-1.212,-1.253,1.42,0.12,0.109,0.0,0.0,0.3852214656716335,0.01928952070897877
9941066,0.633,4.646,0.625,0.408,-0.611,-0.626,0.638,0.03,0.028,0.0,0.0,2.437483440130278,0.02105832614613179
5470739,0.996,4.361,1.084,-0.115,-0.92,-0.962,1.096,0.092,0.083,0.0,0.0,0.7565326503206675,0.006172324021352468
10022908,0.739,4.583,0.726,0.282,-0.88,-0.912,0.708,0.053,0.048,0.0,0.0,2.0823065505092395,-0.036544665325518755
10028140,0.815,4.568,0.775,0.238,-0.857,-0.797,0.763,0.06,0.054,0.0,0.0,1.834779989066377,-0.025583994875335192
5039228,1.541,4.157,1.709,-0.516,-1.519,-1.538,1.751,0.084,0.079,0.0,0.0,0.2870411758728311,0.026055799531918944
5177104,1.069,4.403,1.073,-0.068,-1.11,-1.044,1.064,0.082,0.075,0.0,0.0,0.8874682430821242,-0.01615282133168979
9886661,0.928,4.513,0.883,0.127,-1.053,-0.943,0.881,0.038,0.036,0.0,0.0,1.3571262504176291,-0.0056202509827184
5009743,0.955,4.404,1.013,-0.042,-0.997,-1.008,1.041,0.047,0.044,0.0,0.0,0.846547210629113,0.030348816947862005
10963065,1.091,4.289,1.237,-0.243,-1.208,-1.26,1.253,0.052,0.05,0.0,0.0,0.5545893655968221,0.013028462394107987
7215603,1.267,4.181,1.5,-0.435,-1.386,-1.449,1.508,0.066,0.062,0.0,0.0,0.3694643934350893,-0.002572590282175602
5561278,1.411,4.026,1.902,-0.692,-1.709,-1.734,1.972,0.087,0.083,1.0,0.0,0.18399511039422872,0.0431937180612294
7287683,1.744,4.12,1.897,-0.6,-1.549,-1.63,1.906,0.148,0.134,0.0,0.0,0.25187078265842905,-0.001177791689625618
6387542,1.229,4.054,1.711,-0.623,-1.382,-1.409,1.835,0.174,0.155,1.0,0.0,0.1989040733519057,0.0783563228778702
8685497,1.145,4.285,1.27,-0.258,-1.215,-1.292,1.285,0.056,0.053,0.0,0.0,0.5396300223516406,0.009903896326033113
9401997,0.924,4.515,0.879,0.131,-0.96,-0.871,0.875,0.042,0.04,0.0,0.0,1.3792653061224491,-0.008647812153167012
10879038,1.001,4.492,0.938,0.078,-0.999,-0.999,0.916,0.053,0.049,0.0,0.0,1.302409803189927,-0.036747656475767415
10990917,1.083,4.395,1.09,-0.085,-1.023,-1.001,1.095,0.092,0.083,0.0,0.0,0.8248711210278443,-0.0013860990969089687
11337141,0.584,4.649,0.597,0.433,-0.785,-0.817,0.6,0.017,0.017,0.0,0.0,2.7037037037037037,0.0010409040385314094
11337833,0.838,4.361,0.995,-0.077,-0.914,-1.018,0.962,0.075,0.068,0.0,0.0,0.9412799381722408,-0.05071880251683766
4570949,1.184,4.237,1.366,-0.338,-1.34,-1.363,1.379,0.061,0.058,0.0,0.0,0.45150119473984834,0.007341096140648262
4650733,1.184,4.337,1.216,-0.191,-1.038,-1.044,1.201,0.112,0.1,0.0,0.0,0.6834750732002524,-0.025722680178182744
5183357,1.128,4.245,1.317,-0.315,-1.224,-1.282,1.32,0.063,0.06,0.0,0.0,0.4904416061440854,-0.005587306029773809
5184709,1.018,4.337,1.128,-0.157,-1.011,-1.076,1.106,0.088,0.08,0.0,0.0,0.7524582307775142,-0.03348239709470151
5195172,1.067,4.251,1.277,-0.296,-1.27,-1.283,1.283,0.057,0.054,0.0,0.0,0.5052245552996064,0.0005155497003155318
5269467,0.701,4.606,0.689,0.328,-0.786,-0.808,0.697,0.055,0.05,0.0,0.0,2.0702351766192497,0.011980316327369567
6034945,0.92,4.439,0.955,0.019,-0.904,-0.904,0.925,0.07,0.064,0.0,0.0,1.1624188103369988,-0.04636262912845744
6198999,0.707,4.607,0.691,0.327,-0.863,-0.867,0.668,0.051,0.046,0.0,2.0,2.3718653266810703,-0.04809002637026227
7386827,0.9,4.526,0.856,0.153,-0.976,-0.887,0.851,0.065,0.059,0.0,0.0,1.460339489242467,-0.011453829185561343
7750419,1.072,4.312,1.191,-0.205,-1.101,-1.16,1.225,0.06,0.057,0.0,0.0,0.5831583778867647,0.02921348074490271
7955580,0.804,4.558,0.78,0.226,-0.878,-0.848,0.771,0.035,0.033,0.0,0.0,1.7542557737777735,-0.01809291459558035
9838949,0.761,4.59,0.731,0.286,-0.942,-0.884,0.706,0.053,0.048,0.0,0.0,2.1625718903119897,-0.048970553615161616
10080248,0.939,3.936,1.706,-0.741,-1.375,-1.472,1.723,0.186,0.164,1.0,0.0,0.18357340349797888,-0.0048097599220253695
8242434,0.758,4.563,0.751,0.249,-0.882,-0.982,0.751,0.031,0.03,0.0,0.0,1.7895729005079555,-0.0037493946195483185
8396405,0.941,4.373,1.038,-0.084,-0.841,-0.905,1.134,0.102,0.091,0.0,0.0,0.6452833506532598,0.10624954024340628
6604328,0.968,4.385,1.036,-0.074,-0.745,-0.798,1.019,0.103,0.091,0.0,0.0,0.9148561360514847,-0.03535280528911462
4365645,0.896,4.515,0.865,0.139,-0.959,-0.883,0.854,0.036,0.034,0.0,0.0,1.4385812567787524,-0.018934397595110036
6786348,0.922,4.167,1.306,-0.392,-1.086,-1.232,1.286,0.125,0.111,0.0,0.0,0.4335188792882836,-0.029008015289019473
8651389,1.149,4.369,1.158,-0.135,-1.286,-1.198,1.179,0.052,0.049,0.0,0.0,0.7010978146537654,0.019221386596982276
6705142,0.912,4.463,0.923,0.055,-0.707,-0.705,0.926,0.092,0.082,0.0,0.0,1.1485816623476803,-0.005161878282613101
10153011,1.001,3.861,1.926,-0.868,-1.546,-1.615,1.981,0.2,0.177,1.0,0.0,0.12875990597116074,0.02221934913632262
5864975,1.078,4.155,1.419,-0.442,-0.998,-1.102,1.514,0.187,0.16,1.0,0.0,0.3106283825918064,0.06575886464144193
5731623,1.22,4.29,1.3,-0.268,-1.031,-1.04,1.378,0.137,0.122,0.0,0.0,0.4662428426487976,0.0633878220400727
10676014,0.782,4.582,0.749,0.268,-0.962,-0.89,0.722,0.03,0.029,0.0,0.0,2.077758943445017,-0.049595160350930645
5088591,0.787,4.59,0.744,0.278,-0.921,-0.829,0.727,0.055,0.05,0.0,0.0,2.0481959345767495,-0.033371499781951086
11298298,1.03,4.451,0.999,0.011,-1.174,-1.084,0.995,0.042,0.04,0.0,0.0,1.0456057972242974,-0.00836798246799587
11187436,0.806,4.51,0.822,0.156,-0.788,-0.889,0.847,0.068,0.061,0.0,2.0,1.3264314507969233,0.033315189187030025
9455325,0.889,4.542,0.836,0.18,-1.052,-0.925,0.831,0.035,0.033,0.0,0.0,1.5491686139184653,-0.010098689617880768
5621125,1.42,4.149,1.656,-0.511,-1.489,-1.554,1.727,0.079,0.075,0.0,0.0,0.2756838541221269,0.04858866831931996
7870032,0.914,4.539,0.85,0.169,-1.077,-1.022,0.854,0.038,0.036,0.0,0.0,1.4674813266693971,0.0024274163331836907
9597058,0.86,4.542,0.822,0.188,-0.969,-0.859,0.811,0.034,0.032,0.0,0.0,1.6122630043920048,-0.019435888610099566
8832512,0.874,4.509,0.86,0.134,-0.866,-0.808,0.856,0.066,0.06,0.0,0.0,1.3934459851613374,-0.010090138602943416
5375194,0.867,4.545,0.823,0.19,-0.975,-0.867,0.809,0.035,0.033,0.0,0.0,1.6374706808938702,-0.024173532639393258
5526527,0.657,4.63,0.649,0.379,-0.863,-0.902,0.655,0.028,0.027,0.0,0.0,2.3379836492383985,0.010158530415568356
7779077,0.886,4.53,0.846,0.162,-0.973,-0.856,0.833,0.063,0.057,0.0,0.0,1.5328466803481136,-0.02349871766668804
8826168,1.033,4.239,1.273,-0.306,-1.23,-1.259,1.287,0.059,0.056,0.0,0.0,0.4845791020248523,0.008635319193539492
10464050,0.985,4.48,0.945,0.064,-1.063,-0.986,0.917,0.07,0.063,0.0,0.0,1.2774038580369191,-0.042328223487548416
9763348,1.259,4.233,1.413,-0.357,-1.337,-1.375,1.462,0.067,0.063,0.0,0.0,0.4028873321626735,0.03781638775766244
11570749,0.821,4.564,0.781,0.231,-0.935,-0.834,0.776,0.033,0.032,0.0,0.0,1.7569442998752014,-0.013757993344875374
3648437,1.047,4.425,1.04,-0.032,-1.161,-1.114,1.047,0.047,0.045,0.0,2.0,0.9122348019401411,0.007893363357684625
7286173,1.02,4.478,0.963,0.054,-1.166,-1.071,0.964,0.042,0.04,0.0,0.0,1.1385944696921693,-0.0023690700534253137
11126381,1.144,4.401,1.115,-0.087,-1.284,-1.211,1.117,0.049,0.047,0.0,0.0,0.8208551081145715,-0.0012665051101781871
4149450,1.161,3.997,1.782,-0.693,-1.498,-1.684,1.821,0.081,0.077,1.0,0.0,0.1922659518510702,0.02309761764618623
6773862,0.616,4.634,0.621,0.4,-0.544,-0.696,0.633,0.018,0.018,0.0,0.0,2.4286760052649754,0.014630417887639857
11622600,0.616,4.651,0.611,0.424,-0.607,-0.657,0.65,0.028,0.027,0.0,0.0,2.2430587164314972,0.07315935776414129
3098810,1.296,4.285,1.352,-0.285,-1.371,-1.312,1.377,0.061,0.058,0.0,0.0,0.49636732025523334,0.01919681923619654
8367644,0.574,4.655,0.588,0.445,-0.728,-0.76,0.589,0.017,0.017,0.0,0.0,2.8090922917925143,-0.003566008036668622
4035640,0.799,4.591,0.748,0.276,-0.933,-0.848,0.747,0.034,0.032,0.0,0.0,1.9168360733521395,-0.006584973867795052
6205228,1.122,4.275,1.269,-0.27,-1.137,-1.207,1.304,0.066,0.062,0.0,0.0,0.5060111454213326,0.025839917267561574
11758544,1.233,4.143,1.554,-0.488,-1.56,-1.529,1.573,0.069,0.065,0.0,0.0,0.3167939716687791,0.011223091274128849
11413812,1.087,4.335,1.168,-0.172,-1.098,-1.113,1.179,0.09,0.082,0.0,0.0,0.6632666009822829,0.006311871198972946
9549648,1.384,4.213,1.521,-0.409,-1.444,-1.485,1.608,0.073,0.069,1.0,0.0,0.33287253000116607,0.06872204311655855
9030537,0.898,4.539,0.843,0.171,-0.903,-0.859,0.821,0.068,0.061,0.0,0.0,1.6227322423078026,-0.03924686530898208
8689793,1.127,4.291,1.249,-0.247,-1.145,-1.212,1.315,0.061,0.058,0.0,0.0,0.495617528391227,0.05785334243122342
11673802,1.286,3.426,3.613,-1.574,-2.278,-2.279,3.584,0.189,0.177,2.0,0.0,0.027934246786134233,-0.020136965617940428
7668663,1.023,4.313,1.164,-0.193,-1.143,-1.188,1.181,0.05,0.047,0.0,0.0,0.6210491058847388,0.013874059128384297
8766650,0.762,4.563,0.754,0.247,-0.882,-0.939,0.742,0.031,0.029,0.0,0.0,1.8652766579318192,-0.023743255502519267
9965957,0.809,4.565,0.776,0.234,-0.865,-0.81,0.74,0.057,0.052,0.0,0.0,1.9964266677195825,-0.06625336241934379
8426567,0.767,4.574,0.747,0.262,-0.891,-0.885,0.729,0.054,0.049,0.0,0.0,1.9797610652440223,-0.0346127789950571
10074466,1.085,4.406,1.078,-0.066,-1.225,-1.148,1.101,0.047,0.045,0.0,0.0,0.8129573862626106,0.023932218730706986
7755636,1.368,4.265,1.421,-0.327,-1.528,-1.48,1.472,0.068,0.065,0.0,0.0,0.42890653894756314,0.04063733262034264
4989057,0.937,4.527,0.873,0.146,-1.1,-1.013,0.879,0.039,0.037,0.0,0.0,1.3796628354048148,0.006227034333537357
9955598,0.912,4.489,0.899,0.095,-0.951,-0.899,0.898,0.038,0.036,0.0,0.0,1.2594062038946163,-0.005165828326503016
5770074,1.126,4.427,1.073,-0.044,-1.348,-1.327,1.088,0.047,0.045,0.0,0.0,0.8742823368804699,0.014348295571156036
4242147,0.685,4.613,0.675,0.344,-0.833,-0.878,0.669,0.029,0.027,0.0,0.0,2.287769249274599,-0.015412218188956217
10190777,0.653,4.621,0.653,0.368,-0.881,-0.964,0.644,0.027,0.025,0.0,0.0,2.4448689172859437,-0.02025557919563764
7045496,0.869,4.528,0.839,0.163,-0.855,-0.787,0.839,0.067,0.06,0.0,0.0,1.4714106460766212,-0.004733893962565711
12253474,1.061,4.271,1.243,-0.264,-1.202,-1.226,1.247,0.055,0.052,0.0,0.0,0.5471621198655698,-0.002116023465712713
9836149,1.041,4.425,1.033,-0.031,-0.98,-0.954,1.044,0.059,0.055,0.0,0.0,0.9148486120117227,0.007650766488193968
4813563,0.693,4.604,0.686,0.328,-0.832,-0.885,0.686,0.03,0.028,0.0,0.0,2.1466482537732,-0.0037608874915515678
7948784,1.031,4.424,1.028,-0.031,-0.95,-0.925,1.0,0.085,0.077,0.0,0.0,1.031,-0.04425866528351651
9244756,0.979,4.472,0.949,0.053,-0.963,-0.923,0.955,0.051,0.048,0.0,0.0,1.124016216718134,0.002227422948101139
9347009,0.811,4.586,0.76,0.265,-0.938,-0.864,0.724,0.057,0.052,0.0,0.0,2.1370031169995456,-0.0648051556197154
2693736,0.793,4.577,0.758,0.256,-0.881,-0.813,0.755,0.035,0.033,0.0,0.0,1.8426053696378486,-0.009432332430039103
10153855,0.847,4.568,0.792,0.23,-1.038,-0.91,0.76,0.057,0.051,0.0,0.0,1.9294904505029886,-0.05544263348833281
6862721,0.809,4.582,0.76,0.258,-0.756,-0.735,0.707,0.063,0.057,0.0,0.0,2.2892344888439196,-0.10169028022157411
10094670,1.178,4.4,1.131,-0.094,-1.413,-1.391,1.162,0.051,0.049,0.0,0.0,0.7508045680387794,0.030473093711852917
8142942,0.766,4.58,0.742,0.271,-0.916,-0.882,0.74,0.031,0.029,0.0,2.0,1.890312518508282,-0.005533610439675374
11614617,1.219,4.09,1.633,-0.564,-1.459,-1.483,1.634,0.129,0.118,1.0,0.0,0.27941360525182646,-0.010247549029191894
10384798,0.901,4.413,0.973,-0.015,-0.895,-0.944,0.939,0.071,0.065,0.0,0.0,1.0882483420497255,-0.05172801418073024
9834040,0.997,4.463,0.967,0.035,-0.901,-0.888,0.933,0.083,0.074,0.0,0.0,1.2275811953015228,-0.054050227072155815
8802693,0.838,4.54,0.812,0.189,-0.793,-0.754,0.796,0.066,0.059,0.0,0.0,1.6615171004133056,-0.03150481541726924
6061773,0.807,4.556,0.783,0.222,-0.905,-0.88,0.766,0.032,0.031,0.0,0.0,1.7955075093864328,-0.03218722582425862
5631630,1.343,4.281,1.385,-0.3,-1.432,-1.416,1.433,0.064,0.061,0.0,0.0,0.4563913887247668,0.040662558523318126
4056616,0.632,4.645,0.625,0.41,-0.842,-0.894,0.614,0.026,0.024,0.0,0.0,2.7303100322339025,-0.026211964858882053
8492026,1.128,4.187,1.411,-0.403,-1.34,-1.339,1.423,0.067,0.063,0.0,0.0,0.39146631651661207,0.0043056006055295915
8750043,0.924,4.515,0.88,0.131,-1.082,-0.975,0.87,0.037,0.035,0.0,0.0,1.4031826734274562,-0.0161142133642512
6226290,0.952,4.497,0.907,0.097,-0.927,-0.905,0.923,0.08,0.072,0.0,2.0,1.2106869057637568,0.013968154693261875
6356207,0.771,4.551,0.767,0.227,-0.805,-0.865,0.754,0.059,0.054,0.0,0.0,1.7986238190273331,-0.027940340441634876
8578780,0.939,4.465,0.937,0.053,-0.915,-0.862,0.958,0.075,0.068,0.0,0.0,1.067994620200595,0.024430934969522252
11923284,1.008,4.445,0.995,0.007,-1.145,-1.075,1.001,0.043,0.04,0.0,0.0,1.004982037935099,0.004841700328449331
5940165,0.724,4.591,0.712,0.299,-0.885,-0.922,0.73,0.055,0.049,0.0,0.0,1.8611011858093607,0.029230014164220774
10480915,0.971,4.421,1.002,-0.02,-0.982,-0.983,1.016,0.045,0.043,0.0,0.0,0.9258446174372663,0.013461893935696512
9111849,1.673,4.072,1.961,-0.664,-1.646,-1.751,2.141,0.102,0.096,1.0,0.0,0.17046920629375845,0.10435406092092037
3448130,1.008,4.303,1.168,-0.204,-1.13,-1.173,1.176,0.056,0.053,0.0,0.0,0.6197814402729023,0.0037614331108525023
9656252,0.998,4.426,1.007,-0.02,-0.803,-0.804,1.012,0.073,0.067,0.0,0.0,0.962917331845071,-0.0035890037760302022
9649706,1.201,4.275,1.319,-0.285,-1.35,-1.219,1.351,0.062,0.059,0.0,0.0,0.48705382721927537,0.02742303966318571
3248501,1.108,4.382,1.117,-0.109,-0.971,-0.965,1.101,0.103,0.092,0.0,0.0,0.8301905843124171,-0.028177803477155636
10134152,0.946,4.5,0.905,0.102,-1.024,-0.947,0.877,0.067,0.061,0.0,2.0,1.4024660479685225,-0.04489235630367121
9279354,0.738,4.581,0.727,0.28,-0.861,-0.898,0.728,0.055,0.05,0.0,0.0,1.9127676755076828,-0.001662223883930003
6774880,1.0,4.429,1.007,-0.015,-0.953,-0.937,0.983,0.078,0.071,0.0,0.0,1.0527844133229418,-0.03733944650359318
7449541,0.955,3.873,1.842,-0.839,-1.344,-1.466,1.93,0.263,0.221,1.0,0.0,0.13284078843720395,0.037668555439574924
2579043,1.096,4.199,1.366,-0.378,-1.179,-1.231,1.37,0.118,0.107,0.0,0.0,0.42623474878789486,-0.007648852679129958
6342333,0.859,4.556,0.809,0.207,-0.963,-0.882,0.824,0.038,0.036,0.0,0.0,1.5353646198913364,0.020788471260104968
11360571,1.598,3.964,2.171,-0.815,-1.81,-1.856,2.187,0.167,0.152,0.0,2.0,0.15276730804287744,0.0009695741349384779
12058147,1.111,4.237,1.321,-0.324,-1.272,-1.344,1.362,0.059,0.056,0.0,0.0,0.4397265983765796,0.03281726378943156
8866137,0.783,4.55,0.774,0.221,-0.758,-0.78,0.765,0.064,0.058,0.0,0.0,1.7489502529193146,-0.021777456597090572
3967326,0.748,4.602,0.715,0.307,-0.906,-0.855,0.69,0.053,0.048,0.0,0.0,2.276954360458922,-0.05035432565269543
6922710,1.054,4.457,1.004,0.015,-1.324,-1.231,1.014,0.042,0.04,0.0,0.0,1.0109431779110443,0.010273254115423706
11348997,0.547,4.677,0.56,0.488,-0.756,-0.79,0.562,0.016,0.016,0.0,0.0,3.0816150015226667,-0.0007783796262474385
7918992,1.044,4.434,1.025,-0.018,-1.075,-1.023,1.041,0.051,0.049,0.0,0.0,0.9254400920385277,0.01565168986536498
9307509,0.741,4.603,0.71,0.311,-0.839,-0.815,0.696,0.054,0.049,0.0,2.0,2.197811741176578,-0.03099048914764191
3120355,1.071,4.361,1.123,-0.132,-0.937,-0.958,1.165,0.076,0.07,0.0,0.0,0.6773477534830481,0.03718830525425773
9411412,0.678,4.608,0.675,0.34,-0.878,-0.955,0.709,0.031,0.029,0.0,0.0,1.9023524774124478,0.06070901168213616
8165946,1.032,4.448,1.003,0.007,-1.159,-1.079,1.019,0.046,0.043,0.0,2.0,0.9753424921540623,0.017842854728086464
12017109,0.899,4.529,0.852,0.156,-0.845,-0.817,0.819,0.07,0.063,0.0,0.0,1.6364697674433935,-0.05790798645197348
10709622,0.994,4.277,1.195,-0.242,-1.081,-1.124,1.168,0.093,0.085,0.0,0.0,0.6238179340491548,-0.03705785606817133
11460462,1.338,4.235,1.452,-0.368,-1.334,-1.443,1.466,0.071,0.067,0.0,0.0,0.4246725622830684,0.003945797483523084
6921944,0.639,4.605,0.654,0.35,-0.54,-0.758,0.584,0.025,0.024,0.0,0.0,3.208206517967082,-0.15626231682120184
9532052,0.848,4.527,0.829,0.167,-0.7,-0.667,0.819,0.066,0.06,0.0,2.0,1.5436333290233566,-0.021544146975458506
4857213,0.758,4.602,0.719,0.305,-0.93,-0.861,0.714,0.03,0.029,0.0,0.0,2.0824499404858887,-0.013574570303530431
9415108,0.896,4.529,0.852,0.158,-0.955,-0.864,0.852,0.04,0.038,0.0,0.0,1.4487359106552147,-0.0029892253620248666
4262581,0.965,4.502,0.911,0.102,-1.096,-1.017,0.939,0.043,0.041,0.0,0.0,1.165549001196432,0.03546946345454012
8591693,1.057,4.44,1.023,-0.011,-1.176,-1.109,1.029,0.079,0.072,0.0,0.0,0.9701276058952587,0.0021711369798724685
9405595,0.877,4.314,1.073,-0.159,-0.944,-1.036,1.012,0.086,0.078,0.0,0.0,0.8461708417115503,-0.0864580558546996
3546060,0.715,4.592,0.706,0.303,-0.769,-0.806,0.711,0.057,0.052,0.0,0.0,1.9892860613972527,0.004302760388218252
9351920,0.922,4.524,0.868,0.145,-1.004,-0.957,0.835,0.065,0.059,0.0,0.0,1.5836948141080245,-0.05467149460282322
2161536,0.624,4.627,0.631,0.387,-0.614,-0.698,0.652,0.019,0.019,0.0,0.0,2.2513437058318115,0.03455819751333661
10549023,1.294,4.187,1.503,-0.434,-1.234,-1.325,1.488,0.128,0.116,0.0,0.0,0.3927584004987835,-0.02812548270310189
4254466,1.042,4.343,1.131,-0.152,-0.995,-1.05,1.126,0.059,0.055,0.0,0.0,0.7298818218502547,-0.015252547417523604
9364609,0.808,4.51,0.824,0.155,-0.829,-0.909,0.831,0.035,0.034,0.0,0.0,1.4080182677684139,0.00639171057774679
5022828,2.03,4.237,1.787,-0.456,-1.423,-1.434,1.764,0.139,0.126,0.0,0.0,0.369828431438563,-0.024000295525810122
8233702,0.917,4.441,0.949,0.023,-0.826,-0.841,0.937,0.076,0.069,0.0,0.0,1.1146809087991745,-0.024150563006686193
11403339,0.926,4.522,0.874,0.14,-1.039,-0.93,0.863,0.038,0.036,0.0,2.0,1.4407167306219133,-0.018578599536305612
8260902,0.9,4.356,1.036,-0.099,-0.969,-1.026,1.06,0.084,0.076,0.0,0.0,0.7556573547290716,0.022675086354985885
6774537,0.786,4.596,0.739,0.287,-0.983,-0.897,0.712,0.054,0.049,0.0,0.0,2.177622349351532,-0.050982565128838864
10617017,1.373,4.263,1.43,-0.333,-1.474,-1.466,1.47,0.063,0.06,0.0,0.0,0.4322336088861941,0.03128146700777318
12116380,0.878,4.561,0.812,0.21,-0.999,-0.954,0.808,0.038,0.036,0.0,0.0,1.6644104489852962,-0.01126043358234402
2556650,0.511,4.726,0.512,0.576,-0.669,-0.692,0.515,0.015,0.015,0.0,2.0,3.7410991034357166,0.0030007869888601935
4370527,0.929,4.52,0.876,0.136,-0.872,-0.832,0.854,0.053,0.05,0.0,0.0,1.4915647182449343,-0.037642101926626675
11410904,1.02,4.458,0.985,0.023,-1.025,-0.975,0.979,0.05,0.047,0.0,0.0,1.0870564477581417,-0.013252096352504128
7286911,0.89,4.545,0.833,0.183,-1.007,-0.946,0.832,0.042,0.04,0.0,0.0,1.5453257015959263,-0.006020027772740966
8591173,0.763,4.577,0.743,0.266,-0.875,-0.858,0.722,0.054,0.049,0.0,0.0,2.027276309269243,-0.04091294524596317
8611781,0.963,3.956,1.702,-0.715,-1.647,-1.722,1.685,0.13,0.118,1.0,0.0,0.2012920262098731,-0.01882657150246214
3097926,0.805,4.504,0.827,0.147,-0.773,-0.867,0.835,0.068,0.062,0.0,0.0,1.3827270340097177,0.006263546082937582
5601258,0.582,4.651,0.595,0.436,-0.783,-0.827,0.598,0.017,0.017,0.0,0.0,2.7215695214740068,0.0011805673153439944
11075429,1.431,4.102,1.753,-0.58,-1.563,-1.596,1.735,0.133,0.121,0.0,0.0,0.27399409069802744,-0.017741196379098656
10909127,0.826,4.591,0.761,0.269,-0.912,-0.873,0.734,0.039,0.037,0.0,0.0,2.0887759940586106,-0.05089186757217057
8494542,1.233,4.043,1.741,-0.64,-1.6,-1.57,1.734,0.135,0.122,0.0,0.0,0.2364916422748842,-0.01381579717515724
9992325,0.754,4.583,0.734,0.278,-0.86,-0.844,0.72,0.055,0.05,0.0,0.0,2.020104595336077,-0.027373856575968636
10531955,0.96,4.285,1.165,-0.221,-1.189,-1.219,1.144,0.048,0.046,0.0,0.0,0.6411994773283834,-0.02799315966855226
4248120,0.948,4.445,0.963,0.02,-0.885,-0.86,0.983,0.079,0.072,0.0,0.0,0.9980396238301487,0.020852216158340642
9580992,0.814,4.554,0.787,0.218,-0.874,-0.81,0.764,0.059,0.053,0.0,0.0,1.8253423463207052,-0.043344329162131406
6287313,1.081,4.276,1.24,-0.261,-0.966,-1.05,1.246,0.116,0.104,0.0,0.0,0.5588195187558379,-0.008271566983857948
9278725,0.751,4.587,0.728,0.285,-0.859,-0.843,0.717,0.055,0.05,0.0,0.0,2.0374289368999934,-0.02408247000076813
11569782,0.716,4.597,0.703,0.311,-0.902,-0.939,0.68,0.051,0.046,0.0,0.0,2.277121921432933,-0.04638628418914653
10600955,0.815,4.568,0.776,0.237,-0.858,-0.78,0.76,0.037,0.034,0.0,0.0,1.8565935267531708,-0.03171683189760249
4473226,0.907,4.536,0.848,0.165,-0.828,-0.815,0.833,0.055,0.051,0.0,0.0,1.569178260807832,-0.030672282839732584
5005121,0.994,4.275,1.194,-0.243,-1.022,-1.082,1.241,0.075,0.069,0.0,0.0,0.5200810620527858,0.04092896009887631
5125347,1.094,4.387,1.112,-0.098,-1.18,-1.131,1.156,0.103,0.093,0.0,0.0,0.7081802645494253,0.0518561802561186
9336200,0.865,4.523,0.841,0.157,-0.773,-0.736,0.821,0.072,0.065,0.0,0.0,1.563099542980233,-0.03698663610649197
9458343,0.939,4.478,0.923,0.073,-1.023,-0.953,0.941,0.041,0.039,0.0,0.0,1.1269294332546707,0.021103278015659768
7802719,0.716,4.587,0.71,0.297,-0.888,-0.987,0.725,0.054,0.049,0.0,2.0,1.8788798228709664,0.0231009974051255
6206214,1.508,3.896,2.28,-0.905,-1.886,-1.888,2.306,0.114,0.108,1.0,0.0,0.12297686927674334,0.005176567342285443
7672097,0.827,4.57,0.779,0.236,-0.786,-0.752,0.729,0.063,0.057,0.0,0.0,2.1346315527468143,-0.09332292459862285
8126558,0.958,4.493,0.916,0.089,-0.911,-0.887,0.942,0.08,0.073,0.0,0.0,1.1460743708379497,0.029787199300087636
11811193,1.236,4.291,1.319,-0.27,-1.342,-1.257,1.342,0.058,0.055,0.0,0.0,0.5114002349945315,0.021239076746122798
10489345,0.774,4.555,0.766,0.23,-0.765,-0.795,0.768,0.064,0.058,0.0,0.0,1.708666483561198,-0.0026573005883566148
9717943,1.167,4.336,1.209,-0.185,-1.231,-1.243,1.215,0.052,0.049,0.0,0.0,0.650641892096729,0.0016579777576228583
3458028,1.55,4.104,1.818,-0.598,-1.54,-1.653,1.831,0.139,0.126,0.0,0.0,0.2525030714591719,-0.0002666652652021373
2439243,0.867,4.44,0.922,0.034,-0.708,-0.791,0.91,0.06,0.056,0.0,0.0,1.1505219813395153,-0.026894920512929445
6751874,1.104,3.964,1.803,-0.731,-1.624,-1.719,1.797,0.083,0.079,1.0,0.0,0.19025007737297459,-0.01032484206625861
8410415,0.799,4.554,0.78,0.222,-0.817,-0.784,0.777,0.036,0.034,0.0,0.0,1.703270885304546,-0.00928372291124857
8321314,0.911,4.524,0.863,0.148,-0.983,-0.898,0.855,0.041,0.038,0.0,0.0,1.457538491875643,-0.015620032788480398
5342473,1.125,4.291,1.248,-0.246,-1.136,-1.192,1.267,0.098,0.089,0.0,0.0,0.5531242227821078,0.011177322202942652
10874215,0.979,4.453,0.968,0.025,-0.868,-0.85,0.961,0.086,0.077,0.0,0.0,1.103094016350339,-0.01761252879750181
3749978,0.991,4.151,1.367,-0.43,-0.963,-1.075,1.443,0.176,0.151,1.0,0.0,0.3298182334407108,0.051725338795207354
10010440,1.041,4.415,1.045,-0.045,-1.016,-0.977,1.016,0.082,0.074,0.0,0.0,0.9925893375408797,-0.041769605666834776
11718144,0.958,4.5,0.91,0.1,-1.035,-0.973,0.922,0.043,0.041,0.0,0.0,1.2222857425211344,0.012827254082343698
10132832,0.986,4.32,1.13,-0.174,-0.991,-1.053,1.107,0.09,0.082,0.0,0.0,0.7268320212611076,-0.035434052305042846
3219995,1.036,4.384,1.078,-0.09,-0.969,-0.968,1.072,0.088,0.079,0.0,2.0,0.8409601164371946,-0.014775399338960493
6062929,0.846,4.512,0.841,0.147,-0.762,-0.762,0.866,0.073,0.066,0.0,0.0,1.3026168358920938,0.03218331301301634
10684670,1.097,4.435,1.049,-0.026,-1.218,-1.153,1.07,0.049,0.046,0.0,2.0,0.8954787709492645,0.02194470548091784
11495458,0.642,4.635,0.637,0.392,-0.814,-0.89,0.649,0.028,0.027,0.0,0.0,2.3485560947263977,0.021199062332254492
9003401,1.145,4.323,1.218,-0.202,-1.231,-1.193,1.234,0.054,0.051,0.0,0.0,0.6093404480683287,0.013139992415761803
7120108,0.762,4.585,0.736,0.279,-0.907,-0.856,0.715,0.031,0.029,0.0,0.0,2.0846677406900405,-0.0400368459363587
12401863,1.159,4.219,1.379,-0.361,-1.349,-1.362,1.409,0.063,0.06,0.0,0.0,0.41433388926442904,0.021649543364473334
5599774,0.815,4.517,0.82,0.163,-0.734,-0.776,0.831,0.07,0.064,0.0,0.0,1.420216445830764,0.010645462612356327
8681734,0.918,4.512,0.879,0.128,-0.979,-0.891,0.889,0.041,0.039,0.0,0.0,1.3065841884306526,0.011862601709398707
8247771,0.721,4.591,0.71,0.3,-0.832,-0.868,0.723,0.056,0.051,0.0,0.0,1.9077452145779032,0.01947962716416335
5629538,1.028,4.445,1.003,0.002,-1.049,-1.0,0.992,0.079,0.071,0.0,0.0,1.0530720792353396,-0.020458098196721
8561231,0.928,4.495,0.899,0.099,-0.829,-0.8,0.889,0.079,0.071,0.0,0.0,1.3208171316597448,-0.02184269330822096
6941084,0.961,4.461,0.952,0.041,-0.917,-0.885,0.922,0.075,0.068,0.0,0.0,1.226113359668904,-0.04753062450765721
6200235,0.799,4.568,0.768,0.241,-0.863,-0.809,0.743,0.057,0.052,0.0,0.0,1.947961360550516,-0.048580338032265524
1872821,0.931,4.518,0.879,0.132,-0.993,-0.943,0.862,0.042,0.04,0.0,0.0,1.4535429984123376,-0.030427883507204212
12505654,0.821,4.536,0.807,0.189,-0.834,-0.821,0.797,0.061,0.055,0.0,0.0,1.6216913227976713,-0.020968192931103635
11670125,0.725,4.6,0.705,0.311,-0.75,-0.76,0.689,0.058,0.052,0.0,0.0,2.21656433390412,-0.03468034084811633
11461844,1.234,3.949,1.946,-0.779,-1.573,-1.645,1.949,0.16,0.145,1.0,0.0,0.16667852261083352,-0.0008796423443585555
11342416,1.213,4.335,1.238,-0.198,-1.302,-1.228,1.263,0.057,0.054,0.0,0.0,0.6020752146834809,0.022349250799419046
9086251,1.32,4.256,1.413,-0.333,-1.387,-1.417,1.455,0.063,0.06,0.0,0.0,0.42853367099838724,0.03501504875992845
10863608,0.895,4.436,0.941,0.021,-0.72,-0.767,0.932,0.084,0.076,0.0,0.0,1.1055421323663048,-0.022575298253967802
5385304,1.295,4.323,1.295,-0.229,-1.455,-1.366,1.33,0.06,0.057,0.0,0.0,0.5504461589271952,0.03028515448398686
11824786,1.057,4.352,1.129,-0.142,-1.004,-1.024,1.149,0.095,0.086,0.0,0.0,0.6968108448929126,0.014885098757429355
12254909,1.159,4.187,1.43,-0.409,-1.374,-1.395,1.465,0.064,0.061,0.0,0.0,0.36861292728557404,0.02442943810678888
10813132,0.912,4.496,0.891,0.107,-0.968,-0.876,0.885,0.067,0.06,0.0,0.0,1.315724695427586,-0.012165026234939855
3002478,0.954,4.438,0.972,0.008,-0.833,-0.831,,,,,,,
12254378,1.027,4.402,1.05,-0.061,-0.895,-0.886,1.038,0.093,0.084,0.0,0.0,0.9182868877595336,-0.023978383059961
10289119,1.636,3.795,2.661,-1.073,-1.984,-1.992,2.726,0.153,0.145,1.0,0.0,0.08076175444081943,0.019794255160660246
11461433,0.772,4.57,0.752,0.254,-0.878,-0.866,0.748,0.032,0.031,0.0,0.0,1.8446437585742481,-0.011912506742352058
10336951,0.818,4.447,0.892,0.058,-1.173,-1.251,0.967,0.072,0.066,0.0,1.0,0.9046360310672052,0.10152611857768201
8481129,0.759,4.552,0.761,0.232,-0.873,-0.989,0.755,0.056,0.051,0.0,0.0,1.7636033739661123,-0.014400921007915651
2142522,1.205,4.373,1.18,-0.139,-1.369,-1.335,1.194,0.053,0.051,0.0,0.0,0.707903511357919,0.011025933469163557
5007345,1.072,4.229,1.311,-0.33,-1.185,-1.232,1.367,0.073,0.069,0.0,0.0,0.41965194628937535,0.047110758346715575
6429812,0.926,4.482,0.913,0.083,-0.99,-0.924,0.928,0.04,0.038,0.0,0.0,1.158689464256427,0.019032941974651912
5621586,0.996,4.394,1.042,-0.066,-0.817,-0.837,1.027,0.097,0.087,0.0,0.0,0.9194921113683714,-0.029548007631864215
9210387,0.907,4.412,0.973,-0.018,-0.758,-0.818,0.948,0.084,0.076,0.0,0.0,1.064589736834732,-0.045182275045896586
9654468,0.682,4.619,0.669,0.354,-0.799,-0.809,0.68,0.033,0.032,0.0,0.0,2.1689904335436596,0.017742363462230015
6343170,1.065,4.436,1.029,-0.019,-0.942,-0.963,1.003,0.094,0.084,0.0,0.0,1.0554722237385623,-0.042446808713502315
9845898,1.047,4.327,1.156,-0.177,-1.014,-1.059,1.137,0.094,0.085,0.0,0.0,0.7123038432827372,-0.029665287615637942
8570333,0.831,4.469,0.873,0.088,-0.728,-0.823,0.864,0.075,0.068,0.0,0.0,1.2884269380620332,-0.022059796347431132
5036705,1.323,4.15,1.591,-0.493,-1.345,-1.396,1.651,0.102,0.095,1.0,0.0,0.2939805678191381,0.03868137560087992
3354846,0.845,4.524,0.83,0.164,-0.772,-0.744,0.806,0.068,0.062,0.0,0.0,1.6138069577027647,-0.043851583534420285
6516185,0.851,4.379,0.979,-0.053,-0.836,-0.93,0.978,0.088,0.08,0.0,2.0,0.9097310036385906,-0.011912995721783615
5857540,0.766,4.57,0.75,0.255,-0.83,-0.835,0.734,0.057,0.052,0.0,0.0,1.937048924272271,-0.032140589884392334
9753154,1.624,3.839,2.524,-1.004,-1.982,-2.03,2.551,0.198,0.179,0.0,0.0,0.0978260795191259,0.005545350924213599
9837685,0.835,4.562,0.79,0.222,-0.792,-0.761,0.76,0.067,0.061,0.0,0.0,1.9021541040968069,-0.05724569864122794
11818607,0.983,4.205,1.29,-0.346,-1.201,-1.252,1.271,0.099,0.09,0.0,0.0,0.47875890628362655,-0.026116866170111164
8380709,1.162,4.173,1.442,-0.429,-1.12,-1.212,1.487,0.149,0.132,0.0,0.0,0.3534054335993566,0.022726777511550833
5436013,0.818,4.492,0.847,0.125,-0.798,-0.854,0.873,0.039,0.037,0.0,0.0,1.2294491543093462,0.035289427445386184
6846911,0.932,4.384,1.022,-0.066,-0.924,-0.971,0.993,0.077,0.07,0.0,0.0,0.9518492386580246,-0.04456816686783782
9851662,0.934,4.514,0.884,0.127,-1.068,-0.974,0.915,0.069,0.062,0.0,0.0,1.2192242555136366,0.040916405969251474
7212184,0.991,4.186,1.321,-0.378,-1.076,-1.152,1.369,0.098,0.09,0.0,0.0,0.38624539098315064,0.03513668991669461
2718778,0.988,4.229,1.249,-0.312,-0.9,-1.007,1.297,0.142,0.124,0.0,0.0,0.4528319030826355,0.03206298366461208
3122913,0.71,4.601,0.697,0.317,-0.769,-0.785,0.712,0.037,0.035,0.0,0.0,1.9670634453429867,0.02318163219149383
9229657,0.924,4.506,0.886,0.117,-0.854,-0.828,0.866,0.075,0.068,0.0,0.0,1.4227162604778898,-0.03611829516806685
7047207,1.244,4.019,1.799,-0.678,-1.489,-1.508,1.838,0.11,0.102,1.0,0.0,0.20034746847683646,0.02021614079547751
11179076,0.758,4.589,0.731,0.285,-0.81,-0.791,0.729,0.038,0.036,0.0,0.0,1.9565304921186035,-0.0064866206781297175
8631504,0.804,4.561,0.777,0.231,-0.92,-0.886,0.772,0.033,0.031,0.0,0.0,1.7474475442328528,-0.011404147741242793
8110767,0.881,4.521,0.85,0.15,-0.779,-0.736,0.821,0.073,0.066,0.0,0.0,1.5920123668966304,-0.051946437053725675
6767840,0.949,4.487,0.919,0.082,-0.925,-0.878,0.885,0.072,0.065,0.0,0.0,1.369103877149977,-0.05443640033381629
8379705,0.997,4.353,1.088,-0.128,-0.74,-0.813,1.115,0.123,0.108,0.0,0.0,0.7192345742624576,0.015129443840882745
8836888,0.975,4.377,1.053,-0.087,-0.89,-0.936,1.103,0.092,0.083,0.0,0.0,0.7265710313236942,0.05172192162203493
10059645,0.715,4.603,0.698,0.319,-0.842,-0.845,0.684,0.053,0.048,0.0,0.0,2.234280713353896,-0.030137736640731827
5942949,0.71,4.609,0.691,0.329,-0.819,-0.817,0.671,0.053,0.048,0.0,0.0,2.350124057256423,-0.04209078821209894
7879433,0.658,4.618,0.657,0.362,-0.894,-0.997,0.682,0.028,0.027,0.0,0.0,2.074305742477754,0.045127230355481274
9205907,0.924,4.253,1.179,-0.261,-0.966,-1.048,1.16,0.106,0.095,0.0,0.0,0.5919676903522081,-0.03329800353935136
9011825,1.295,4.055,1.759,-0.631,-1.671,-1.573,1.777,0.082,0.078,1.0,0.0,0.23078495048016046,0.005792514998633869
4172746,0.721,4.597,0.705,0.309,-0.85,-0.86,0.697,0.054,0.049,0.0,0.0,2.129300374240341,-0.019236930425400867
5174858,0.802,4.545,0.789,0.208,-0.812,-0.817,0.771,0.06,0.055,0.0,0.0,1.749891953444993,-0.03501123413129259
3728701,1.146,4.181,1.427,-0.416,-1.279,-1.315,1.438,0.116,0.105,0.0,0.0,0.3853966714679066,-0.0019079594907798203
12469800,0.816,4.474,0.861,0.099,-0.797,-0.909,0.894,0.048,0.045,0.0,0.0,1.1420302361909984,0.04132239763389196
8676148,0.834,4.575,0.778,0.241,-0.759,-0.753,0.719,0.065,0.059,0.0,0.0,2.2437753857189118,-0.10997937948909092
9696358,1.505,3.94,2.165,-0.835,-1.857,-1.884,2.188,0.099,0.094,1.0,0.0,0.14367941363591555,0.007605453054317479
8757824,1.128,4.294,1.244,-0.242,-1.127,-1.196,1.263,0.063,0.06,0.0,0.0,0.5598852779579278,0.009900952018668585
9832208,0.808,4.566,0.774,0.237,-0.837,-0.804,0.776,0.044,0.041,0.0,0.0,1.7291242317894797,-0.0008261970000208174
5350244,1.131,4.404,1.104,-0.08,-1.304,-1.244,1.12,0.049,0.047,0.0,0.0,0.8050234602769677,0.014191463085089673
5374403,0.861,4.509,0.854,0.138,-0.9,-0.836,0.866,0.038,0.036,0.0,2.0,1.32571287908167,0.01555052459838513
6605493,1.09,4.376,1.118,-0.112,-1.132,-1.116,1.129,0.049,0.047,0.0,0.0,0.7574337840146114,0.008655327834279969
4670217,0.737,4.606,0.706,0.316,-0.841,-0.81,0.696,0.054,0.049,0.0,0.0,2.1859477101850717,-0.023639769027365254
7259298,1.164,4.218,1.386,-0.364,-1.349,-1.324,1.404,0.065,0.061,0.0,0.0,0.4205829442637586,0.012148343067489686
8247770,1.061,4.432,1.035,-0.023,-1.121,-1.047,1.046,0.047,0.045,0.0,0.0,0.9270866564132686,0.00987966969242575
7501646,0.854,4.463,0.892,0.072,-0.746,-0.822,0.86,0.071,0.065,0.0,0.0,1.3426490749242206,-0.055962516958301914
12257999,1.405,4.281,1.418,-0.311,-1.545,-1.525,1.488,0.066,0.063,0.0,0.0,0.4264494224890192,0.05913246938848099
11771430,1.231,4.29,1.307,-0.266,-1.244,-1.336,1.34,0.06,0.057,0.0,2.0,0.5116154580184397,0.02505634216310665
5546691,1.522,3.85,2.389,-0.974,-1.569,-1.648,2.612,0.335,0.284,1.0,0.0,0.08540732792341664,0.09450486537455505
12156347,0.644,4.636,0.637,0.391,-0.652,-0.694,0.689,0.03,0.029,0.0,0.0,1.9689205945300046,0.09677179836306526
8004903,1.015,4.327,1.137,-0.171,-0.963,-1.028,1.134,0.094,0.085,0.0,0.0,0.6960282687705193,-0.01362687857856848
10068659,0.959,4.487,0.923,0.081,-0.96,-0.905,0.935,0.049,0.046,0.0,0.0,1.1732316614119485,0.011616225446889866
2443393,1.327,4.078,1.737,-0.603,-1.593,-1.629,1.758,0.081,0.077,1.0,0.0,0.2442386049335898,0.0091856893488238
9019191,0.724,4.61,0.697,0.326,-0.861,-0.842,0.681,0.051,0.047,0.0,0.0,2.2924360556229963,-0.03429723045879124
5807769,1.056,4.324,1.167,-0.183,-1.087,-1.14,1.207,0.058,0.055,0.0,0.0,0.6005402326858985,0.038457892094254265
8025596,0.989,4.354,1.084,-0.124,-0.792,-0.866,1.088,0.107,0.095,0.0,0.0,0.7679087310610877,-0.00930960551069597
9153570,0.851,4.499,0.855,0.126,-0.691,-0.703,0.84,0.077,0.069,0.0,0.0,1.4357925709966528,-0.031091701898942947
11337566,1.489,3.932,2.175,-0.846,-1.874,-1.922,2.227,0.097,0.092,1.0,0.0,0.13481370572915363,0.024265953349938307
1995519,0.903,4.433,0.948,0.014,-0.678,-0.719,0.965,0.096,0.086,0.0,0.0,1.0048605818537815,0.011894189717871866
4914566,1.279,4.025,1.811,-0.676,-1.664,-1.625,1.862,0.085,0.081,1.0,0.0,0.19812145763248495,0.027068485457317548
6933567,0.838,4.511,0.838,0.147,-0.782,-0.804,0.826,0.065,0.06,0.0,0.0,1.4869757180910945,-0.025303876669129866
11962284,0.752,4.581,0.733,0.276,-0.83,-0.814,0.712,0.054,0.049,0.0,0.0,2.0834249449266564,-0.042777859681073116
6842682,0.978,4.43,0.995,-0.009,-0.941,-0.918,0.991,0.078,0.071,0.0,0.0,1.0048885350973418,-0.011117891331775504
9664142,0.997,4.364,1.077,-0.112,-0.798,-0.854,1.099,0.108,0.096,0.0,0.0,0.7511074697307136,0.01229791895881599
10018233,0.982,4.462,0.962,0.038,-0.945,-0.9,0.982,0.053,0.05,0.0,0.0,1.0369958644604924,0.022222975573899385
8636539,1.197,4.335,1.227,-0.196,-1.09,-1.09,1.237,0.11,0.099,0.0,0.0,0.6323900840404314,0.0030149484809513794
9893318,0.837,4.561,0.792,0.22,-0.774,-0.733,0.751,0.064,0.058,0.0,0.0,1.9760851157323993,-0.07580564698075479
5342061,1.03,4.364,1.097,-0.119,-0.898,-0.925,1.142,0.102,0.091,0.0,0.0,0.6915744069255289,0.04116108702431545
8326342,0.976,4.424,1.0,-0.015,-0.988,-0.964,1.042,0.08,0.072,0.0,0.0,0.8626739040104585,0.04915333922382521
5369827,0.91,4.531,0.856,0.159,-1.096,-0.983,0.849,0.036,0.034,0.0,0.0,1.4870251767039782,-0.013318321589235654
4552729,0.707,4.61,0.689,0.331,-0.832,-0.848,0.686,0.052,0.047,0.0,0.0,2.1900148851625576,-0.009447066676644245
5128673,1.173,4.376,1.162,-0.13,-1.316,-1.228,1.196,0.053,0.051,0.0,0.0,0.6856531461960933,0.03389552684164676
9697131,1.478,4.045,1.904,-0.675,-1.716,-1.758,1.948,0.083,0.079,1.0,0.0,0.1999436318047425,0.024092423568983223
11098013,1.451,4.079,1.815,-0.621,-1.706,-1.753,1.832,0.08,0.076,1.0,0.0,0.23598858946410892,0.006108995557758901
3346154,1.037,4.39,1.071,-0.08,-0.995,-1.02,1.062,0.082,0.075,0.0,0.0,0.8657753291747929,-0.01740520615269006
4178606,1.338,4.307,1.341,-0.261,-1.412,-1.401,1.346,0.104,0.095,0.0,0.0,0.5486822788979285,-0.00032093376793018713
8415200,1.051,4.249,1.27,-0.294,-1.24,-1.259,1.316,0.059,0.055,0.0,0.0,0.46114239223410297,0.04216495180556795
7659389,0.777,4.572,0.754,0.254,-0.797,-0.778,0.735,0.059,0.054,0.0,0.0,1.9568566007549766,-0.037559001548329585
10842192,0.671,4.637,0.651,0.383,-0.781,-0.782,0.652,0.052,0.047,0.0,0.0,2.4209160682902975,-0.0009797329732315063
6586746,0.766,4.573,0.747,0.26,-0.851,-0.839,0.728,0.056,0.051,0.0,0.0,1.9853388068277575,-0.03783463169349238
3545135,0.931,4.436,0.964,0.013,-0.98,-0.982,0.975,0.041,0.039,0.0,0.0,1.0044673713312768,0.011064166114267747
6346809,0.821,4.543,0.802,0.199,-0.837,-0.77,0.788,0.06,0.055,0.0,0.0,1.6778939366333072,-0.025764504650774733
7769819,0.835,4.499,0.847,0.131,-0.744,-0.794,0.842,0.07,0.063,0.0,0.0,1.3987825345258729,-0.014750200984653572
12164564,1.018,4.239,1.255,-0.303,-0.966,-1.052,1.242,0.122,0.109,0.0,0.0,0.5313528208159992,-0.028382990479055792
10001368,1.045,4.341,1.139,-0.155,-1.09,-1.121,1.156,0.052,0.049,0.0,0.0,0.6764610388063521,0.014757211806457893
9466429,1.077,3.924,1.864,-0.786,-1.726,-1.785,1.816,0.085,0.08,1.0,0.0,0.1798324954178747,-0.040868170742782706
8885643,0.923,4.477,0.916,0.075,-0.944,-0.902,0.896,0.069,0.063,0.0,0.0,1.2831507201792547,-0.03327767203953645
11662184,1.021,4.267,1.224,-0.261,-1.125,-1.17,1.235,0.063,0.059,0.0,0.0,0.5420319282553585,0.0049751307001434375
5775129,0.972,4.281,1.176,-0.23,-1.078,-1.129,1.165,0.06,0.056,0.0,0.0,0.6147357762703294,-0.01868848884016122
9898447,0.962,4.432,0.985,-0.001,-0.989,-0.992,0.987,0.042,0.039,0.0,2.0,1.000515022908315,-0.0012236140289027479
11135308,1.039,4.274,1.226,-0.254,-1.205,-1.235,1.264,0.055,0.052,0.0,0.0,0.514486905447642,0.034625674281921315
7047824,0.736,4.585,0.723,0.286,-0.85,-0.873,0.713,0.055,0.05,0.0,0.0,2.030529132413914,-0.021609224781902248
2442448,1.107,4.263,1.28,-0.284,-1.204,-1.231,1.34,0.104,0.095,0.0,2.0,0.4600798635470453,0.05316677421570015
11283615,0.832,4.559,0.792,0.219,-0.805,-0.756,0.767,0.064,0.058,0.0,0.0,1.843899448590513,-0.046737234443781
11963206,0.925,4.499,0.895,0.106,-0.906,-0.86,0.891,0.048,0.045,0.0,0.0,1.3077014961848248,-0.010508620628408266
4249611,0.925,4.473,0.921,0.067,-0.867,-0.826,0.922,0.075,0.068,0.0,0.0,1.1801819538956675,-0.004948969578144544
8263545,1.077,4.297,1.211,-0.227,-1.044,-1.112,1.267,0.109,0.098,0.0,0.0,0.5295242559434046,0.04911414135234235
7428736,0.821,4.553,0.792,0.214,-0.884,-0.829,0.775,0.059,0.053,0.0,0.0,1.7637541539391088,-0.03243804960050983
6197215,1.185,4.201,1.424,-0.393,-1.403,-1.371,1.462,0.065,0.061,0.0,0.0,0.37920690120156325,0.028123767519402265
9244508,1.565,4.035,1.978,-0.701,-1.627,-1.682,2.097,0.107,0.101,0.0,0.0,0.16971453966604455,0.06928094951356434
9995402,0.832,4.576,0.778,0.245,-1.026,-0.914,0.773,0.033,0.031,0.0,0.0,1.80129500423799,-0.01058484453574915
5436338,0.686,4.623,0.668,0.358,-0.812,-0.816,0.696,0.054,0.049,0.0,0.0,2.0346813150433642,0.04950360312493446
10591855,0.65,4.587,0.676,0.318,-0.69,-0.877,0.627,0.028,0.026,0.0,0.0,2.6370036696096806,-0.10311073415070626
10064256,0.841,4.509,0.842,0.144,-0.836,-0.863,0.816,0.061,0.055,0.0,0.0,1.547838053425907,-0.04572551953632875
12602314,0.854,4.528,0.832,0.168,-0.865,-0.822,0.844,0.04,0.038,0.0,0.0,1.4204649789316102,0.015569469187960122
4547603,1.03,4.437,1.014,-0.009,-1.072,-1.003,1.037,0.047,0.045,0.0,0.0,0.9236362206088902,0.0254990444619506
5688910,0.975,4.442,0.979,0.009,-0.882,-0.86,0.972,0.082,0.075,0.0,2.0,1.0617097873726549,-0.01700582091971306
8884274,0.829,4.556,0.793,0.215,-0.765,-0.723,0.754,0.066,0.06,0.0,0.0,1.93392885340293,-0.07144049294095137
7019524,0.91,4.406,0.985,-0.028,-0.896,-0.94,0.954,0.073,0.066,0.0,0.0,1.0480844273791425,-0.04839626820880839
5209845,0.631,4.65,0.621,0.416,-0.57,-0.603,0.601,0.047,0.043,0.0,0.0,2.906738368178547,-0.04740594323591585
7463685,1.188,4.34,1.213,-0.186,-1.121,-1.097,1.264,0.108,0.098,0.0,0.0,0.5882679919844068,0.04442478119392396
6937402,1.087,3.91,1.89,-0.811,-1.444,-1.536,1.929,0.212,0.186,1.0,0.0,0.15143730112842108,0.008767138845358957
11129258,0.931,4.516,0.88,0.129,-0.883,-0.873,0.834,0.071,0.064,0.0,0.0,1.6049131262421013,-0.07645152906812652
4939533,0.995,4.429,1.003,-0.015,-0.82,-0.83,1.031,0.098,0.088,0.0,0.0,0.907918958671959,0.02695291510482406
6837283,1.455,3.951,2.104,-0.811,-1.855,-1.894,2.139,0.16,0.145,0.0,2.0,0.14867249837269755,0.01676936039265775
5613821,0.965,4.504,0.91,0.105,-1.158,-1.056,0.922,0.039,0.037,0.0,0.0,1.2312168491992637,0.014665449817095583
7090524,1.041,4.431,1.026,-0.02,-1.082,-1.028,1.047,0.047,0.044,0.0,0.0,0.9070070953387649,0.02238931552599081
9815053,0.811,4.572,0.77,0.244,-0.918,-0.835,0.76,0.057,0.052,0.0,0.0,1.8474814112844438,-0.02258007736878198
9838468,1.239,4.128,1.578,-0.511,-1.524,-1.559,1.596,0.072,0.069,1.0,0.0,0.3047703019585634,0.005027354668068473
8801316,1.47,4.01,1.978,-0.727,-1.737,-1.78,2.02,0.088,0.083,0.0,0.0,0.17834593968170465,0.021736773591695235
10471515,1.121,4.321,1.206,-0.2,-1.171,-1.202,1.21,0.054,0.051,0.0,0.0,0.6327752755902846,-0.001249501645622958
5980783,1.087,4.36,1.134,-0.137,-0.973,-0.996,1.216,0.113,0.102,0.0,0.0,0.6045452584537652,0.08157118072385383
8873090,1.317,3.886,2.171,-0.887,-1.789,-1.839,2.188,0.095,0.09,1.0,0.0,0.12573142043754204,0.013556178022395837
5450893,1.152,4.397,1.123,-0.094,-1.332,-1.278,1.145,0.05,0.048,0.0,0.0,0.7674251346220735,0.020963980940527163
6438099,0.868,4.527,0.838,0.162,-0.765,-0.723,0.936,0.083,0.075,0.0,2.0,1.0585032089524746,0.13730782103782385
9468551,0.984,4.397,1.032,-0.06,-0.806,-0.832,1.015,0.095,0.085,0.0,0.0,0.9410159218411688,-0.03359697168364652
8360640,0.956,4.524,0.885,0.137,-1.15,-1.053,0.874,0.065,0.059,0.0,0.0,1.43193595596338,-0.018923594372890956
7918652,1.367,4.124,1.673,-0.54,-1.57,-1.616,1.73,0.076,0.072,1.0,2.0,0.264015974608114,0.03836979481856384
6636320,0.849,4.557,0.802,0.21,-0.849,-0.796,0.798,0.065,0.059,0.0,0.0,1.6707020911239407,-0.012899016191764312
8509442,0.613,4.646,0.612,0.418,-0.471,-0.591,0.623,0.019,0.019,0.0,0.0,2.5351072340227834,0.014003665459093817
4175630,0.991,4.432,0.997,-0.01,-0.789,-0.803,1.005,0.1,0.089,0.0,0.0,0.9762824204760218,0.00042453078424754646
10190075,1.033,4.412,1.044,-0.046,-1.043,-1.011,1.053,0.049,0.046,0.0,0.0,0.8847390737929747,0.007184792036838923
9070666,1.296,4.091,1.691,-0.577,-1.604,-1.622,1.744,0.075,0.071,1.0,0.0,0.2443236792380711,0.03503444025507074
11565544,0.926,4.498,0.897,0.104,-0.963,-0.897,0.886,0.068,0.062,0.0,0.0,1.3314038885068236,-0.020309821020782062
7347246,0.972,4.361,1.065,-0.109,-0.765,-0.842,1.045,0.104,0.093,0.0,0.0,0.8517602991413719,-0.03931739358505622
11403530,1.12,4.137,1.496,-0.478,-1.47,-1.445,1.53,0.067,0.063,1.0,0.0,0.312711411760797,0.026856269782614794
12072872,0.853,4.467,0.891,0.078,-0.871,-0.895,0.895,0.038,0.036,0.0,0.0,1.1898163299501563,0.002520074780212933
9716391,0.816,4.521,0.816,0.167,-0.643,-0.663,0.805,0.082,0.073,0.0,0.0,1.5642368678265368,-0.02730251765025543
6929841,0.793,4.521,0.805,0.176,-0.842,-0.96,0.797,0.06,0.054,0.0,0.0,1.5663839451626718,-0.018898223129266756
11137180,0.842,4.394,0.959,-0.028,-0.962,-1.036,0.997,0.082,0.074,0.0,1.0,0.8496236963673439,0.0427733834353177
6949898,0.908,4.541,0.846,0.172,-0.934,-0.902,0.816,0.067,0.06,0.0,0.0,1.6711497651732745,-0.05101537225950176
2973386,0.624,4.633,0.628,0.395,-0.549,-0.649,0.647,0.019,0.019,0.0,0.0,2.3039430918967243,0.03252825232367723
6593150,0.91,4.08,1.419,-0.517,-1.042,-1.181,1.453,0.173,0.149,1.0,0.0,0.29665013439488214,0.010755450572971004
8051946,1.123,4.232,1.337,-0.336,-1.227,-1.313,1.393,0.064,0.061,1.0,0.0,0.41545731208174796,0.045473593010432634
5445681,0.963,4.042,1.541,-0.585,-1.488,-1.552,1.575,0.072,0.069,1.0,0.0,0.24648166144764785,0.023215387252323416
6357290,0.911,4.47,0.916,0.066,-0.771,-0.758,0.882,0.078,0.07,0.0,0.0,1.3277387233124371,-0.057112621577539074
5475042,0.929,4.455,0.942,0.04,-0.86,-0.841,0.955,0.077,0.07,0.0,0.0,1.0666098726569424,0.011994400757597154
12352520,0.505,4.729,0.507,0.584,-0.67,-0.695,0.507,0.015,0.015,0.0,0.0,3.8749624656172856,-0.004267500118653511
9650989,1.01,4.462,0.975,0.031,-0.972,-0.929,0.966,0.054,0.051,0.0,0.0,1.1204435852572416,-0.018389994536162614
7455981,0.969,3.976,1.67,-0.687,-1.66,-1.71,1.698,0.075,0.071,1.0,0.0,0.1979295873937026,0.016489280673036122
9605552,0.662,4.623,0.656,0.365,-0.677,-0.704,0.664,0.02,0.02,0.0,0.0,2.2612769265478225,0.010646248664352598
11518201,0.843,4.53,0.823,0.174,-0.814,-0.777,0.793,0.063,0.057,0.0,0.0,1.6904721203277169,-0.05400801267193084
3756264,0.988,4.201,1.297,-0.353,-1.129,-1.192,1.294,0.11,0.099,0.0,0.0,0.4559887369378933,-0.011954115589583258
11572193,1.578,3.811,2.558,-1.04,-1.992,-1.943,2.558,0.127,0.12,1.0,0.0,0.09427691840183211,-0.014405378445496275
11285870,1.025,4.332,1.137,-0.165,-1.01,-1.064,1.114,0.088,0.08,0.0,0.0,0.7414268216240717,-0.035068292878642715
9288237,1.617,3.877,2.411,-0.946,-1.944,-1.987,2.455,0.116,0.11,1.0,0.0,0.10928373525589354,0.015444469470560773
11714231,1.144,4.263,1.294,-0.291,-1.048,-1.125,1.294,0.115,0.103,0.0,0.0,0.5279869585596659,-0.013623195458960513
11720424,1.192,4.136,1.527,-0.493,-1.111,-1.237,1.537,0.163,0.144,0.0,0.0,0.32828773147714263,-0.009254652904982286
12416661,1.559,3.896,2.317,-0.91,-1.961,-1.969,2.323,0.106,0.101,1.0,0.0,0.1243650892265306,-0.004698485788135365
8751796,1.272,4.28,1.348,-0.29,-1.362,-1.368,1.402,0.061,0.058,0.0,0.0,0.4615758418125131,0.04575692957952443
9907129,1.304,3.786,2.398,-1.036,-1.797,-1.868,2.492,0.177,0.162,1.0,0.0,0.08426233261535761,0.038366522565494554
7609674,1.291,3.911,2.087,-0.846,-1.732,-1.779,2.097,0.096,0.092,1.0,0.0,0.14000093975007255,0.007869049129611283
6945786,0.736,4.562,0.741,0.252,-0.771,-0.843,0.751,0.059,0.054,0.0,2.0,1.737632789939123,0.012041996675006328
3752110,1.107,4.12,1.508,-0.502,-1.215,-1.273,1.457,0.14,0.125,0.0,0.0,0.3579059888972654,-0.05576896556875233
10908248,1.163,4.117,1.559,-0.518,-1.474,-1.434,1.588,0.076,0.072,1.0,0.0,0.29042113639861855,0.018971779544784018
7534267,1.101,4.137,1.484,-0.475,-1.388,-1.386,1.529,0.075,0.071,1.0,0.0,0.3080100326191605,0.03643513726520853
9579208,1.329,4.055,1.786,-0.636,-1.716,-1.726,1.826,0.076,0.072,1.0,0.0,0.21828438089668808,0.024977338652108494
5985713,1.158,4.404,1.117,-0.084,-1.383,-1.335,1.183,0.051,0.048,0.0,2.0,0.6994462168402853,0.0712456744923738
4262040,1.218,3.808,2.271,-0.987,-2.038,-2.059,2.335,0.101,0.096,1.0,0.0,0.09567239227903765,0.032213366409536426
3122872,1.36,4.128,1.662,-0.532,-1.551,-1.593,1.717,0.077,0.074,0.0,0.0,0.26867547347478044,0.038771977112532
10384298,0.869,4.542,0.827,0.185,-1.001,-0.883,0.82,0.034,0.032,0.0,0.0,1.5760798595493395,-0.012578219297516513
3109550,0.903,4.523,0.861,0.149,-1.011,-0.902,0.852,0.036,0.034,0.0,0.0,1.4600541599572086,-0.015368966013405483
9569711,0.992,4.49,0.937,0.077,-1.212,-1.103,0.941,0.039,0.037,0.0,0.0,1.1905367388590344,0.0012571981275920213
7902003,1.268,4.21,1.463,-0.396,-1.454,-1.359,1.48,0.066,0.063,0.0,0.0,0.39114168953467715,0.011665892639158237
6587796,1.059,4.462,1.0,0.022,-1.297,-1.219,0.992,0.042,0.04,0.0,0.0,1.0848281438815413,-0.013360943644948976
10917433,1.026,4.368,1.095,-0.112,-1.078,-1.09,1.115,0.048,0.045,0.0,0.0,0.7401551386091089,0.018677241376740997
4366323,0.939,4.381,1.026,-0.073,-0.765,-0.834,1.047,0.098,0.088,0.0,0.0,0.81813608311537,0.014174452770416068
12156174,1.001,4.461,0.973,0.033,-1.034,-0.976,0.99,0.047,0.045,0.0,0.0,1.0316407622804928,0.01947150631333114
12055539,0.955,4.495,0.914,0.094,-1.042,-0.967,0.886,0.068,0.061,0.0,0.0,1.37310012259613,-0.043702205922593995
8620402,0.962,4.492,0.92,0.087,-1.012,-0.951,0.881,0.069,0.062,0.0,0.0,1.4068485483855162,-0.06124734680166924
5280587,0.938,4.485,0.915,0.082,-0.89,-0.846,0.901,0.074,0.067,0.0,0.0,1.282414634617218,-0.026028465441875495
3120904,1.393,3.946,2.069,-0.811,-1.831,-1.748,2.112,0.096,0.09,1.0,2.0,0.14786635754280059,0.019130625161360437
3544640,0.996,4.386,1.051,-0.079,-0.789,-0.825,1.051,0.103,0.092,0.0,0.0,0.8579286880733411,-0.012451190338972157
11177676,0.864,4.507,0.856,0.134,-0.836,-0.813,0.859,0.041,0.039,0.0,0.0,1.3631205055686477,-0.0005342509851663513
12066569,0.569,4.675,0.571,0.478,-0.63,-0.716,0.578,0.017,0.017,0.0,0.0,2.9466513384177175,0.008671248866515935
8016691,0.621,4.642,0.62,0.409,-0.566,-0.637,0.599,0.045,0.041,0.0,0.0,2.8894230501020517,-0.05181113300864615
6584273,1.079,4.279,1.241,-0.255,-1.17,-1.209,1.262,0.057,0.054,0.0,0.0,0.5368381609887273,0.015156620041435864
5768816,0.872,4.559,0.812,0.209,-1.032,-0.938,0.818,0.036,0.034,0.0,2.0,1.593149655260685,0.006743426081401688
8151055,0.658,4.641,0.641,0.394,-0.795,-0.795,0.632,0.049,0.045,0.0,0.0,2.606601607580739,-0.022074658766800426
8301878,1.121,3.943,1.862,-0.768,-1.619,-1.702,1.87,0.098,0.091,1.0,0.0,0.17142761893154254,-0.002080792985476143
7510820,0.732,4.599,0.709,0.308,-0.82,-0.814,0.686,0.053,0.049,0.0,0.0,2.267455298357839,-0.04753873393813668
6880517,0.848,4.568,0.79,0.227,-0.758,-0.752,0.755,0.07,0.063,0.0,0.0,1.9704027155774217,-0.06755499736914908
6615511,0.94,4.235,1.212,-0.291,-0.946,-1.036,1.202,0.117,0.104,0.0,0.0,0.5412706153105852,-0.024414450599536508
6131130,0.784,4.568,0.76,0.246,-0.768,-0.737,0.744,0.061,0.055,0.0,0.0,1.9036945038086324,-0.03359725604680236
12253769,0.937,4.506,0.894,0.115,-1.037,-0.94,0.893,0.038,0.036,0.0,0.0,1.3157858577305461,-0.004185214222139022
8554701,0.822,4.387,0.958,-0.033,-0.97,-1.046,0.983,0.042,0.04,0.0,0.0,0.865388787751458,0.029788735956356505
9031209,0.858,4.552,0.811,0.202,-0.874,-0.804,0.801,0.065,0.059,0.0,0.0,1.6695127480928775,-0.020589739595992335
6690171,0.878,4.492,0.876,0.108,-0.748,-0.779,0.872,0.075,0.068,0.0,0.0,1.3241740146359657,-0.013945061108400922
4271474,0.862,4.518,0.844,0.15,-0.724,-0.695,0.838,0.077,0.069,0.0,2.0,1.4647894722324788,-0.01577520993388329
6955671,1.17,4.146,1.491,-0.473,-1.032,-1.174,1.527,0.178,0.155,1.0,0.0,0.3286009015084847,0.010331249423101874
3236705,0.887,4.56,0.817,0.207,-1.032,-0.993,0.817,0.038,0.036,0.0,0.0,1.6265126684716658,-0.0042574502344800425
11303322,1.175,4.17,1.46,-0.437,-1.238,-1.345,1.436,0.118,0.107,0.0,0.0,0.39680263447879704,-0.035574546888910485
8636333,1.14,4.361,1.161,-0.147,-0.984,-0.982,1.176,0.112,0.1,0.0,0.0,0.7009432955467346,0.00731711388388645
8081239,0.874,4.548,0.821,0.192,-0.86,-0.815,0.78,0.066,0.059,0.0,0.0,1.8417370488376403,-0.07322762456296178
7091432,0.853,4.371,0.994,-0.066,-1.076,-1.217,1.014,0.076,0.069,0.0,0.0,0.8181542037553328,0.02116483382442849
9221528,1.081,4.125,1.485,-0.489,-1.241,-1.289,1.477,0.133,0.12,0.0,0.0,0.3354935754310175,-0.014684208017461786
10935993,1.124,4.248,1.307,-0.311,-1.084,-1.141,1.314,0.116,0.104,0.0,0.0,0.49542762091075937,-0.005980215561756375
5257082,1.011,4.416,1.028,-0.038,-0.945,-0.924,1.03,0.085,0.077,0.0,0.0,0.9252082176060442,-0.004239481475484391
6779726,0.843,4.569,0.788,0.23,-0.785,-0.766,0.727,0.065,0.058,0.0,0.0,2.1939379578757303,-0.11122434204762885
9085563,1.199,4.283,1.295,-0.272,-1.012,-1.07,1.358,0.095,0.087,0.0,0.0,0.47876222126619195,0.047880126734600015
7748487,1.079,4.193,1.365,-0.386,-1.101,-1.18,1.347,0.126,0.113,0.0,0.0,0.44148774983830125,-0.030918657513953895
5710069,1.023,4.289,1.187,-0.229,-0.883,-0.968,1.228,0.121,0.108,0.0,0.0,0.552434169892263,0.028719466703286428
8409295,0.947,4.17,1.317,-0.39,-1.228,-1.298,1.337,0.069,0.065,0.0,0.0,0.39623766636988744,0.012044242782679682
7131760,0.842,4.566,0.791,0.227,-0.903,-0.851,0.774,0.062,0.056,0.0,0.0,1.8158886304202182,-0.032089209450971684
11922778,0.995,4.066,1.52,-0.557,-1.354,-1.44,1.491,0.122,0.111,0.0,0.0,0.30018580406121165,-0.03439015038674176
6025124,1.108,4.206,1.368,-0.371,-1.288,-1.303,1.347,0.105,0.095,0.0,0.0,0.4533535002973474,-0.027436973223454175
5780930,0.671,4.635,0.653,0.38,-0.894,-0.874,0.623,0.046,0.042,0.0,0.0,2.774970561222329,-0.06325838019148328
2849140,1.106,4.046,1.638,-0.611,-1.265,-1.356,1.732,0.168,0.149,1.0,0.0,0.21286853139726003,0.06088853607530398
5004909,1.313,4.096,1.692,-0.574,-1.541,-1.575,1.685,0.081,0.077,0.0,0.0,0.2744511219247803,-0.012465010467407
3745559,1.036,4.406,1.054,-0.057,-1.072,-1.024,1.013,0.077,0.07,0.0,0.0,0.9966241789778031,-0.05553141932837309
5900235,1.207,4.349,1.213,-0.177,-1.231,-1.211,1.265,0.102,0.093,0.0,0.0,0.5962600244518482,0.047564306438160814
9027909,1.156,4.262,1.311,-0.294,-1.234,-1.201,1.36,0.068,0.064,0.0,0.0,0.4595588235294117,0.0436588910261424
7697103,1.059,4.031,1.62,-0.622,-1.198,-1.325,1.797,0.194,0.17,1.0,0.0,0.18249531878440223,0.11674827121943643
8628665,1.02,4.47,0.97,0.042,-0.999,-0.986,0.963,0.055,0.052,0.0,0.0,1.142145177542756,-0.015721310388314064
6599975,1.096,4.387,1.108,-0.097,-1.216,-1.145,1.132,0.048,0.046,0.0,0.0,0.7555640286576946,0.024728726408407356
4282191,1.458,4.16,1.654,-0.497,-1.428,-1.465,1.75,0.143,0.129,0.0,2.0,0.2720466472303207,0.0683566220769275
7288306,0.834,4.346,1.008,-0.1,-0.903,-0.963,1.05,0.095,0.086,0.0,0.0,0.7204405571752509,0.042401846572075574
11860395,1.151,3.932,1.891,-0.789,-1.402,-1.515,1.975,0.188,0.165,1.0,0.0,0.14940805899736126,0.0366259762576453
6947668,0.83,4.561,0.788,0.222,-0.764,-0.734,0.739,0.065,0.059,0.0,0.0,2.056576065628702,-0.09114477719159672
9664276,1.375,3.996,1.93,-0.733,-1.566,-1.6,1.98,0.123,0.114,1.0,2.0,0.17713611989706265,0.018692872618311873
5294945,1.158,4.227,1.364,-0.352,-1.146,-1.269,1.393,0.118,0.107,0.0,2.0,0.4284056699827819,0.01614478988047313
9763612,0.851,4.542,0.817,0.191,-0.952,-0.86,0.81,0.034,0.032,0.0,0.0,1.6013066361082413,-0.01347450344863857
5213404,1.109,4.009,1.718,-0.666,-1.486,-1.589,1.819,0.092,0.087,1.0,2.0,0.18426101068022693,0.06856655104129061
9536108,0.94,4.33,1.093,-0.149,-1.026,-1.084,1.082,0.084,0.076,0.0,0.0,0.7420720448886514,-0.019446071288046624
8905246,0.769,4.598,0.728,0.296,-1.015,-0.891,0.725,0.031,0.029,0.0,0.0,2.0179589159047113,-0.008912320088449999
8812045,1.25,4.071,1.697,-0.6,-1.553,-1.508,1.794,0.093,0.088,1.0,0.0,0.2164924208885394,0.06455730311616348
7288444,1.076,3.957,1.786,-0.738,-1.471,-1.562,1.809,0.13,0.118,1.0,0.0,0.18175927040763984,0.0025034292490707655
10881457,1.142,4.243,1.324,-0.322,-1.036,-1.123,1.382,0.097,0.089,0.0,0.0,0.43265524683321294,0.04185802520470949
8121328,1.137,3.958,1.842,-0.748,-1.553,-1.674,1.943,0.153,0.138,1.0,2.0,0.1550036992191759,0.061657937111612826
7515679,1.556,4.064,1.911,-0.656,-1.702,-1.697,1.883,0.142,0.129,0.0,0.0,0.23305511151712774,-0.023458632603675755
2581554,0.747,4.601,0.716,0.306,-0.919,-0.866,0.696,0.03,0.029,0.0,0.0,2.215607787663838,-0.03949288298371256
3440118,0.952,4.5,0.908,0.102,-1.093,-1.0,0.899,0.038,0.036,0.0,0.0,1.3102611773195731,-0.015357873184787985
4147444,1.148,4.331,1.211,-0.192,-1.269,-1.205,1.207,0.051,0.048,0.0,0.0,0.6528600256850486,-0.006820077769906924
3728432,0.684,4.627,0.664,0.365,-0.818,-0.786,0.681,0.053,0.048,0.0,0.0,2.1657821298979694,0.02938523401823928
9761615,0.957,4.483,0.927,0.075,-1.024,-0.945,0.902,0.069,0.062,0.0,0.0,1.3040442398956955,-0.04029232515101833
5784777,0.775,4.579,0.747,0.266,-0.86,-0.821,0.738,0.057,0.051,0.0,0.0,1.9281135959544466,-0.019132617037185606
5895158,0.895,4.529,0.85,0.158,-0.954,-0.867,0.834,0.065,0.059,0.0,0.0,1.5428541868815044,-0.0303248834026959
7679812,1.299,4.235,1.438,-0.361,-1.399,-1.408,1.487,0.065,0.062,0.0,0.0,0.39507199504781776,0.042323754492834875
8036287,0.819,4.542,0.801,0.199,-0.871,-0.843,0.781,0.058,0.053,0.0,0.0,1.7192174086250271,-0.036330800128517415
7733731,1.325,3.978,1.944,-0.753,-1.764,-1.697,1.994,0.088,0.084,1.0,0.0,0.16712461367083295,0.023959583654084127
1718958,1.039,4.467,0.984,0.034,-1.251,-1.219,0.999,0.043,0.041,0.0,2.0,1.0421232444056068,0.016080917120769547
5530112,1.107,4.403,1.093,-0.077,-1.202,-1.13,1.116,0.052,0.049,0.0,0.0,0.7964436189403459,0.021844962925957168
6226908,0.906,4.509,0.874,0.126,-0.924,-0.846,0.885,0.071,0.065,0.0,0.0,1.307068611905036,0.009701614416663285
5906694,0.715,4.604,0.697,0.321,-0.889,-0.888,0.712,0.053,0.048,0.0,0.0,1.9809160048172332,0.024133939109488467
4850961,1.134,4.38,1.134,-0.116,-1.065,-1.054,1.125,0.097,0.088,0.0,0.0,0.7964444444444444,-0.017155487214743886
8951205,0.821,4.566,0.78,0.233,-0.876,-0.807,0.769,0.059,0.054,0.0,0.0,1.805361337805208,-0.023564137715147565
6140059,1.528,3.875,2.347,-0.939,-1.913,-1.891,2.343,0.12,0.113,1.0,0.0,0.11879727763664098,-0.01380648844878285
9272070,1.134,4.118,1.529,-0.511,-1.219,-1.28,1.533,0.15,0.133,0.0,0.0,0.314765112043527,-0.008986589993762228
5088400,0.918,4.514,0.877,0.129,-0.901,-0.838,0.862,0.046,0.043,0.0,0.0,1.4332464796375144,-0.027320883727104034
11970988,0.835,4.563,0.791,0.226,-1.002,-0.881,0.785,0.033,0.031,0.0,0.0,1.7261459166958877,-0.011077505247844371
9956082,1.082,4.41,1.069,-0.061,-1.047,-1.008,1.058,0.09,0.081,0.0,0.0,0.9136298022974684,-0.021770257673049687
11465651,1.242,4.249,1.371,-0.33,-1.162,-1.263,1.378,0.112,0.102,0.0,0.0,0.47465050046705465,-0.006373943125740467
7610663,0.99,4.446,0.983,0.014,-1.024,-0.995,0.971,0.042,0.04,0.0,0.0,1.0813779377760302,-0.019977504873535362
4078311,0.875,4.342,1.037,-0.115,-0.908,-1.007,1.031,0.087,0.079,0.0,2.0,0.7984211948120242,-0.01723205717176371
7838675,0.964,4.463,0.952,0.043,-0.969,-0.911,0.96,0.075,0.068,0.0,0.0,1.0895905671296298,0.0057366652158744105
5197233,1.234,4.302,1.295,-0.251,-1.249,-1.179,1.286,0.102,0.093,0.0,0.0,0.58021941110818,-0.014592253932613014
6879171,1.005,4.374,1.074,-0.097,-1.048,-1.085,1.054,0.045,0.043,0.0,0.0,0.8583101120450488,-0.030644229126924216
5644412,0.746,4.603,0.713,0.309,-0.852,-0.813,0.695,0.054,0.049,0.0,2.0,2.2222065006242513,-0.03778441370232721
9072639,1.116,3.916,1.919,-0.808,-1.769,-1.814,1.933,0.088,0.084,1.0,0.0,0.15451428355561123,0.0030313674840989346
10593535,1.159,4.331,1.216,-0.194,-1.223,-1.179,1.246,0.056,0.053,0.0,0.0,0.5991413711730029,0.028470691005856363
9183378,1.145,4.344,1.188,-0.169,-1.211,-1.163,1.248,0.056,0.053,0.0,0.0,0.5890629807165495,0.060838269363308745
9491832,1.428,4.047,1.865,-0.664,-1.651,-1.669,1.958,0.096,0.091,1.0,2.0,0.19023487835767477,0.0567098549612014
11509504,0.991,4.26,1.213,-0.267,-1.017,-1.081,1.202,0.105,0.095,0.0,0.0,0.5706374252902021,-0.02336025148511328
10794974,1.243,4.221,1.428,-0.373,-1.406,-1.373,1.44,0.064,0.06,0.0,0.0,0.4162781850137175,0.007616347644104127
9285568,1.001,4.454,0.979,0.021,-0.945,-0.92,0.966,0.082,0.074,0.0,0.0,1.1104594344975236,-0.024502698232838665
10407482,0.726,4.603,0.704,0.315,-0.862,-0.848,0.685,0.052,0.047,0.0,0.0,2.2587330483212527,-0.03886490622281685
7901016,1.299,3.735,2.55,-1.112,-2.146,-2.144,2.575,0.117,0.111,1.0,0.0,0.07608121699198425,0.00672254905860159
6223324,1.191,4.277,1.303,-0.281,-1.06,-1.079,1.385,0.131,0.117,0.0,2.0,0.4482934993725632,0.06743755871862456
6026924,1.599,3.859,2.448,-0.97,-1.958,-1.983,2.475,0.121,0.114,1.0,0.0,0.1054685205282083,0.0068771460625279834
7596240,1.073,4.273,1.244,-0.264,-1.108,-1.161,1.207,0.097,0.088,0.0,0.0,0.610208020522698,-0.049477911673903335
8507475,0.769,4.603,0.723,0.302,-0.746,-0.739,0.677,0.059,0.053,0.0,0.0,2.4783368463462705,-0.09216033374599808
6290935,1.126,4.149,1.474,-0.46,-1.41,-1.44,1.494,0.069,0.065,0.0,0.0,0.33766542844094316,0.011513401922812527
11612280,1.122,4.212,1.367,-0.364,-1.308,-1.34,1.403,0.065,0.062,0.0,0.0,0.4062747613174069,0.02718015616493713
10722485,1.014,4.157,1.387,-0.425,-1.314,-1.365,1.435,0.067,0.063,1.0,0.0,0.34314861613433856,0.03951774821271631
9286088,1.255,4.32,1.281,-0.227,-1.384,-1.332,1.296,0.056,0.053,0.0,0.0,0.5765390407872181,0.012171278786666684
10140274,0.697,4.625,0.672,0.356,-0.778,-0.781,0.654,0.052,0.047,0.0,2.0,2.491721692604452,-0.04049953312520754
8573193,1.201,4.151,1.514,-0.472,-1.311,-1.387,1.551,0.128,0.116,0.0,0.0,0.32189009567308285,0.020292386037908727
6792908,1.416,4.012,1.937,-0.716,-1.729,-1.784,1.932,0.146,0.132,0.0,0.0,0.19635496494112056,-0.009041887115326608
9509343,0.881,4.337,1.049,-0.124,-1.05,-1.149,1.069,0.051,0.049,0.0,0.0,0.7211785363099424,0.01795720721428609
3244792,1.261,4.157,1.536,-0.471,-1.285,-1.326,1.608,0.14,0.127,1.0,0.0,0.30328920544181387,0.04714304666421587
10669994,0.983,4.461,0.963,0.037,-0.992,-0.941,0.949,0.048,0.045,0.0,0.0,1.1501510508117558,-0.023754880550257658
9776794,0.816,4.456,0.876,0.072,-0.757,-0.789,0.993,0.101,0.089,0.0,0.0,0.8333787325589571,0.1511575867322824
7427764,0.831,4.535,0.813,0.184,-0.803,-0.773,0.794,0.063,0.058,0.0,0.0,1.6601201330851383,-0.03613951650282213
9702006,0.74,4.584,0.725,0.284,-0.856,-0.872,0.714,0.054,0.049,0.0,0.0,2.0329986226379386,-0.024137084402453046
10991114,0.914,4.517,0.872,0.136,-1.026,-0.92,0.89,0.039,0.037,0.0,0.0,1.2965109104088264,0.02322382420090699
4945764,1.991,4.032,2.231,-0.759,-1.637,-1.715,2.471,0.137,0.129,0.0,0.0,0.1319632563754511,0.12054697617882859
8480582,0.75,4.608,0.71,0.315,-0.745,-0.729,0.673,0.058,0.052,0.0,0.0,2.4604586497664953,-0.0760160707197694
6359926,1.05,4.056,1.58,-0.583,-1.327,-1.426,1.569,0.132,0.12,1.0,0.0,0.2718444484194317,-0.017320468309128034
8324518,1.055,4.411,1.056,-0.055,-1.008,-0.977,1.119,0.093,0.084,0.0,0.0,0.7529431733254224,0.06823779995133866
5802637,0.835,4.486,0.86,0.111,-0.721,-0.788,0.838,0.072,0.065,0.0,0.0,1.4189085954920182,-0.04095441959277253
7703882,1.005,4.425,1.013,-0.024,-0.843,-0.853,1.031,0.1,0.089,0.0,0.0,0.9170437723269534,0.013609934094041917
10745365,1.051,4.404,1.062,-0.063,-1.047,-1.006,1.077,0.085,0.077,0.0,2.0,0.8413091380798048,0.012044393865702469
5308537,1.168,4.334,1.214,-0.192,-1.21,-1.254,1.239,0.054,0.052,0.0,2.0,0.6140856143305571,0.019771076351809774
6350882,0.982,4.396,1.033,-0.061,-0.809,-0.837,1.026,0.095,0.085,0.0,0.0,0.9092208901376954,-0.01966940545955722
5281113,1.028,4.383,1.078,-0.09,-1.099,-1.081,1.095,0.047,0.045,0.0,0.0,0.7829801592027922,0.01624924286915448
5126182,0.986,4.441,0.986,0.006,-0.961,-0.934,0.999,0.079,0.072,0.0,0.0,0.9889639258748107,0.01081954973673571
5780855,1.305,4.186,1.52,-0.438,-1.376,-1.461,1.548,0.072,0.069,0.0,2.0,0.3518014641773136,0.015702357366321695
10329196,0.903,3.776,2.031,-0.971,-1.896,-1.923,2.064,0.089,0.084,1.0,0.0,0.10269721621296796,0.017441328552015523
10604592,0.718,4.597,0.704,0.309,-0.855,-0.881,0.696,0.052,0.047,0.0,0.0,2.129593562975416,-0.019296725410614113
10120548,0.772,4.556,0.764,0.233,-0.766,-0.796,0.758,0.063,0.057,0.0,0.0,1.77259566730962,-0.015609683439575528
3557560,1.274,4.043,1.758,-0.645,-1.375,-1.413,1.841,0.14,0.127,1.0,0.0,0.20417758489941534,0.044991937512712465
11357664,0.64,4.637,0.633,0.396,-0.787,-0.522,0.617,0.046,0.042,0.0,0.0,2.7247363267334874,-0.03932448188416221
8636600,0.79,4.569,0.762,0.248,-0.896,-0.84,0.753,0.056,0.051,0.0,0.0,1.8503000590618122,-0.019242162688339726
7778427,1.22,4.352,1.218,-0.174,-1.378,-1.302,1.242,0.055,0.052,0.0,0.0,0.6367882528443212,0.022004956846935958
9898017,1.11,4.293,1.234,-0.24,-1.034,-1.115,1.222,0.104,0.094,0.0,0.0,0.6082881569592653,-0.024109361067051194
8098212,0.799,4.564,0.771,0.238,-0.901,-0.84,0.759,0.033,0.031,0.0,0.0,1.8273487968985953,-0.02382145162755034
6186182,0.874,4.441,0.926,0.034,-0.753,-0.809,0.884,0.075,0.068,0.0,0.0,1.2651867575467204,-0.0681546375951838
12645057,1.107,4.084,1.578,-0.557,-1.287,-1.319,1.626,0.151,0.135,1.0,0.0,0.2575051962036348,0.0322140028954252
10937749,1.031,4.435,1.017,-0.014,-1.056,-0.997,1.014,0.08,0.072,0.0,0.0,0.98888274803253,-0.00914480029156501
10907132,0.982,4.41,1.016,-0.04,-0.802,-0.82,1.012,0.095,0.085,0.0,0.0,0.9474797794307211,-0.016569950275608755
8493354,1.202,4.328,1.242,-0.207,-1.295,-1.283,1.283,0.056,0.053,0.0,0.0,0.5691470622962764,0.037775501458064686
4545570,0.852,4.463,0.891,0.073,-0.742,-0.816,0.893,0.075,0.068,0.0,0.0,1.1964242804550962,-0.004885218101060809
11350118,0.676,4.624,0.662,0.363,-0.829,-0.847,0.677,0.052,0.047,0.0,0.0,2.1786160053707135,0.024819310113797066
9216775,0.929,4.518,0.88,0.133,-1.01,-0.929,0.874,0.041,0.038,0.0,0.0,1.3914942500941214,-0.010481416090432683
9031703,1.203,3.922,1.974,-0.812,-1.72,-1.831,2.055,0.097,0.092,1.0,0.0,0.13862135787830157,0.04616985129641926
12647577,1.057,4.444,1.02,-0.005,-1.164,-1.094,1.024,0.046,0.044,0.0,0.0,0.9844079613685607,0.0018248826120096373
3223433,1.125,4.095,1.575,-0.544,-1.408,-1.404,1.603,0.086,0.08,1.0,0.0,0.2731190262497699,0.019648044615053206
11769689,1.154,3.963,1.843,-0.743,-1.508,-1.628,1.829,0.151,0.136,1.0,0.0,0.18860999015055585,-0.01856469239046199
10257229,1.226,4.154,1.529,-0.472,-1.456,-1.477,1.57,0.071,0.068,1.0,0.0,0.31680462483071237,0.027208487045304985
2572029,1.147,4.371,1.155,-0.131,-1.276,-1.171,1.187,0.051,0.049,0.0,0.0,0.685821760928713,0.03278873896250603
5687700,1.071,4.188,1.366,-0.391,-1.05,-1.138,1.395,0.141,0.125,0.0,0.0,0.39451802288453175,0.012933151996993464
8806985,1.35,3.963,1.998,-0.78,-1.761,-1.722,2.038,0.096,0.091,1.0,0.0,0.15948550925484303,0.017278770516216513
5389956,1.044,4.171,1.382,-0.411,-1.182,-1.236,1.398,0.122,0.11,0.0,0.0,0.3821017127880564,0.006821015562744337
11153476,1.329,4.293,1.362,-0.282,-1.43,-1.376,1.391,0.062,0.059,0.0,0.0,0.4937914785561867,0.02445640903340729
6144039,1.024,4.488,0.954,0.068,-1.154,-1.118,0.969,0.045,0.043,0.0,0.0,1.1254562712654017,0.016671374512483933
8430053,1.262,4.194,1.481,-0.417,-1.462,-1.364,1.49,0.069,0.066,0.0,0.0,0.3815052771369813,0.0014994503287065752
12458605,1.402,3.934,2.103,-0.832,-1.8,-1.745,2.131,0.1,0.095,1.0,0.0,0.14487640624835282,0.00700233551196594
10220837,0.873,4.548,0.822,0.193,-1.032,-0.89,0.822,0.035,0.033,0.0,0.0,1.5718054528750691,-0.0033987910854186287
7583650,1.225,4.274,1.334,-0.291,-1.343,-1.24,1.359,0.06,0.057,0.0,0.0,0.48806506040646397,0.020522281496931583
9701962,1.114,4.216,1.36,-0.359,-1.363,-1.351,1.394,0.061,0.058,0.0,0.0,0.4112414384368482,0.026903130448261647
3539231,1.221,4.056,1.71,-0.621,-1.427,-1.452,1.733,0.104,0.096,1.0,0.0,0.2345956612752114,0.00868002419686853
6070337,1.345,3.845,2.277,-0.958,-1.508,-1.605,2.601,0.327,0.28,1.0,0.0,0.07643657657858742,0.1586987722491915
5954001,1.226,4.099,1.626,-0.553,-1.53,-1.51,1.631,0.074,0.07,1.0,0.0,0.282571649670146,-0.0041285870615689335
9457728,1.326,4.021,1.855,-0.687,-1.79,-1.788,1.883,0.079,0.075,1.0,0.0,0.1986060911771924,0.015007435981239992
11655826,0.883,4.55,0.825,0.192,-0.93,-0.884,0.787,0.062,0.057,0.0,0.0,1.8114923590421428,-0.06603650650037485
1721157,0.787,4.597,0.739,0.288,-0.953,-0.889,0.71,0.054,0.049,0.0,0.0,2.1988706689651902,-0.05419968620183885
4750669,0.913,4.461,0.926,0.052,-0.791,-0.782,0.931,0.08,0.072,0.0,0.0,1.1314144851819157,-0.0016217345902709845
2558163,1.017,4.238,1.259,-0.304,-1.027,-1.104,1.295,0.117,0.105,0.0,2.0,0.4682865105339427,0.02548835232906732
7515336,1.218,3.929,1.973,-0.805,-1.805,-1.887,1.989,0.088,0.083,1.0,0.0,0.15479001378692156,0.005257061076450187
6839010,1.106,4.342,1.171,-0.167,-1.184,-1.21,1.197,0.051,0.048,0.0,0.0,0.6448707456382075,0.023527324250552595
4587135,0.992,4.446,0.983,0.012,-0.929,-0.902,1.003,0.084,0.077,0.0,0.0,0.9831253013602383,0.019391126907075545
5819801,1.222,3.941,1.95,-0.788,-1.651,-1.858,1.956,0.087,0.082,1.0,0.0,0.163291904589653,-0.0009646545517876248
9773980,1.143,4.394,1.122,-0.097,-1.189,-1.135,1.15,0.057,0.054,0.0,0.0,0.7515410536697626,0.02704729066555321
9457948,1.051,4.269,1.237,-0.264,-1.111,-1.167,1.227,0.098,0.089,0.0,0.0,0.568943352932035,-0.019069027847229386
10663738,1.203,4.335,1.232,-0.197,-1.231,-1.169,1.217,0.096,0.087,0.0,0.0,0.6674118181843959,-0.02139389264964975
7891294,1.171,4.336,1.213,-0.188,-1.277,-1.248,1.232,0.053,0.051,0.0,2.0,0.6262168821859537,0.015275228412856806
2303903,0.858,4.535,0.825,0.176,-0.718,-0.706,0.815,0.078,0.07,0.0,0.0,1.5849459689055956,-0.024014461628775713
9278216,0.988,4.396,1.037,-0.061,-0.86,-0.879,1.067,0.095,0.085,0.0,2.0,0.8133241843362945,0.028736313685781514
8355131,0.967,4.004,1.603,-0.644,-1.348,-1.426,1.615,0.157,0.139,1.0,0.0,0.2295667014567841,-0.004908894081636528
12554634,0.849,4.496,0.857,0.123,-0.782,-0.81,0.852,0.068,0.061,0.0,0.0,1.372741951056113,-0.014588905943852343
6264750,1.363,3.966,1.995,-0.776,-1.679,-1.684,2.039,0.112,0.105,1.0,0.0,0.16078449965522096,0.017755821499746527
8752940,0.762,4.586,0.735,0.28,-0.907,-0.858,0.713,0.053,0.048,0.0,0.0,2.102259781113319,-0.04268638178400391
11338056,0.752,4.586,0.729,0.283,-0.857,-0.841,0.728,0.032,0.03,0.0,0.0,1.9490532411677202,-0.006823702652530739
8047428,1.336,4.299,1.352,-0.273,-1.248,-1.24,1.42,0.09,0.084,0.0,0.0,0.4665964443674546,0.0580585750096424
10291589,1.008,4.21,1.297,-0.346,-1.083,-1.15,1.291,0.117,0.105,0.0,0.0,0.46847002228096885,-0.016681805310245656
8349399,1.245,4.008,1.834,-0.696,-1.598,-1.599,1.881,0.091,0.086,1.0,0.0,0.1870694910919688,0.031997035219381464
10615440,1.209,4.278,1.32,-0.282,-1.384,-1.237,1.331,0.058,0.055,0.0,0.0,0.5127340206123344,0.00810786556325338
3849187,0.932,4.503,0.894,0.11,-0.894,-0.837,0.877,0.072,0.066,0.0,0.0,1.381710736476388,-0.03041713225585986
6358937,1.159,3.85,2.105,-0.914,-1.862,-1.875,2.116,0.11,0.103,1.0,0.0,0.12233097745641934,-0.0015364458741514708
4473613,0.928,4.507,0.889,0.118,-0.972,-0.895,0.885,0.043,0.04,0.0,0.0,1.3388075848210526,-0.008718164125385758
8811490,1.131,3.859,2.062,-0.895,-1.865,-1.882,2.059,0.098,0.092,1.0,0.0,0.1295667499507339,-0.007493565071361119
9459162,1.432,4.163,1.633,-0.489,-1.474,-1.526,1.647,0.124,0.113,0.0,0.0,0.3205252299752689,0.005137779537426335
9969287,1.199,4.239,1.358,-0.336,-1.045,-1.143,1.417,0.133,0.119,0.0,0.0,0.42141465297825037,0.0392903676435325
5651846,0.944,4.505,0.896,0.111,-0.929,-0.903,0.907,0.076,0.069,0.0,0.0,1.2651736351704534,0.008849866882216853
10584140,1.115,4.135,1.495,-0.479,-1.434,-1.414,1.522,0.068,0.064,1.0,0.0,0.3162502737252481,0.020969089919482653
8233326,1.214,3.704,2.548,-1.141,-2.074,-1.976,2.508,0.109,0.103,1.0,0.0,0.07695486670447481,-0.027236090263202284
5645170,0.898,4.529,0.853,0.156,-0.913,-0.878,0.872,0.07,0.064,0.0,0.0,1.354337431825851,0.024273118130397286
9110610,1.198,4.212,1.416,-0.381,-1.354,-1.349,1.461,0.067,0.063,0.0,0.0,0.38415471702834697,0.034493829749597804
6665860,1.167,4.172,1.457,-0.432,-1.386,-1.406,1.481,0.069,0.066,1.0,0.0,0.359257365228753,0.012594319518255348
2976017,0.793,4.519,0.808,0.171,-0.79,-0.841,0.808,0.06,0.055,0.0,0.0,1.503277318958246,-0.0060391049938452734
6786224,0.95,4.467,0.941,0.054,-0.991,-0.946,0.945,0.041,0.039,0.0,0.0,1.1257142916390979,0.002571820238941043
8360041,0.851,4.542,0.817,0.191,-0.962,-0.875,0.817,0.035,0.033,0.0,0.0,1.5604986255573703,-0.0022633904873414767
2860656,1.032,4.221,1.295,-0.334,-1.068,-1.143,1.328,0.12,0.108,0.0,0.0,0.4406415763212524,0.021914527804803574
7094944,0.717,4.613,0.691,0.333,-0.798,-0.795,0.678,0.053,0.048,0.0,0.0,2.3005415108940164,-0.028830074066609923
6425597,0.969,4.363,1.065,-0.107,-0.836,-0.901,1.092,0.097,0.088,0.0,0.0,0.7441420767106068,0.021344138055390108
7345248,1.18,3.778,2.311,-1.028,-2.044,-2.079,2.356,0.107,0.101,1.0,0.0,0.09023107862356182,0.016643851039066737
9581589,1.146,4.329,1.211,-0.195,-1.202,-1.134,1.203,0.092,0.084,0.0,0.0,0.6582452526658806,-0.013387735611836843
9935642,0.823,4.572,0.776,0.241,-0.893,-0.814,0.75,0.058,0.053,0.0,0.0,1.9508148148148148,-0.0492160450371697
6691169,1.182,4.27,1.3,-0.289,-0.869,-0.926,1.314,0.165,0.143,0.0,0.0,0.520992391384802,-0.005831380873950576
10586744,1.297,3.752,2.494,-1.085,-2.059,-2.084,2.554,0.127,0.12,1.0,0.0,0.0778533486500575,0.023722702698109277
11970050,0.895,4.532,0.848,0.161,-0.826,-0.801,0.795,0.07,0.063,0.0,0.0,1.7812367604477866,-0.08972164934650098
6424561,1.161,4.112,1.557,-0.523,-1.305,-1.329,1.574,0.145,0.13,0.0,0.0,0.2977268727134666,0.0031819643305633916
8803757,0.915,4.538,0.852,0.167,-0.992,-0.952,0.84,0.042,0.039,0.0,0.0,1.5437722708130874,-0.02158323588080338
12071754,1.069,4.342,1.149,-0.159,-1.087,-1.129,1.18,0.054,0.051,0.0,0.0,0.6506264028941615,0.027668316709598156
2310993,1.235,4.145,1.534,-0.486,-1.077,-1.202,1.579,0.172,0.151,0.0,0.0,0.3137043692581221,0.01747943242919814
3101178,1.724,3.82,2.655,-1.045,-1.983,-2.05,2.795,0.221,0.2,1.0,0.0,0.07895721562554367,0.05760817517863237
3340165,1.258,4.195,1.475,-0.414,-1.362,-1.363,1.473,0.071,0.067,0.0,0.0,0.3936156890673001,-0.009072400581357276
3355104,0.955,4.456,0.952,0.035,-0.808,-0.795,0.943,0.087,0.078,0.0,0.0,1.1388546342416477,-0.021468293371761288
3425363,0.792,4.495,0.829,0.137,-0.954,-1.023,0.917,0.073,0.066,0.0,1.0,1.027110513264203,0.12538282542056978
3646449,1.135,4.059,1.636,-0.599,-1.231,-1.306,1.699,0.144,0.129,1.0,0.0,0.2314279055343155,0.03658427507799533
3647097,0.958,4.512,0.898,0.119,-1.086,-1.012,0.871,0.066,0.06,0.0,0.0,1.4498098434403468,-0.042311044055554775
4135912,1.13,4.16,1.456,-0.443,-1.335,-1.36,1.457,0.074,0.07,0.0,0.0,0.3653421566882655,-0.005699788173449238
4918303,0.975,4.437,0.984,0.001,-0.848,-0.838,0.958,0.084,0.076,0.0,0.0,1.108940100847263,-0.04390808846290358
5283728,1.098,3.901,1.905,-0.827,-1.271,-1.419,2.058,0.313,0.256,1.0,0.0,0.12596973879765777,0.07273377116516921
5551240,1.344,4.219,1.485,-0.393,-1.334,-1.364,1.521,0.12,0.109,0.0,0.0,0.38195449606084586,0.02498837344118865
5697395,0.765,4.575,0.745,0.263,-0.866,-0.859,0.74,0.033,0.031,0.0,0.0,1.8878447475963913,-0.012966275960689055
6045404,1.036,4.135,1.443,-0.468,-1.134,-1.29,1.438,0.161,0.141,0.0,0.0,0.3484039717633083,-0.010083097268622943
6203955,1.014,4.439,1.002,-0.003,-1.034,-0.977,0.972,0.076,0.069,0.0,0.0,1.1041781788675613,-0.04603916021849351
6350031,1.3,4.193,1.503,-0.425,-1.373,-1.315,1.55,0.08,0.075,1.0,0.0,0.34909872109026213,0.032051742204037725
6442735,1.126,4.395,1.112,-0.092,-1.205,-1.155,1.124,0.05,0.048,0.0,0.0,0.7929384121833917,0.008760543183799582
6511182,0.861,4.457,0.902,0.062,-0.76,-0.83,0.885,0.073,0.066,0.0,0.0,1.2421479854859119,-0.03217333936017844
6543192,0.976,4.516,0.902,0.12,-1.164,-1.096,0.917,0.041,0.039,0.0,0.0,1.2657321476589167,0.01765818934337153
6634112,0.897,4.268,1.146,-0.231,-1.122,-1.214,1.181,0.09,0.081,1.0,0.0,0.5445562541335394,0.03295724979645234
7130612,0.608,4.653,0.604,0.43,-0.444,-0.566,0.614,0.021,0.021,0.0,0.0,2.6266273727819818,0.010601534150768088
7204233,0.77,4.56,0.76,0.24,-0.873,-0.91,0.758,0.057,0.052,0.0,0.0,1.7680034505549318,-0.0074831082763212875
7625138,1.326,4.261,1.41,-0.327,-1.448,-1.422,1.439,0.061,0.058,0.0,0.0,0.44500115916593425,0.024638857741061226
7662502,1.227,4.287,1.313,-0.272,-1.281,-1.35,1.307,0.098,0.088,0.0,0.0,0.5495633977910033,-0.012017799985371447
7672215,1.367,4.113,1.695,-0.557,-1.549,-1.599,1.648,0.126,0.114,0.0,0.0,0.30541959187885,-0.041896892484531545
7836096,0.774,4.544,0.775,0.215,-0.759,-0.818,0.783,0.066,0.059,0.0,0.0,1.6123364586975737,0.0075443254909376145
8007174,0.742,4.594,0.719,0.297,-0.796,-0.789,0.694,0.055,0.05,0.0,0.0,2.2198595311182787,-0.04932549391446245
8009811,1.647,3.646,3.185,-1.292,-2.15,-2.236,3.246,0.15,0.142,1.0,0.0,0.04815573908319974,0.025351947300884747
8037038,0.979,4.381,1.049,-0.082,-0.84,-0.883,1.047,0.092,0.083,0.0,0.0,0.8529874604578779,-0.012942646766610888
8125917,0.883,4.559,0.816,0.207,-1.04,-0.981,0.821,0.063,0.057,0.0,0.0,1.5956264698861802,0.004068767780753629
8223445,0.974,4.362,1.065,-0.109,-0.735,-0.813,1.051,0.111,0.098,0.0,0.0,0.8389784560074641,-0.03275080879388896
8279146,1.464,4.17,1.646,-0.488,-1.516,-1.61,1.689,0.071,0.067,0.0,0.0,0.3038450237261029,0.02934787199065303
8378278,1.011,4.305,1.162,-0.203,-0.939,-1.015,1.16,0.102,0.092,0.0,0.0,0.6477049079503056,-0.014377187910245698
8395870,1.346,4.013,1.884,-0.702,-1.743,-1.717,1.94,0.085,0.081,1.0,0.0,0.18434861116741705,0.03236012990272008
8396288,0.887,4.541,0.832,0.176,-0.452,-0.628,0.864,0.113,0.099,0.0,0.0,1.3752523394236145,0.03761760760495342
8745553,1.308,4.018,1.846,-0.689,-1.727,-1.673,1.92,0.085,0.08,1.0,0.0,0.18480088975694448,0.04429594212240029
9018021,1.176,3.402,3.556,-1.59,-2.234,-2.269,3.535,0.292,0.264,2.0,0.0,0.0266219012003011,-0.015239067341364931
9073549,0.989,4.484,0.942,0.068,-0.951,-0.912,0.941,0.054,0.051,0.0,0.0,1.186936325334259,-0.006427421315408702
9839030,1.23,4.115,1.593,-0.529,-1.416,-1.473,1.587,0.128,0.117,0.0,0.0,0.30773318458982307,-0.017174331174853452
9881660,0.679,4.628,0.662,0.367,-0.816,-0.817,0.639,0.05,0.045,0.0,0.0,2.602358950621404,-0.048367199805301186
9910043,1.16,4.325,1.218,-0.203,-0.994,-1.0,1.281,0.124,0.11,0.0,0.0,0.551836725483913,0.05518940000714029
9993683,0.863,4.341,1.035,-0.113,-1.157,-1.252,1.061,0.048,0.045,0.0,1.0,0.7225445739903608,0.028135355988812352
10525077,0.98,4.28,1.179,-0.234,-0.994,-1.06,1.156,0.099,0.09,0.0,0.0,0.6343845148614595,-0.03635257343896425
10855545,1.021,4.097,1.482,-0.517,-1.15,-1.229,1.475,0.153,0.135,0.0,0.0,0.31816300595484437,-0.019649681144364717
10933306,1.174,4.194,1.423,-0.4,-1.261,-1.255,1.421,0.119,0.108,0.0,0.0,0.40915311612680866,-0.01188586312918638
11080702,0.939,4.527,0.874,0.145,-1.114,-1.028,0.885,0.039,0.037,0.0,0.0,1.3546770712790606,0.013164219827365431
11198419,0.62,4.626,0.629,0.388,-0.544,-0.72,0.628,0.018,0.018,0.0,0.0,2.503299186825062,-0.010512758286665425
11407847,1.111,3.786,2.207,-1.004,-1.608,-1.702,2.209,0.259,0.223,1.0,2.0,0.10306872681270285,-0.017126911326562744
11446961,0.83,4.515,0.831,0.156,-0.848,-0.892,0.789,0.059,0.053,0.0,0.0,1.689845823740175,-0.0718470827478129
11456256,1.33,4.052,1.79,-0.642,-1.623,-1.663,1.785,0.136,0.124,0.0,0.0,0.23384978751208294,-0.010936979622449883
11520114,0.73,4.603,0.705,0.314,-0.76,-0.761,0.691,0.056,0.051,0.0,0.0,2.2125277070980416,-0.03088871799786075
11520465,1.298,4.055,1.76,-0.631,-1.592,-1.629,1.768,0.137,0.125,0.0,0.0,0.23487019612351873,-0.0018279104331875295
11601633,0.817,4.537,0.804,0.192,-0.858,-0.857,0.793,0.034,0.032,0.0,0.0,1.638334190163398,-0.022402494579603943
11811382,0.88,4.51,0.861,0.136,-0.914,-0.875,0.846,0.063,0.057,0.0,0.0,1.4533545782063113,-0.02637158303309803
11905398,0.754,4.609,0.712,0.315,-0.769,-0.759,0.665,0.055,0.05,0.0,0.0,2.5639314522384877,-0.09390640996046018
11923213,1.029,4.375,1.086,-0.1,-1.06,-1.059,1.118,0.051,0.049,0.0,0.0,0.7363596186075659,0.03291003588878072
11959893,1.515,3.716,2.837,-1.176,-2.009,-2.056,2.816,0.224,0.203,0.0,0.0,0.06784450551068129,-0.007514681428099967
12105086,0.984,4.449,0.977,0.019,-1.027,-0.995,0.975,0.041,0.039,0.0,0.0,1.0616497243716179,-0.006981251335731069
9418619,2.128,4.242,1.819,-0.458,-1.495,-1.517,1.896,0.142,0.129,0.0,0.0,0.31221705622716506,0.047543375383131636
11404644,1.086,3.997,1.713,-0.679,-1.354,-1.478,1.688,0.158,0.141,1.0,0.0,0.22579405256436313,-0.03271249838391954
3545840,1.779,3.786,2.817,-1.104,-2.127,-2.192,2.975,0.133,0.126,1.0,0.0,0.06756395093875414,0.06628496210978008
8374077,0.994,4.382,1.055,-0.084,-0.818,-0.856,1.045,0.097,0.087,0.0,0.0,0.8710388244305799,-0.02403751305609498
8653134,0.79,4.521,0.805,0.176,-0.865,-1.0,0.8,0.06,0.054,0.0,0.0,1.5429687499999998,-0.01235713031461061
8822421,0.838,4.502,0.846,0.134,-0.729,-0.76,0.84,0.072,0.065,0.0,0.0,1.4138591944714396,-0.016406160444631585
9153823,0.745,4.57,0.739,0.263,-0.843,-0.906,0.769,0.059,0.053,0.0,0.0,1.6382389727952253,0.04862274665600033
10200627,1.08,3.357,3.581,-1.642,-2.148,-2.261,3.738,0.4,0.351,2.0,0.0,0.020677873034443586,0.04249413564149007
10989274,1.066,4.147,1.439,-0.452,-1.315,-1.342,1.437,0.114,0.103,0.0,0.0,0.3592418302003973,-0.0073869002878764745
11856178,1.068,4.409,1.067,-0.059,-1.174,-1.095,1.062,0.079,0.072,0.0,0.0,0.8916567517441456,-0.009197702456186771
2449245,1.017,4.411,1.035,-0.046,-0.898,-0.886,1.016,0.089,0.081,0.0,0.0,0.9697054335053551,-0.0326398290790432
2834463,1.074,4.299,1.209,-0.224,-1.121,-1.174,1.207,0.093,0.084,0.0,0.0,0.6107767139248627,-0.009882471071489068
2994092,1.247,4.213,1.423,-0.389,-0.872,-0.968,1.492,0.21,0.176,0.0,0.0,0.3754568083929747,0.03644001593140728
3356193,0.928,4.48,0.914,0.076,-0.767,-0.741,0.913,0.087,0.078,0.0,0.0,1.219370386589174,-0.010135643615965181
3547178,1.403,4.128,1.685,-0.538,-1.502,-1.554,1.73,0.132,0.12,0.0,0.0,0.27096884592186093,0.029080638358026323
3663494,1.009,4.28,1.197,-0.24,-1.034,-1.082,1.197,0.101,0.092,0.0,0.0,0.5883133655957967,-0.009608715017678349
3733638,1.044,3.89,1.911,-0.831,-1.779,-1.838,1.945,0.146,0.133,1.0,0.0,0.14188669793349803,0.01705831831893634
3854496,1.029,4.419,1.031,-0.038,-0.791,-0.792,1.0,0.111,0.098,0.0,0.0,1.029,-0.050415374762432894
4760959,0.95,4.39,1.022,-0.062,-0.765,-0.825,1.053,0.101,0.09,0.0,0.0,0.8136516167505575,0.02756150826761175
5353938,0.59,4.651,0.599,0.433,-0.721,-0.788,0.597,0.017,0.017,0.0,0.0,2.772866866065873,-0.009929018254036914
5456979,0.966,4.327,1.106,-0.16,-0.834,-0.925,1.122,0.105,0.094,0.0,0.0,0.6839093727817015,0.0050014443449346024
5466109,1.099,4.341,1.164,-0.167,-0.981,-1.005,1.17,0.102,0.093,0.0,0.0,0.6861832415196432,-0.0034401071850057308
5597361,1.197,4.188,1.449,-0.414,-1.316,-1.325,1.483,0.118,0.107,0.0,0.0,0.3670039151901021,0.021329302678735507
5702770,1.092,4.086,1.562,-0.549,-1.322,-1.354,1.588,0.138,0.124,1.0,0.0,0.2726912131962953,0.015328855904513938
5706592,1.138,4.391,1.122,-0.101,-1.076,-1.058,1.079,0.064,0.06,0.0,0.0,0.905895136401773,-0.05807792801032035
5966732,1.575,3.819,2.508,-1.03,-1.487,-1.628,2.776,0.435,0.354,0.0,0.0,0.07362446852912923,0.10297782722283255
6045093,0.898,4.505,0.875,0.123,-0.898,-0.839,0.883,0.042,0.04,0.0,0.0,1.3043502505086721,0.00760577406540143
6128245,0.953,4.484,0.924,0.077,-0.978,-0.911,0.91,0.071,0.064,0.0,0.0,1.2646452689925698,-0.024968723675045518
6187508,0.851,4.468,0.887,0.08,-0.8,-0.879,0.883,0.069,0.062,0.0,0.0,1.2360824757047661,-0.01204744935188208
6265961,1.086,4.427,1.053,-0.035,-1.192,-1.107,1.073,0.048,0.045,0.0,0.0,0.8790845742960544,0.020969340645025022
6307000,0.789,4.527,0.798,0.186,-0.789,-0.871,0.811,0.065,0.059,0.0,0.0,1.479157570308479,0.015985559424047807
6551106,1.097,4.352,1.148,-0.151,-0.953,-1.006,1.165,0.109,0.097,0.0,0.0,0.6937913030540651,0.007771148511402259
6584278,1.36,4.031,1.853,-0.677,-1.647,-1.684,1.944,0.092,0.087,1.0,0.0,0.18511862959318087,0.05554987340054973
6603765,0.795,4.559,0.774,0.23,-0.834,-0.809,0.766,0.059,0.054,0.0,0.0,1.7688085129643296,-0.017680819758658484
6664842,1.014,4.335,1.13,-0.159,-1.077,-1.14,1.156,0.053,0.05,0.0,0.0,0.6563937735403265,0.023835547256213452
6670610,0.649,4.63,0.645,0.38,-0.647,-0.663,0.66,0.05,0.045,0.0,0.0,2.2574227119681662,0.026387109825236843
6842345,1.026,4.361,1.098,-0.122,-0.852,-0.898,1.099,0.103,0.092,0.0,0.0,0.7729551293317073,-0.010154283505325754
6859546,0.748,4.594,0.721,0.296,-0.862,-0.835,0.705,0.054,0.049,0.0,0.0,2.1346872044694303,-0.03333424689026532
6864706,1.003,3.77,2.151,-1.004,-1.815,-1.822,2.155,0.127,0.118,1.0,0.0,0.10022108716872695,-0.004959109530166983
6867219,0.915,4.53,0.858,0.154,-0.851,-0.865,0.826,0.072,0.065,0.0,2.0,1.6236071384884865,-0.056480952105301685
7447895,0.881,4.418,0.956,-0.003,-0.86,-0.941,0.955,0.073,0.067,0.0,0.0,1.0114997823581982,-0.007965793660808917
7592922,0.816,4.557,0.786,0.221,-0.84,-0.788,0.776,0.061,0.055,0.0,0.0,1.7462442736883852,-0.021104994979295716
7602351,1.021,4.391,1.062,-0.076,-0.966,-0.972,1.07,0.056,0.053,0.0,0.0,0.8334401323055597,0.0031255909687187833
7816935,1.04,4.374,1.093,-0.106,-0.986,-0.992,1.072,0.087,0.079,0.0,0.0,0.8442070666937088,-0.032448983228526615
7902204,0.975,4.292,1.151,-0.214,-0.767,-0.891,1.192,0.136,0.118,0.0,0.0,0.5756729849825376,0.02582415051411599
8007675,1.364,4.225,1.488,-0.388,-1.427,-1.473,1.516,0.113,0.102,0.0,0.0,0.3914864783371635,0.019283233567644054
8016692,1.248,4.171,1.51,-0.45,-1.495,-1.457,1.514,0.112,0.102,0.0,0.0,0.35961430563504115,-0.005836959854243373
8042644,1.308,4.076,1.716,-0.601,-1.339,-1.402,1.776,0.167,0.149,1.0,0.0,0.23349568523965894,0.030721140339498243
8091197,1.058,4.403,1.069,-0.067,-1.129,-1.074,1.056,0.079,0.072,0.0,0.0,0.8984500001739154,-0.02049391310578657
8098960,0.9,4.526,0.855,0.152,-0.872,-0.827,0.849,0.071,0.064,0.0,0.0,1.4706842406962422,-0.015519438707466915
8167504,1.051,4.465,0.992,0.028,-1.172,-1.112,0.999,0.046,0.043,0.0,0.0,1.054159316525787,0.005093748649704754
8180290,1.1,4.271,1.266,-0.274,-1.147,-1.208,1.27,0.098,0.089,0.0,0.0,0.5370089480336441,-0.003981522290354422
8443812,0.89,4.292,1.11,-0.193,-1.045,-1.131,1.122,0.09,0.081,0.0,0.0,0.6301028382771371,0.00758856411551509
8613446,0.967,4.453,0.963,0.027,-0.808,-0.791,0.931,0.088,0.078,0.0,0.0,1.1983327570327629,-0.05157743113897373
8624860,1.112,4.211,1.364,-0.364,-1.346,-1.356,1.487,0.067,0.063,1.0,0.0,0.33819865934809346,0.10682811831982403
8686442,0.908,4.507,0.878,0.123,-0.925,-0.856,0.881,0.043,0.041,0.0,0.0,1.3278778398482836,-0.00015812328494139993
8807057,1.221,4.206,1.438,-0.392,-1.408,-1.323,1.414,0.107,0.097,0.0,0.0,0.431884318738941,-0.027367435562240805
8881169,1.242,4.308,1.287,-0.243,-1.232,-1.203,1.314,0.104,0.095,0.0,0.0,0.5474387056682946,0.018664499830724546
9025739,0.97,4.506,0.91,0.106,-1.029,-1.004,0.887,0.071,0.064,0.0,0.0,1.3899554309071547,-0.03700087477106566
9099773,1.274,3.911,2.069,-0.844,-1.617,-1.7,2.136,0.125,0.116,1.0,0.0,0.13072711681622143,0.03963431707022491
9221627,1.43,3.868,2.277,-0.936,-1.512,-1.607,2.341,0.287,0.246,0.0,0.0,0.11146327425093373,0.01686820362481134
9340411,1.145,3.595,2.816,-1.295,-2.071,-2.043,2.775,0.207,0.188,1.0,0.0,0.05358170442173365,-0.024016524299821596
9588862,1.137,4.252,1.31,-0.305,-1.172,-1.189,1.301,0.106,0.097,0.0,0.0,0.5163314453178292,-0.01792857500297612
9639106,0.779,4.582,0.747,0.267,-0.819,-0.782,0.714,0.057,0.052,0.0,0.0,2.14014314464183,-0.0634428223440413
9651602,0.832,4.528,0.819,0.174,-0.773,-0.759,0.797,0.065,0.059,0.0,0.0,1.6434192211542784,-0.04174836210238683
9837013,1.167,3.988,1.8,-0.705,-1.586,-1.676,1.84,0.097,0.091,1.0,0.0,0.18733433673050054,0.02238261298323929
9909965,1.108,4.375,1.129,-0.119,-1.157,-1.103,1.133,0.088,0.079,0.0,0.0,0.7618158967417737,-0.0008500308022192232
9959093,1.221,3.979,1.876,-0.732,-1.61,-1.686,1.907,0.086,0.082,1.0,0.0,0.17606117049004957,0.02233641519313445
10264293,0.788,4.535,0.789,0.199,-0.8,-0.886,0.798,0.063,0.057,0.0,0.0,1.5506634249772266,0.008482456562633023
10396708,0.743,4.591,0.721,0.294,-0.897,-0.878,0.71,0.053,0.048,0.0,0.0,2.0759350788324475,-0.023213767603349533
10450504,0.748,4.575,0.736,0.269,-0.8,-0.822,0.725,0.058,0.053,0.0,0.0,1.9628521054573784,-0.023887578151480293
10659624,1.218,4.272,1.326,-0.289,-1.344,-1.306,1.356,0.059,0.056,0.0,0.0,0.4885041074387922,0.022131780296277215
10665228,0.817,4.525,0.814,0.172,-0.65,-0.66,0.811,0.082,0.073,0.0,0.0,1.5316498541724044,-0.0131594938989473
10751908,0.895,4.315,1.082,-0.162,-0.887,-0.976,1.1,0.098,0.088,0.0,0.0,0.672426746806912,0.010355020158763245
10815677,0.975,4.463,0.955,0.04,-0.797,-0.794,0.946,0.093,0.083,0.0,0.0,1.1516783598913278,-0.02133120649315859
10848097,0.884,4.501,0.872,0.12,-0.871,-0.825,0.885,0.042,0.04,0.0,0.0,1.2753296389890199,0.01437754708040323
10866969,1.406,3.635,2.955,-1.28,-1.95,-1.977,3.042,0.275,0.242,1.0,0.0,0.04994680259128992,0.02149230846713346
11019739,0.805,4.539,0.795,0.199,-0.799,-0.807,0.786,0.062,0.056,0.0,0.0,1.657785139414664,-0.020528242249644807
11068630,0.918,4.288,1.128,-0.209,-0.871,-1.019,1.117,0.107,0.095,0.0,0.0,0.658693172420609,-0.027683161854415245
11182260,0.833,4.484,0.862,0.108,-0.856,-0.983,0.886,0.067,0.061,0.0,0.0,1.1976883791859438,0.029656164254364695
11411639,0.845,4.482,0.868,0.103,-0.708,-0.764,0.864,0.075,0.068,0.0,0.0,1.3101332884024286,-0.014315481513012526
11602794,0.811,4.593,0.752,0.275,-0.853,-0.81,0.714,0.059,0.053,0.0,0.0,2.2280565985937413,-0.07292621888263295
11854636,0.92,4.44,0.952,0.021,-0.831,-0.839,0.944,0.077,0.07,0.0,0.0,1.0936335993456003,-0.017871844451348453
3965201,1.948,3.791,2.917,-1.116,-1.949,-2.024,2.944,0.254,0.229,0.0,2.0,0.07634410981997926,0.0012244644537868776
5271090,1.192,3.665,2.628,-1.203,-1.732,-1.807,2.695,0.359,0.302,1.0,0.0,0.06089756769201137,0.012400053164054903
6876575,1.62,4.223,1.627,-0.429,-1.491,-1.541,1.628,0.069,0.066,0.0,2.0,0.37544974429591915,-0.0035518128830837603
8444868,1.756,3.743,2.926,-1.166,-2.018,-2.074,3.046,0.276,0.247,0.0,0.0,0.06213478709591774,0.04066518542998754
2302997,0.617,4.623,0.631,0.382,-0.711,-0.809,0.633,0.018,0.018,0.0,0.0,2.432618661117678,-0.004074033981176339
2577353,1.02,4.357,1.103,-0.125,-1.008,-1.031,1.106,0.086,0.078,0.0,0.0,0.7539365377142087,-0.002334790855879107
2834805,1.036,4.428,1.027,-0.023,-1.185,-1.09,1.016,0.076,0.068,0.0,0.0,0.9878218575334788,-0.017678631565512866
3762750,1.106,4.356,1.146,-0.147,-0.894,-0.968,1.149,0.117,0.104,0.0,0.0,0.7291133343912597,-0.009795040903823937
3848083,1.057,4.075,1.539,-0.557,-1.069,-1.165,1.628,0.212,0.18,1.0,0.0,0.24496937019801635,0.05388821435212088
3852872,0.743,4.588,0.724,0.288,-0.911,-0.909,0.706,0.052,0.047,0.0,0.0,2.1114203869931782,-0.03657471060516415
3934657,0.979,4.503,0.916,0.1,-1.162,-1.093,0.912,0.068,0.062,0.0,0.0,1.2906193639878396,-0.010798176817889249
4048898,1.13,4.358,1.162,-0.147,-1.229,-1.188,1.185,0.05,0.048,0.0,0.0,0.6790838347774004,0.021076607554948418
4054784,0.887,4.525,0.851,0.154,-0.97,-0.859,0.855,0.064,0.058,0.0,0.0,1.4191401122872618,0.001974724352791446
4073017,0.866,4.508,0.856,0.135,-0.85,-0.818,0.852,0.065,0.059,0.0,0.0,1.4002291279323837,-0.011199107717246276
4252671,1.124,3.861,2.052,-0.891,-1.88,-1.905,2.146,0.098,0.093,1.0,0.0,0.11373055496187444,0.053122841656754405
4384909,0.843,4.503,0.848,0.134,-0.739,-0.762,0.837,0.071,0.064,0.0,0.0,1.4376434851975495,-0.023651200644962372
4742452,1.176,4.158,1.477,-0.456,-1.18,-1.309,1.545,0.138,0.125,0.0,0.0,0.3188760270812787,0.04037812954244063
4762283,0.697,4.612,0.682,0.338,-0.875,-0.884,0.735,0.055,0.05,0.0,0.0,1.7553784436630868,0.09362923915457536
5091479,1.119,4.302,1.224,-0.227,-0.987,-1.032,1.253,0.114,0.102,0.0,0.0,0.568822639874284,0.01802312645409987
5877292,1.057,4.376,1.099,-0.107,-0.968,-0.964,1.087,0.092,0.084,0.0,0.0,0.8229744551150562,-0.022386355048542667
6231721,0.922,4.519,0.871,0.136,-0.792,-0.84,0.92,0.078,0.071,0.0,0.0,1.1840429029341661,0.06263256098303649
6277410,0.889,4.47,0.904,0.073,-0.786,-0.792,0.885,0.073,0.066,0.0,0.0,1.282543041924478,-0.03507194887673737
6451368,1.402,4.273,1.429,-0.323,-1.422,-1.402,1.466,0.113,0.102,0.0,0.0,0.4449857491187308,0.028653897284687535
6887030,0.854,4.565,0.797,0.222,-0.975,-0.887,0.796,0.061,0.055,0.0,0.0,1.693240577270839,-0.006718667475997808
7287028,0.941,4.467,0.935,0.057,-0.975,-0.93,0.92,0.07,0.063,0.0,0.0,1.2084429193720718,-0.025226141390591032
7366501,0.987,4.463,0.963,0.038,-0.936,-0.903,0.941,0.078,0.071,0.0,0.0,1.1845360496510757,-0.03554828238786611
7834712,0.94,4.283,1.145,-0.22,-0.817,-0.905,1.157,0.125,0.11,0.0,0.0,0.6069148678894218,-0.003127776744449917
8107150,1.416,3.71,2.739,-1.168,-1.98,-2.142,2.837,0.226,0.205,1.0,0.0,0.062013357585868144,0.039514754033806776
8182107,0.926,4.499,0.895,0.107,-0.992,-0.902,0.879,0.067,0.061,0.0,0.0,1.3634661532389099,-0.027644361460618702
8364232,0.672,4.628,0.658,0.37,-0.855,-0.863,0.663,0.05,0.045,0.0,0.0,2.3058374467569007,0.007171312160494159
8540376,1.145,4.337,1.199,-0.184,-1.178,-1.157,1.184,0.091,0.083,0.0,0.0,0.6898431870397609,-0.022750379515203978
9099607,1.296,3.882,2.168,-0.89,-1.825,-1.924,2.194,0.173,0.157,1.0,0.0,0.12271428797519368,0.021104868181502368
9390228,0.887,4.533,0.841,0.166,-0.803,-0.778,0.802,0.071,0.064,0.0,0.0,1.719493407078444,-0.06940051497923577
9604563,0.97,4.472,0.945,0.056,-0.962,-0.913,0.961,0.076,0.069,0.0,0.0,1.0929532133399682,0.017398428739391188
10128825,1.072,4.157,1.425,-0.438,-1.287,-1.308,1.405,0.115,0.104,0.0,0.0,0.38651451924034214,-0.02516581263345513
10160922,0.975,4.435,0.986,-0.001,-0.833,-0.835,1.007,0.091,0.082,0.0,0.0,0.954808340523685,0.019083795962317122
10403228,0.578,4.652,0.593,0.44,-0.883,-0.865,0.589,0.017,0.017,0.0,0.0,2.82866784783288,-0.011581954059224131
10536241,0.915,3.974,1.621,-0.677,-1.509,-1.574,1.574,0.131,0.119,1.0,0.0,0.234642625781931,-0.04740690999731101
10862759,1.524,4.063,1.891,-0.653,-1.612,-1.654,1.891,0.148,0.133,0.0,0.0,0.22537740830118597,-0.005910380468462595
10920281,0.649,4.591,0.673,0.324,-0.704,-0.92,0.681,0.019,0.019,0.0,0.0,2.0549599448885703,0.011196638937986336
11032748,0.801,4.552,0.783,0.218,-0.776,-0.731,0.752,0.058,0.053,0.0,0.0,1.8835579845024706,-0.05697899430931094
11139682,1.154,4.258,1.307,-0.299,-1.009,-1.07,1.307,0.125,0.112,0.0,0.0,0.5168672869199818,-0.01237904607807977
11358305,1.248,4.273,1.343,-0.295,-1.313,-1.35,1.332,0.1,0.091,0.0,0.0,0.5280826642729084,-0.017701910843558266
11392362,1.102,4.238,1.31,-0.321,-1.134,-1.183,1.296,0.109,0.099,0.0,0.0,0.5062518111135573,-0.025366589912042714
11453349,1.179,3.899,2.003,-0.846,-1.624,-1.737,1.987,0.172,0.155,1.0,0.0,0.1502865807734209,-0.022920203765643632
11904835,1.138,3.893,1.955,-0.847,-1.256,-1.422,2.122,0.343,0.276,1.0,0.0,0.11909845382401948,0.07709387663691325
12602999,1.448,4.199,1.579,-0.438,-1.472,-1.493,1.62,0.122,0.11,0.0,0.0,0.3405834325917646,0.029776481766764784
6507334,1.194,3.735,2.433,-1.094,-1.886,-1.959,2.336,0.217,0.194,1.0,0.0,0.09366682762257178,-0.06558581147226472
10515564,0.872,4.472,0.894,0.08,-0.822,-0.858,0.886,0.068,0.062,0.0,0.0,1.2537626250301837,-0.018215319271414912
11446424,1.012,3.863,1.921,-0.868,-1.375,-1.493,1.98,0.266,0.223,1.0,0.0,0.1303721842442381,0.01681505828081309
9159288,1.241,4.263,1.352,-0.31,-1.196,-1.27,1.342,0.106,0.096,0.0,0.0,0.5134690061716938,-0.02051423399980995
