kepid,gaia_dr3_source_id,ra_deg,dec_deg,parallax_mas,z_galcen_kpc,r_galcen_kpc,phi_galcen_rad,vr_infer_kms,vphi_infer_kms,vz_infer_kms,vr_calc_kms,vphi_calc_kms,vz_calc_kms,p_thick_published,disk_published,has_measured_velocity,vr_used_kms,vphi_used_kms,vz_used_kms,V_phi,V_perp,V_phi_astropy,V_perp_astropy,V_phi_geom,V_perp_geom,disk,disk_inventory,disk_published_inventory,p_thick_published_inventory,vperp_published,label_agrees_current,label_agrees_inventory
757450,2050231848829944320,291.1376,36.5773,1.2313,0.1541,7.8439,3.0486,17.934,-235.4519,-26.0,0.0,0.0,0.0,0.0704,thin,False,17.934,-235.4519,-26.0,236.1,26.30589287593181,-235.4113338554899,31.885951332508203,235.4579129474644,31.5401526696415,thin,thin,thin,0.0704,31.585255357524023,True,True
1432789,2051748659478657152,291.4994,37.0593,0.563,0.3042,7.5435,2.9367,-1.0711,-230.7452,-28.0,0.0,0.0,0.0,0.0554,thin,False,-1.0711,-230.7452,-28.0,225.7,55.569775957799216,-230.7439974475567,28.030298641326592,230.7476681273914,28.000065245838996,thin,thin,thin,0.0554,28.02047921092714,True,True
1717722,2051027792165858304,290.6179,37.2891,1.6898,0.1253,7.9229,3.074,4.5665,-215.5836,43.0,15.5039,-179.4828,36.07,0.6952,thick,True,15.5039,-179.4828,36.07,180.12,36.22523153825245,-179.46348344192057,39.34895056912568,179.49211703617655,39.21813001497536,thick,thick,thick,0.6952,39.26086875261423,True,True
1718189,2051030231707057024,290.7287,37.2527,1.5931,0.1308,7.9106,3.0697,14.003,-236.3045,-22.0,0.0,0.0,0.0,0.0538,thin,False,14.003,-236.3045,-22.0,236.7,22.20360331117452,-236.2868947348351,26.23725169618465,236.31442688054025,25.988105897156206,thin,thin,thin,0.0538,26.078420370106777,True,True
1721157,2051768072730903552,291.4573,37.2069,1.6676,0.1201,7.9224,3.073,20.4942,-225.3252,16.0,24.1096,-212.2967,13.63,0.0738,thin,True,24.1096,-212.2967,13.63,213.45,16.614057300972572,-212.26371629378409,27.94716703266988,212.3089931330045,27.601102058610756,thin,thin,thin,0.0738,27.695662334741158,True,True
1724719,2051721480924900224,292.2047,37.2212,1.0664,0.1675,7.8144,3.033,14.4295,-224.6593,8.0,14.6144,-222.8486,7.36,0.0445,thin,True,14.6144,-222.8486,7.36,223.12,12.112555469429232,-222.8116610102713,16.85859181082269,222.85613485803927,16.260121651925232,thin,thin,thin,0.0445,16.363076952700553,True,True
1725016,2051722855314502400,292.2629,37.237,0.5983,0.2738,7.5909,2.9498,22.0344,-223.6005,-2.0,27.0831,-194.2597,-6.7,0.1921,thin,True,27.0831,-194.2597,-6.7,195.86,12.413400017722784,-193.96043655595565,29.909549495489053,194.11902608613204,28.862359767898187,thick,thin,thin,0.1921,27.899539523260955,False,True
1865864,2051032155852580608,290.873,37.3623,1.6092,0.1289,7.9147,3.0706,52.9467,-222.8041,34.0,60.5932,-195.8534,29.35,0.9781,thick,True,60.5932,-195.8534,29.35,199.66,55.021760240835626,-195.76895032498183,67.57238924778953,195.88656476751996,67.2306733833615,thick,thick,thick,0.9781,67.32724846776378,True,True
1871056,2051738798233021952,292.04,37.38,1.03,0.18,7.8,3.03,-13.06,-231.14,-24.0,-13.77,-234.37,-23.28,0.05,thin,True,-13.77,-234.37,-23.28,231.33,46.341809416551705,-234.40602517349424,26.73850336804944,234.3638521292036,27.10566389448514,thin,thin,thin,0.05,27.047574752646494,True,True
1872821,2051816485600508544,292.4276,37.3208,1.1718,0.1524,7.8449,3.0431,0.9,-232.9395,-23.0,-4.6957,-254.6245,-19.71,0.0877,thin,True,-4.6957,-254.6245,-19.71,252.93,35.64511326956333,-254.63517190612384,20.126803728827987,254.6231621844612,20.278172481403672,thick,thin,thin,0.0877,20.261631190257116,False,True
1995519,2099071433776757888,286.1501,37.4113,0.6675,0.3621,7.5989,2.9712,-33.0462,-220.7024,6.0,0.0,0.0,0.0,0.0821,thin,False,-33.0462,-220.7024,6.0,211.9,70.25667228100119,-220.89800049916812,32.27512006901784,220.74143459784813,33.329102173384726,thin,thin,thin,0.0821,33.58647546915276,True,True
1996180,2099073667159859840,286.3443,37.4119,1.1818,0.2135,7.8243,3.0465,-18.1927,-230.4698,-12.0,0.0,0.0,0.0,0.0447,thin,False,-18.1927,-230.4698,-12.0,227.7,41.7612260356422,-230.511875763743,21.343971792538763,230.4645726873391,21.848815437963037,thin,thin,thin,0.0447,21.793905875037634,True,True
2142522,2099122522408063232,286.6258,37.5373,1.7483,0.1511,7.9203,3.0771,15.8698,-230.2559,-1.0,0.0,0.0,0.0,0.0425,thin,False,15.8698,-230.2559,-1.0,230.8,1.4142135623730951,-230.2428511052624,16.08942245451909,230.2705652807684,15.687790324815795,thin,thin,thin,0.0425,15.901275170249711,True,True
2161536,2051797274209237376,291.7262,37.529,2.5451,0.086,7.9929,3.0966,27.4554,-232.0004,6.0,0.0,0.0,0.0,0.056,thin,False,27.4554,-232.0004,6.0,233.0,18.027756377319943,-231.98323849023876,28.24494750536829,232.01646534998125,27.97069549548154,thin,thin,thin,0.056,28.103362595248278,True,True
2161949,2051791334274712448,291.8129,37.5559,1.2354,0.1536,7.8584,3.0481,82.6686,-228.2803,16.0,0.0,0.0,0.0,0.9992,thick,False,82.6686,-228.2803,16.0,235.0,63.06346010171025,-228.1214343456385,84.63221131512837,228.3339183421299,84.05725271818949,thin,thick,thick,0.9992,84.20271626236294,False,True
2164169,2051836379889114240,292.291,37.5808,0.7411,0.2308,7.6943,2.9858,-1.9094,-232.8142,-33.0,0.2376,-222.5064,-34.8,0.0871,thin,True,0.2376,-222.5064,-34.8,219.85,48.84832033959817,-222.50042693628475,34.83878461099093,222.5055117657203,34.80629445768242,thin,thin,thin,0.0871,34.80081110778885,True,True
2302548,2052528625536778624,291.3647,37.6092,3.1464,0.0752,8.017,3.1053,19.2926,-227.9497,19.0,178.0129,-243.2445,157.75,1.0,thick,True,178.0129,-243.2445,157.75,249.55,231.227909431366,-243.17455766830284,237.92369176445047,243.3475945965632,237.74670724127125,thick,thick,thick,1.0,237.85217061530045,True,True
2302997,2052552574274906880,291.4548,37.6772,4.0504,0.0631,8.0405,3.1133,13.442,-227.8112,23.0,0.0,0.0,0.0,0.052,thin,False,13.442,-227.8112,23.0,228.1,24.04163056034261,-227.80833925087995,26.66403134854123,227.8184130443393,26.577823047774345,thin,thin,thin,0.052,26.639958032999978,True,True
2303903,2051801676555912704,291.6429,37.6324,0.8362,0.2184,7.7359,3.003,28.1531,-230.8239,-19.0,0.0,0.0,0.0,0.079,thin,False,28.1531,-230.8239,-19.0,232.5,19.4164878389476,-230.7064634258603,34.753096747371465,230.81747175171796,34.00800985275235,thin,thin,thin,0.079,33.96464396412834,True,True
2307415,2051842839520109568,292.4211,37.6828,1.4745,0.1281,7.9039,3.0632,5.1275,-231.3087,-13.0,11.6942,-208.4042,-16.61,0.0702,thin,True,11.6942,-208.4042,-16.61,208.68,17.25131009517828,-208.3877305654932,20.48179312861563,208.4128559744761,20.224528784678476,thin,thin,thin,0.0702,20.313700146452884,True,True
2310993,2051662755830961408,293.2201,37.6107,0.4556,0.3347,7.4473,2.886,10.1756,-220.903,2.0,0.0,0.0,0.0,0.0506,thin,False,10.1756,-220.903,2.0,216.3,46.04345773288535,-220.73529510613216,13.476627709065308,220.82770146161045,11.866603017791247,thin,thin,thin,0.0506,10.370286175414831,True,True
2438264,2051105410816218368,290.2964,37.7494,2.2599,0.1025,7.9748,3.0911,-36.9835,-219.2456,19.0,-33.0637,-207.2525,16.08,0.1555,thin,True,-33.0637,-207.2525,16.08,205.32,46.35813628695614,-207.2750045364368,36.63948272588051,207.23000828765575,36.89312761339342,thin,thin,thin,0.1555,36.76648824255588,True,True
2438513,2051104586182508928,290.3286,37.7231,1.5887,0.136,7.9138,3.0697,8.1373,-224.4951,14.0,0.0,0.0,0.0,0.0436,thin,False,8.1373,-224.4951,14.0,224.5,16.1245154965971,-224.48302279568912,16.359171021483085,224.4991964186913,16.13569977911877,thin,thin,thin,0.0436,16.193074176634898,True,True
2439243,2051103314872392192,290.4745,37.7665,0.7294,0.2646,7.6801,2.9847,-5.4833,-214.8974,26.0,0.0,0.0,0.0,0.0645,thin,False,-5.4833,-214.8974,26.0,211.4,46.87216658103186,-214.92994964723465,26.30735153217053,214.9098932019213,26.470697080711325,thin,thin,thin,0.0645,26.571913346426523,True,True
2441495,2052548107508601216,291.0219,37.7699,2.8763,0.0822,8.0075,3.1019,36.3363,-234.4422,4.0,0.0,0.0,0.0,0.0991,thin,False,36.3363,-234.4422,4.0,235.7,27.29468812791236,-234.42506490397344,36.66577347837947,234.4637448048865,36.41761074080862,thin,thin,thin,0.0991,36.5558025173843,True,True
2443393,2052554360981321472,291.4575,37.7429,1.2929,0.1529,7.8691,3.0519,-10.9716,-223.9845,5.0,-16.7697,-247.6995,9.46,0.0623,thin,True,-16.7697,-247.6995,9.46,245.2,40.03375575686098,-247.7197415556089,18.99134654579173,247.6787572211561,19.518576315489973,thin,thin,thin,0.0623,19.25394603944864,True,True
2444412,2051808789021826432,291.6833,37.7515,3.2578,0.0729,8.0211,3.1062,-36.1009,-223.9173,9.0,-41.7831,-243.4606,13.01,0.2274,thin,True,-41.7831,-243.4606,13.01,241.83,52.0230429713603,-243.46621932736545,43.73037784468822,243.4268762936659,43.94885434124841,thin,thin,thin,0.2274,43.7617132389718,True,True
2449245,2051853422320445952,292.7303,37.7872,0.7675,0.2208,7.7121,2.9897,-3.8119,-226.1824,-10.0,0.0,0.0,0.0,0.0467,thin,False,-3.8119,-226.1824,-10.0,223.0,39.293765408777,-226.1975688851156,10.375925523219486,226.18375143758183,10.672890218782925,thin,thin,thin,0.0467,10.701896168903902,True,True
2557816,2099156817725596800,286.9639,37.8296,1.157,0.2144,7.8245,3.0436,-54.5885,-231.6552,-22.0,0.0,0.0,0.0,0.7063,thick,False,-54.5885,-231.6552,-22.0,225.2,80.0812087820857,-231.7647873631894,58.42194226911322,231.6176534581897,59.00256440632006,thick,thick,thick,0.7063,58.854943142016545,True,True
2572029,2052604113883227904,290.6081,37.8019,1.462,0.1442,7.8974,3.0632,33.7649,-225.5486,14.0,36.8174,-216.0103,12.17,0.1355,thin,True,36.8174,-216.0103,12.17,218.23,23.232584875557865,-215.9534336622961,39.09220369158369,216.03253302242905,38.65269170333559,thin,thin,thin,0.1355,38.7766662151351,True,True
2574338,2052549584977429504,291.1385,37.8592,0.4758,0.3764,7.4598,2.8981,-21.2778,-221.2587,10.0,0.0,0.0,0.0,0.0499,thin,False,-21.2778,-221.2587,10.0,209.6,74.67261881037788,-221.51578655804929,20.950329485923643,221.38066981225808,22.332913680842545,thin,thin,thin,0.0499,23.510524724897145,True,True
2577353,2051810884965944576,291.7808,37.8115,1.0419,0.1794,7.8149,3.0309,13.0645,-226.241,2.0,0.0,0.0,0.0,0.0442,thin,False,13.0645,-226.241,2.0,226.3,12.16552506059644,-226.1997133370487,13.906102481895822,226.2409005043844,13.219112639101416,thin,thin,thin,0.0442,13.21670005145006,True,True
2579043,2051890943155295872,292.1353,37.8896,0.6071,0.2842,7.6054,2.9497,36.5446,-219.5603,8.0,0.0,0.0,0.0,0.1118,thin,False,36.5446,-219.5603,8.0,222.5,10.0,-219.27802129779027,39.03074910536347,219.48290646071032,37.86163984244592,thin,thin,thin,0.1118,37.40999584549563,True,True
2581316,2051866238502437632,292.6275,37.8602,2.4733,0.0842,7.9937,3.0953,20.803,-233.0873,-1.0,22.8787,-226.2439,-2.56,0.0463,thin,True,22.8787,-226.2439,-2.56,227.06,12.651707394656263,-226.2235714123501,23.22078890652292,226.25227753803955,22.93940297501058,thin,thin,thin,0.0463,23.021479398379242,True,True
2581554,2051865551307698688,292.6904,37.8351,4.812,0.0537,8.055,3.1176,19.6986,-237.4961,-2.0,21.2411,-233.4079,-2.67,0.0451,thin,True,21.2411,-233.4079,-2.67,233.85,15.866269252726047,-233.4059863379436,21.42910501191532,233.41942318490285,21.28224330345004,thin,thin,thin,0.0451,21.408251428129294,True,True
2584163,2051669906960994304,293.2541,37.8462,0.5453,0.2879,7.5604,2.9279,-3.1257,-226.1047,-12.0,1.2207,-189.828,-17.4,0.2159,thin,True,1.2207,-189.828,-17.4,185.77,42.7603040213701,-189.80609233519505,17.68003994462154,189.8217040392512,17.51162972526921,thick,thin,thin,0.2159,17.442766652397776,False,True
2692377,2099862910348755712,285.6617,37.9646,2.8552,0.1063,7.9985,3.1023,31.3115,-236.4526,-1.0,34.1799,-227.9534,-2.93,0.0806,thin,True,34.1799,-227.9534,-2.93,229.12,25.36976349909474,-227.9462898963589,34.35241217855174,227.9820368108973,34.11436928267425,thin,thin,thin,0.0806,34.305254174980256,True,True
2693736,2099851331117081600,286.1154,37.9669,1.5106,0.1765,7.8931,3.0673,-13.5332,-235.8548,-22.0,0.0,0.0,0.0,0.0529,thin,False,-13.5332,-235.8548,-22.0,234.2,38.01315561749642,-235.8745653753556,25.64818529617852,235.84726339927292,25.89803751395015,thin,thin,thin,0.0529,25.82919863720127,True,True
2713049,2052559480582595456,291.44,37.9056,0.9903,0.1919,7.7996,3.0255,-20.5446,-220.8686,12.0,0.0,0.0,0.0,0.0506,thin,False,-20.5446,-220.8686,12.0,217.0,47.53945729601885,-220.9409540551393,23.1104915829332,220.87587340292652,23.72442936077413,thin,thin,thin,0.0506,23.792448153983653,True,True
2715135,2051905030647886976,291.9032,37.9024,3.6597,0.0666,8.0335,3.1102,17.1944,-229.1735,23.0,0.0,0.0,0.0,0.0571,thin,False,17.1944,-229.1735,23.0,229.6,25.079872407968907,-229.1690053688614,28.75286034895917,229.1833428312773,28.638354852910226,thin,thin,thin,0.0571,28.716674448132046,True,True
2715695,2051903999855859712,292.0334,37.9745,1.3612,0.1416,7.8883,3.0569,-65.9029,-216.7509,18.0,-75.0865,-250.9101,24.01,0.998,thick,True,-75.0865,-250.9101,24.01,243.66,98.99576607108004,-251.0475442536205,78.39316184608508,250.8736993871788,78.94773116303878,thick,thick,thick,0.998,78.8318627348739,True,True
2716801,2051897265347291520,292.2546,37.9714,0.7095,0.2441,7.6846,2.9792,-21.6512,-214.2187,33.0,0.0,0.0,0.0,0.1508,thin,False,-21.6512,-214.2187,33.0,207.9,65.0,-214.3704460959996,38.63575857417769,214.27536811403075,39.15962997267222,thin,thin,thin,0.1508,39.46865162936276,True,True
2716853,2051896440713570048,292.2681,37.9557,0.8299,0.2126,7.7456,3.0026,78.78,-223.9464,11.0,0.0,0.0,0.0,0.9969,thick,False,78.78,-223.9464,11.0,232.7,48.27007354458868,-223.5323573179529,80.70052807682863,223.84329303075347,79.8340163410826,thin,thick,thick,0.9969,79.54425434938717,False,True
2718778,2051868300086828544,292.6904,37.9346,0.5431,0.3008,7.5572,2.9282,22.1902,-220.5009,6.0,0.0,0.0,0.0,0.0499,thin,False,22.1902,-220.5009,6.0,220.2,25.70992026436488,-220.24232960647308,25.34474796705776,220.38922974938305,24.033880470570423,thin,thin,thin,0.0499,22.987061057038154,True,True
2832589,2099854801450635520,286.0067,38.0095,1.1485,0.2253,7.8235,3.044,37.3987,-227.9399,4.0,0.0,0.0,0.0,0.1044,thin,False,37.3987,-227.9399,4.0,230.5,15.524174696260024,-227.83552817773963,38.23901280067803,227.93789924786503,37.62398286293099,thin,thin,thin,0.1044,37.612002893890136,True,True
2834463,2099197087338852608,286.587,38.0011,0.9889,0.2504,7.7788,3.0278,36.6416,-223.6858,10.0,0.0,0.0,0.0,0.1104,thin,False,36.6416,-223.6858,10.0,226.4,14.866068747318506,-223.548288533274,38.78302069004023,223.66664619966875,38.09450587410476,thin,thin,thin,0.1104,37.98166466283435,True,True
2834805,2099187088655077760,286.7015,38.0422,2.5611,0.1112,7.9867,3.0976,4.1761,-231.1402,1.0,13.7841,-201.7989,-6.81,0.0981,thin,True,13.7841,-201.7989,-6.81,202.21,8.383805818361967,-201.7943381309613,15.434292931237644,201.8105200568496,15.221244836869168,thick,thin,thin,0.0981,15.37457358140381,False,True
2837111,2099527421862552832,287.4441,38.0884,0.7153,0.3241,7.6558,2.9821,23.5975,-234.833,-27.0,0.0,0.0,0.0,0.0942,thin,False,23.5975,-234.833,-27.0,235.6,30.4138126514911,-234.6931397475288,36.76261899602531,234.8035614843617,36.05062432551711,thin,thin,thin,0.0942,35.85863921358422,True,True
2849140,2052613562811477504,290.7333,38.0072,0.5046,0.3678,7.4977,2.9128,46.6026,-222.1189,-6.0,0.0,0.0,0.0,0.2633,thin,False,46.6026,-222.1189,-6.0,226.9,7.810249675906654,-221.5409179335722,49.64102820399907,221.8618712884683,48.1863058179304,thin,thin,thin,0.2633,46.987257067847665,True,True
2853029,2052579546669972096,291.5648,38.0746,1.0937,0.1765,7.8311,3.036,44.3485,-238.2536,-37.0,0.0,0.0,0.0,0.6858,thick,False,44.3485,-238.2536,-37.0,241.6,41.593268686170845,-238.13658434033863,58.236819957109375,238.2667082727347,57.70212932704944,thin,thick,thick,0.6858,57.75629361593418,False,True
2854181,2052658367909936768,291.813,38.0881,0.9565,0.1958,7.7912,3.0203,-43.0826,-225.1639,-5.0,0.0,0.0,0.0,0.179,thin,False,-43.0826,-225.1639,-5.0,218.3,70.178344238091,-225.29536595775704,42.68358089430106,225.15161384352623,43.43547839791374,thin,thin,thin,0.179,43.37176988272441,True,True
2854698,2051907813786770688,291.926,38.0141,1.6169,0.1235,7.9252,3.0706,-27.8548,-228.4533,-11.0,-24.4538,-216.3714,-13.5,0.0655,thin,True,-24.4538,-216.3714,-13.5,214.09,41.97990590746959,-216.407548874058,27.651643537449957,216.3603619465584,28.01846495356706,thin,thin,thin,0.0655,27.932746632581622,True,True
2860656,2052235605691715840,293.1757,38.042,0.6108,0.2624,7.6257,2.9522,-5.6047,-215.1014,29.0,-3.5997,-197.6214,25.93,0.1455,thin,True,-3.5997,-197.6214,25.93,193.41,48.29195067503486,-197.64656335042605,25.988008691818184,197.63425469958125,26.08144875847681,thick,thin,thin,0.1455,26.178669563024016,False,True
2860866,2052234987216183680,293.2239,38.0336,0.513,0.306,7.5339,2.9155,47.3942,-219.4608,-2.0,0.0,0.0,0.0,0.2847,thin,False,47.3942,-219.4608,-2.0,224.5,3.605551275463989,-218.8552592705052,50.15601150051655,219.17706493862875,48.730526417104464,thin,thin,thin,0.2847,47.43638048628921,True,True
2973386,2099209285046297344,286.9802,38.1653,2.8038,0.1023,7.9998,3.1014,21.2874,-230.9316,9.0,0.0,0.0,0.0,0.0462,thin,False,21.2874,-230.9316,9.0,231.6,15.0,-230.92349720665035,23.19263757855348,230.94635060112492,22.96395314448872,thin,thin,thin,0.0462,23.111758885035126,True,True
2975770,2099524776162690944,287.7376,38.1147,2.568,0.1058,7.9899,3.0977,32.1854,-231.3101,9.0,317.5842,-295.403,77.19,1.0,thick,True,317.5842,-295.403,77.19,309.06,313.9472442943241,-295.22632208688555,326.9898691810658,295.60141462845894,326.6508219332287,thick,thick,thick,1.0,326.83026204689185,True,True
2976017,2099531338872980480,287.8173,38.1948,1.8748,0.1369,7.9421,3.0811,-12.1688,-229.2543,-3.0,2.0509,-183.9723,-13.58,0.3382,thin,True,2.0509,-183.9723,-13.58,183.76,16.330379664906754,-183.97050452847,13.757629284880457,183.97386427869685,13.712627843109969,thick,thin,thin,0.3382,13.733993986091592,False,True
2989404,2052582432887909376,291.3823,38.1275,2.1522,0.1023,7.9718,3.088,9.71,-236.82,-21.0,1.2653,-265.6842,-15.72,0.1707,thin,True,1.2653,-265.6842,-15.72,265.37,20.386240457720497,-265.6836426977385,15.780928453687704,265.685360950236,15.751973741180024,thick,thin,thin,0.1707,15.77083967612378,False,True
2994092,2051923516187861376,292.4006,38.1345,0.3716,0.4325,7.3209,2.8332,-5.1307,-223.0817,3.0,0.0,0.0,0.0,0.0577,thin,False,-5.1307,-223.0817,3.0,211.0,72.66195703392525,-223.140398984541,3.020321343806789,223.1343766667096,3.436560716611808,thin,thin,thin,0.0577,5.943406640134932,True,True
3097926,2099966058282431104,285.9085,38.2127,1.2659,0.2099,7.851,3.0525,22.1519,-236.7681,-18.0,0.0,0.0,0.0,0.0605,thin,False,22.1519,-236.7681,-18.0,237.8,18.027756377319943,-236.7291318104084,28.864479075332437,236.78366186568968,28.413684616302813,thin,thin,thin,0.0605,28.543066997258723,True,True
3098810,2099957605786905344,286.2232,38.2582,1.5008,0.179,7.8933,3.0662,18.3218,-229.2713,2.0,0.0,0.0,0.0,0.0426,thin,False,18.3218,-229.2713,2.0,230.0,2.23606797749979,-229.25300531796887,18.656354217245458,229.29054831171723,18.189130130714183,thin,thin,thin,0.0426,18.4306363221675,True,True
3103473,2099533159939162752,287.84,38.2554,1.0243,0.2311,7.7976,3.0304,-75.3102,-226.754,-15.0,0.0,0.0,0.0,0.9933,thick,False,-75.3102,-226.754,-15.0,217.0,101.11874208078342,-226.97016764452195,76.14816478036485,226.73862321419344,76.83486671383007,thick,thick,thick,0.9933,76.78949292735302,True,True
3109550,2051374962963038464,289.6717,38.2978,4.4434,0.0654,8.0476,3.1159,-17.0167,-233.1141,-2.0,-14.0335,-225.4149,-3.74,0.0437,thin,True,-14.0335,-225.4149,-3.74,224.98,20.16977937410323,-225.4162103049907,14.503535146170265,225.4066265125476,14.651727687643374,thin,thin,thin,0.0437,14.523316503126964,True,True
3110177,2051365170437693056,289.8429,38.2371,1.245,0.1755,7.8608,3.0494,71.4985,-230.2971,4.0,0.0,0.0,0.0,0.9749,thick,False,71.4985,-230.2971,4.0,235.9,50.15974481593781,-230.16067675244827,72.0477125025842,230.3419699807897,71.46598397397847,thin,thick,thick,0.9749,71.61030304537191,False,True
3114167,2052643696302706944,290.8705,38.2736,0.6033,0.3132,7.6042,2.9504,-15.2164,-226.62,-9.0,-19.267,-251.3196,-4.5,0.0736,thin,True,-19.267,-251.3196,-4.5,243.08,66.82169483034683,-251.47979355619495,17.633454934685,251.38281203408067,18.96594616247933,thick,thin,thin,0.0736,19.785532315305545,False,True
3116412,2052585044228107008,291.4236,38.2166,0.8971,0.2113,7.7734,3.0138,3.9916,-227.1447,-5.0,8.0464,-209.7457,-8.61,0.0693,thin,True,8.0464,-209.7457,-8.61,209.06,20.641455859507584,-209.7042628694092,12.501017334510236,209.7354754213744,11.965937061929814,thin,thin,thin,0.0693,11.784593881844211,True,True
3120355,2051937019565051520,292.3012,38.267,0.7977,0.2245,7.7331,2.9955,-21.9401,-214.9834,31.0,0.0,0.0,0.0,0.1303,thin,False,-21.9401,-214.9834,31.0,209.5,61.40032573203501,-215.0741812615463,37.46126739280892,214.9866372712566,37.960450402980506,thin,thin,thin,0.1303,37.97852008714926,True,True
3122913,2052257355406092160,292.9016,38.297,1.4077,0.1319,7.9031,3.0596,-14.8639,-234.2048,-29.0,-23.0867,-266.9786,-23.13,0.2985,thin,True,-23.0867,-266.9786,-23.13,264.19,50.48971479420339,-267.02263075277733,32.318447763868704,266.9712223216793,32.74040091490121,thick,thin,thin,0.2985,32.68015631679261,False,True
3219643,2099226911592385408,286.7616,38.3436,1.2773,0.2012,7.8573,3.0528,64.4018,-238.5295,-12.0,0.0,0.0,0.0,0.914,thick,False,64.4018,-238.5295,-12.0,243.3,44.64302857109943,-238.42434963679207,65.89172558275234,238.58137546923396,65.32087935115726,thin,thick,thick,0.914,65.51024227737217,False,True
3223433,2099370329140350720,288.1255,38.3474,0.747,0.3038,7.6831,2.988,-15.7794,-224.96,-3.0,-21.4067,-252.4137,3.5,0.0803,thin,True,-21.4067,-252.4137,3.5,246.17,59.8624055647616,-252.5157820097184,20.46842290017384,252.42621229912052,21.544926185051565,thick,thin,thin,0.0803,21.690938312807035,False,True
3230805,2052821744164540672,290.2603,38.355,2.0136,0.115,7.9613,3.0847,18.9544,-227.29,11.0,30.9932,-186.2991,2.88,0.367,thin,True,30.9932,-186.2991,2.88,187.76,20.552783266506754,-186.27553914285548,31.26752335952623,186.32312666273484,30.98268824073307,thick,thin,thin,0.367,31.126722381902017,False,True
3234843,2052726984308676864,291.4095,38.34,0.8346,0.2281,7.7471,3.003,15.9898,-223.1313,4.0,0.0,0.0,0.0,0.0443,thin,False,15.9898,-223.1313,4.0,223.2,15.524174696260024,-223.05939440928097,17.428326533687375,223.12350531828653,16.587386005050977,thin,thin,thin,0.0443,16.482527234620303,True,True
3236705,2052683416159451264,291.8552,38.3931,1.1958,0.1628,7.8602,3.0447,7.8619,-225.6975,4.0,0.0,0.0,0.0,0.0497,thin,False,7.8619,-225.6975,4.0,225.4,14.560219778561036,-225.6811907080533,9.228226297360976,225.70249601123268,8.691564548428222,thin,thin,thin,0.0497,8.820967725255546,True,True
3240158,2051933343073295232,292.7131,38.3582,0.8514,0.2058,7.7636,3.0056,-14.6484,-224.8623,-2.0,0.0,0.0,0.0,0.0438,thin,False,-14.6484,-224.8623,-2.0,220.8,45.044422518220834,-224.92894713455487,13.733489758274471,224.87555785499904,14.58161443061094,thin,thin,thin,0.0438,14.784303249054384,True,True
3244792,2052085934674652544,293.8506,38.3977,0.5994,0.2581,7.6323,2.9487,1.1392,-219.6573,12.0,0.0,0.0,0.0,0.0498,thin,False,1.1392,-219.6573,12.0,215.8,42.72001872658765,-219.6342171949983,12.467984485886396,219.64956682122,12.1945805688593,thin,thin,thin,0.0498,12.05395273924699,True,True
3247268,2052117923590073600,294.4335,38.3555,1.0082,0.1576,7.8279,3.0265,28.826,-223.166,13.0,0.0,0.0,0.0,0.0697,thin,False,28.826,-223.166,13.0,225.0,13.341664064126334,-223.05658592061476,32.38455615628247,223.1503808857204,31.731805976936155,thin,thin,thin,0.0697,31.621800644492083,True,True
3248501,2052108577741070976,294.6977,38.3642,0.6559,0.2252,7.6744,2.9629,15.6368,-221.649,3.0,0.0,0.0,0.0,0.0454,thin,False,15.6368,-221.649,3.0,220.9,24.186773244895647,-221.53771437468325,17.40261789620384,221.62119133418483,16.305138810100676,thin,thin,thin,0.0454,15.921982107765352,True,True
3249334,2052129949498952832,294.8789,38.3979,1.3475,0.1202,7.9026,3.0553,51.7327,-226.786,18.0,0.0,0.0,0.0,0.5313,thick,False,51.7327,-226.786,18.0,230.4,36.71511950137164,-226.6755418857997,55.23005260525339,226.79842901919417,54.72323632996805,thin,thick,thick,0.5313,54.77474097875772,False,True
3324069,2099925994829048192,285.6408,38.4188,1.2071,0.2213,7.8418,3.0489,17.8689,-192.171,79.0,24.1395,-168.4486,72.41,0.9999,thick,True,24.1395,-168.4486,72.41,169.96,72.9002174208006,-168.38505916941617,76.46773926638744,168.44772022965108,76.32960663748509,thick,thick,thick,0.9999,76.32773781692997,True,True
3329204,2099549205936937728,287.6169,38.4023,0.6876,0.337,7.6439,2.9748,12.1839,-216.9874,15.0,0.0,0.0,0.0,0.0508,thin,False,12.1839,-216.9874,15.0,216.0,28.30194339616981,-216.9147215683573,20.12470041819307,216.975608690435,19.45726685367767,thin,thin,thin,0.0508,19.324787688613814,True,True
3340165,2052647132276597760,290.9241,38.4383,0.9099,0.2175,7.778,3.0153,0.4922,-226.2388,-2.0,-1.3238,-234.0094,-0.41,0.0722,thin,True,-1.3238,-234.0094,-0.41,231.98,30.78273054814988,-234.01288796086908,0.5149448647520679,234.01032444598331,1.210352298134851,thin,thin,thin,0.0722,1.3858378115782526,True,True
3342970,2052688467040906624,291.6535,38.4947,0.5474,0.3305,7.5625,2.9288,68.4102,-221.9595,-8.0,0.0,0.0,0.0,0.9537,thick,False,68.4102,-221.9595,-8.0,231.4,21.54065922853801,-221.32276069191823,70.89566700234838,221.74591334733324,69.56083606280897,thin,thick,thick,0.9537,68.87637812806362,False,True
3346154,2051948633156991232,292.4275,38.4729,1.2121,0.1555,7.8678,3.0461,-7.5443,-225.4457,-1.0,-9.9891,-235.163,0.49,0.0486,thin,True,-9.9891,-235.163,0.49,233.14,32.36370961431955,-235.1849602365964,9.471207869672824,235.15932211553624,10.087741182318815,thin,thin,thin,0.0486,10.001110878797416,True,True
3348082,2052307864222921088,292.9228,38.4772,0.7314,0.2329,7.7109,2.9832,-14.2372,-234.1779,-41.0,0.0,0.0,0.0,0.1835,thin,False,-14.2372,-234.1779,-41.0,229.0,65.43699259593154,-234.2646472291445,42.9310500524328,234.20533669420277,43.25344222088158,thin,thin,thin,0.1835,43.40158826402555,True,True
3353050,2052168466766597120,294.1497,38.4582,0.9193,0.1749,7.7999,3.0153,-45.026,-224.962,-7.0,0.0,0.0,0.0,0.2229,thin,False,-45.026,-224.962,-7.0,217.5,73.33484846919642,-225.15570084566767,44.60000422305117,224.9990578224732,45.38363117908662,thin,thin,thin,0.2229,45.5668813503843,True,True
3354846,2052124692458750976,294.5762,38.457,1.0486,0.1516,7.8409,3.0308,-28.6654,-221.6297,11.0,0.0,0.0,0.0,0.0674,thin,False,-28.6654,-221.6297,11.0,217.1,54.12947441089743,-221.7260869172106,29.9992063291943,221.6392885506633,30.633899045922664,thin,thin,thin,0.0674,30.703503988307265,True,True
3355104,2052120638009492608,294.6311,38.4045,0.7756,0.196,7.7418,2.9906,45.8105,-221.3276,10.0,0.0,0.0,0.0,0.263,thin,False,45.8105,-221.3276,10.0,225.7,15.620499351813308,-221.100071248609,47.95047959989571,221.29594661618736,47.03821862321703,thin,thin,thin,0.263,46.88925154286428,True,True
3356193,2052133007515899008,294.8726,38.4344,0.7732,0.1928,7.7441,2.9905,7.7558,-223.6809,0.0,0.0,0.0,0.0,0.0529,thin,False,7.7558,-223.6809,0.0,222.3,26.0,-223.6355451885526,8.968440679340338,223.6715158349752,8.021409108408045,thin,thin,thin,0.0529,7.7558,True,True
3438507,2052874318864239616,290.0004,38.5399,0.5334,0.3721,7.5392,2.926,-15.7849,-222.4254,2.0,-15.8485,-230.0351,3.08,0.0424,thin,True,-15.8485,-230.0351,3.08,221.32,64.76328049134015,-230.1990482318416,13.609669105245572,230.1121794009968,15.006991414785851,thin,thin,thin,0.0424,16.14501013471345,True,True
3440118,2052827207364859264,290.4406,38.5236,3.0565,0.0831,8.0164,3.104,1.6065,-229.0014,12.0,4.5278,-220.4656,9.98,0.0502,thin,True,4.5278,-220.4656,9.98,220.48,10.664801920335886,-220.4646365804347,10.97781478514082,220.46910136814807,10.887779476148362,thin,thin,thin,0.0502,10.959077189252753,True,True
3440978,2052839924765866368,290.7029,38.5669,1.2024,0.1741,7.8598,3.0459,-93.7725,-205.7973,43.0,0.0,0.0,0.0,1.0,thick,False,-93.7725,-205.7973,43.0,195.9,120.90492132250036,-206.008435532579,102.73915752729944,205.7620181325546,103.23178722669816,thick,thick,thick,1.0,103.16143541193094,True,True
3448130,2051947739803854336,292.5878,38.522,1.1248,0.1647,7.8493,3.0384,-15.0271,-223.7391,5.0,-7.0818,-189.2167,-0.61,0.2732,thin,True,-7.0818,-189.2167,-0.61,187.48,26.547009247747663,-189.2330488346472,6.659379005886231,189.21344953059537,7.194763146402761,thick,thin,thin,0.2732,7.108023019096098,False,True
3453214,2052091054275767680,293.8162,38.5636,0.8575,0.1925,7.7739,3.0051,23.5669,-222.9673,9.0,0.0,0.0,0.0,0.0512,thin,False,23.5669,-222.9673,9.0,224.1,11.40175425099138,-222.87845875166104,26.000050470799906,222.96929833675955,25.209164984447742,thin,thin,thin,0.0512,25.22694542765731,True,True
3539231,2052888268918025344,289.9042,38.6514,0.5981,0.3363,7.6059,2.951,30.6611,-232.8073,-32.0,0.0,0.0,0.0,0.1982,thin,False,30.6611,-232.8073,-32.0,234.4,34.92849839314596,-232.4690903362222,46.0595488281135,232.64787300939028,45.1478369825912,thin,thin,thin,0.1982,44.31820227863491,True,True
3541946,2052852912747829760,290.6731,38.691,2.0015,0.1143,7.964,3.0843,9.0318,-227.1557,10.0,10.2563,-222.4879,8.53,0.046,thin,True,10.2563,-222.4879,8.53,222.71,8.891625273255727,-222.47925777981584,13.482765211270523,222.49516184816545,13.217717433756892,thin,thin,thin,0.046,13.339887169312938,True,True
3544595,2052747119115620352,291.4181,38.6723,10.4148,0.0381,8.0915,3.1306,-13.4555,-230.7625,16.0,-25.8331,-267.3112,23.14,0.3394,thin,True,-25.8331,-267.3112,23.14,267.01,36.928958826373645,-267.3116209581866,34.67831311795271,267.30412278918914,34.736062527322645,thick,thin,thin,0.3394,34.681531909793144,False,True
3544640,2052735368085096576,291.4314,38.6544,0.6193,0.2983,7.6334,2.9561,17.1091,-221.3408,4.0,0.0,0.0,0.0,0.0456,thin,False,17.1091,-221.3408,4.0,220.7,24.33105012119288,-221.16688416090508,19.63922988705992,221.2660282690895,18.48877318868084,thin,thin,thin,0.0456,17.570466778375582,True,True
3545135,2052740449026979584,291.5742,38.6559,3.3753,0.0734,8.0288,3.1075,-5.2997,-225.8122,18.0,-3.7531,-220.9967,17.55,0.0459,thin,True,-3.7531,-220.9967,17.55,220.74,20.867836495429994,-220.99756668715287,17.935710701208297,220.99411482307175,17.978192722489656,thin,thin,thin,0.0459,17.9468175343151,True,True
3546060,2052691044021500032,291.8081,38.6227,1.3036,0.1528,7.8843,3.0529,-20.2307,-235.4167,-32.0,0.0,0.0,0.0,0.1118,thin,False,-20.2307,-235.4167,-32.0,232.7,52.009614495783374,-235.4534753355348,37.62912372642643,235.4047105730286,37.93299671827458,thin,thin,thin,0.1118,37.858700750157816,True,True
3548044,2052702348375966208,292.3265,38.6575,1.2177,0.1566,7.8717,3.0469,-5.1796,-231.0247,-19.0,-13.9499,-267.3969,-12.78,0.1953,thin,True,-13.9499,-267.3969,-12.78,264.88,41.20215164284507,-267.43198769763706,18.416396392641907,267.39643997345195,18.925527456959134,thick,thin,thin,0.1953,18.918988081025898,False,True
3554031,2052280548230453760,293.8045,38.639,1.8638,0.1012,7.9605,3.0792,-10.103,-239.1956,-45.0,0.0,0.0,0.0,0.2591,thin,False,-10.103,-239.1956,-45.0,238.1,51.47815070493501,-239.2045319993261,46.07387406094014,239.18752838387496,46.16206522257236,thin,thin,thin,0.2591,46.12017572603123,True,True
3557560,2052151836652539904,294.6713,38.6989,0.5871,0.2539,7.6311,2.9416,-16.6,-225.1848,-6.0,0.0,0.0,0.0,0.0432,thin,False,-16.6,-225.1848,-6.0,217.4,61.29437168288782,-225.31173702085863,15.949331040625044,225.22464865977884,17.135274613474774,thin,thin,thin,0.0432,17.651062290978413,True,True
3559860,2052139123549626240,295.1672,38.637,0.5923,0.2398,7.6422,2.9447,-6.6674,-222.1961,2.0,0.0,0.0,0.0,0.0559,thin,False,-6.6674,-222.1961,2.0,216.6,50.039984012787215,-222.2495385138848,4.970174077959575,222.220568750616,6.130156943565422,thin,thin,thin,0.0559,6.960906748405699,True,True
3632089,2099619059285601280,287.2357,38.7541,0.8813,0.2752,7.7531,3.0129,-57.4151,-234.2062,-27.0,0.0,0.0,0.0,0.8617,thick,False,-57.4151,-234.2062,-27.0,224.9,91.09335870413386,-234.4535167309949,62.5264623377102,234.2481546293831,63.29148483586572,thick,thick,thick,0.8617,63.446778547141385,True,True
3640905,2052881912366613376,290.1072,38.7023,2.228,0.1078,7.9789,3.0903,23.8518,-230.5804,6.0,31.234,-206.8308,1.36,0.1105,thin,True,31.234,-206.8308,1.36,208.16,20.634866125080627,-206.8073322312704,31.418316877021766,206.85055689936732,31.132465537146075,thin,thin,thin,0.1105,31.26359473892918,True,True
3641726,2052880194379878272,290.3336,38.7283,1.1204,0.1897,7.8421,3.0392,49.9999,-222.4544,20.0,0.0,0.0,0.0,0.5009,thick,False,49.9999,-222.4544,20.0,226.4,33.60059523282288,-222.31424757238983,54.4273398791652,222.45676790978132,53.84186485564629,thin,thick,thick,0.5009,53.851555223688756,False,True
3642289,2052857860550101376,290.4951,38.7955,1.6258,0.1383,7.9269,3.0704,23.0533,-224.7291,17.0,0.0,0.0,0.0,0.058,thin,False,23.0533,-224.7291,17.0,225.8,18.384776310850235,-224.7144919579672,28.75825279937392,224.75862247276245,28.411293954099296,thin,thin,thin,0.058,28.64357940080115,True,True
3645438,2052754540819149568,291.3994,38.7878,0.9813,0.2008,7.8095,3.0241,38.6168,-224.7221,9.0,44.9675,-192.3743,2.79,0.5458,thick,True,44.9675,-192.3743,2.79,196.32,22.2754146987211,-192.21369476735612,45.73436392781301,192.3618566690684,45.10712359294018,thick,thick,thick,0.5458,45.05396937285327,True,True
3646449,2052739216375936000,291.659,38.7121,0.4122,0.4256,7.4049,2.863,-45.4465,-227.9922,3.0,-45.0,-232.6802,3.82,0.2155,thin,True,-45.0,-232.6802,3.82,211.33,107.32800193798448,-233.51501217494496,40.62521370941088,233.1779480468192,42.517213510234924,thick,thin,thin,0.2155,45.161846729291305,False,True
3647097,2052762684077574144,291.8247,38.7799,1.3295,0.1508,7.8914,3.0549,-16.7167,-223.387,7.0,-17.5771,-226.4229,7.82,0.0433,thin,True,-17.5771,-226.4229,7.82,224.05,37.9347703301338,-226.45826908243072,18.817589223633345,226.4169066535327,19.30890161157445,thin,thin,thin,0.0433,19.23816114939263,True,True
3656121,2052185062520374272,294.1108,38.7102,1.3801,0.1264,7.9075,3.0574,7.0584,-226.2083,5.0,3.2225,-242.8199,7.43,0.0605,thin,True,3.2225,-242.8199,7.43,242.23,18.75455411360132,-242.81349877459672,8.289210628214798,242.8213202253428,8.0568383390473,thin,thin,thin,0.0605,8.09872868109557,True,True
3661886,2073157456550947200,295.4221,38.7357,1.1959,0.1303,7.8806,3.0435,25.8174,-231.6853,-21.0,0.0,0.0,0.0,0.0756,thin,False,25.8174,-231.6853,-21.0,233.1,21.213203435596427,-231.6325702411202,33.644648957784135,231.70227208798576,33.16122900715558,thin,thin,thin,0.0756,33.279695653055484,True,True
3663494,2073160755086211456,295.7333,38.792,0.7144,0.197,7.7274,2.9774,44.9178,-222.1455,4.0,0.0,0.0,0.0,0.2179,thin,False,44.9178,-222.1455,4.0,226.5,8.94427190999916,-221.8682783422972,46.44046797164039,222.0789514970808,45.42234364227879,thin,thin,thin,0.2179,45.09555140853696,True,True
3728432,2100148542853587840,285.1197,38.8665,1.8161,0.161,7.9359,3.0798,26.656,-236.5053,-8.0,24.2975,-244.5363,-5.52,0.0632,thin,True,24.2975,-244.5363,-5.52,245.57,10.686107804060374,-244.51602811026515,25.114334496060437,244.55668507558997,24.715290506864925,thin,thin,thin,0.0632,24.916639144354924,True,True
3728701,2100148611573075200,285.2198,38.8058,0.8276,0.3224,7.7185,3.0047,-36.978,-207.8905,32.0,0.0,0.0,0.0,0.42,thin,False,-36.978,-207.8905,32.0,200.9,72.44998274671983,-208.03159356226905,48.29768193136083,207.89128272408703,48.89810392370744,thick,thin,thin,0.42,48.901661362370916,False,True
3732821,2100369888287148416,286.9171,38.8722,1.3857,0.1883,7.8843,3.0597,16.1768,-233.8604,-11.0,0.0,0.0,0.0,0.044,thin,False,16.1768,-233.8604,-11.0,234.4,11.40175425099138,-233.836253032936,19.848596109466506,233.87264289169485,19.41512057273348,thin,thin,thin,0.044,19.56243487503537,True,True
3733638,2099620364955675520,287.2235,38.8176,1.0326,0.2399,7.8063,3.0317,9.829,-225.7845,-1.0,0.0,0.0,0.0,0.048,thin,False,9.829,-225.7845,-1.0,225.5,15.033296378372908,-225.75392090648612,10.555434398829798,225.78496397096305,9.869146094314704,thin,thin,thin,0.048,9.879738913554347,True,True
3745559,2052942900903300352,291.062,38.8633,1.1192,0.1829,7.847,3.0389,14.5996,-229.4122,-9.0,8.0789,-257.4385,-3.6,0.1119,thin,True,8.0789,-257.4385,-3.6,256.91,18.709612502668246,-257.4138636512729,9.534175377236286,257.43792352963254,8.860769083498205,thick,thin,thin,0.1119,8.844694749396387,False,True
3747817,2052767528800649984,291.6769,38.8749,1.2995,0.1555,7.8867,3.0529,29.8234,-233.7773,-15.0,28.2776,-238.5228,-14.12,0.0744,thin,True,28.2776,-238.5228,-14.12,240.09,15.777705790133114,-238.46189835575652,32.06348597031893,238.53131180624857,31.54294513817977,thin,thin,thin,0.0744,31.606914777624215,True,True
3749134,2052717466660745984,292.0068,38.8207,0.6518,0.2778,7.6631,2.9643,6.7668,-224.8321,-9.0,2.0561,-259.0903,-2.65,0.1536,thin,True,2.0561,-259.0903,-2.65,255.39,43.76031192759028,-259.0655967418584,4.902406019987978,259.0831012691805,3.868286021425365,thick,thin,thin,0.1536,3.354109003893582,False,True
3749365,2052722689341030656,292.0683,38.8422,1.5279,0.1325,7.9223,3.0661,-32.9218,-227.8294,-9.0,0.0,0.0,0.0,0.0796,thin,False,-32.9218,-227.8294,-9.0,224.7,50.80354318352215,-227.88244653203688,33.77396279048915,227.8149087925457,34.22655886653016,thin,thin,thin,0.0796,34.12982442439456,True,True
3749978,2052721692908731904,292.2324,38.8922,0.5585,0.3135,7.5968,2.9359,26.8577,-226.6924,-18.0,0.0,0.0,0.0,0.0707,thin,False,26.8577,-226.6924,-18.0,227.4,26.90724809414742,-226.35120427260333,34.639461952262,226.52287572360493,33.49845927663295,thin,thin,thin,0.0707,32.33165707615371,True,True
3752110,2052336176647668352,292.8072,38.8842,0.4592,0.359,7.4956,2.8918,-2.9129,-219.1234,11.0,0.0,0.0,0.0,0.0512,thin,False,-2.9129,-219.1234,11.0,211.6,58.05170109479997,-219.14093291254144,11.036825731206283,219.1416822349888,11.02193754378849,thin,thin,thin,0.0512,11.37914699834746,True,True
3756264,2052379641715057408,293.8266,38.8566,0.705,0.231,7.7087,2.9759,8.0764,-224.1373,-3.0,0.0,0.0,0.0,0.0509,thin,False,8.0764,-224.1373,-3.0,222.4,29.154759474226505,-224.08405663282915,9.904320419646307,224.1255746038621,8.915537476150348,thin,thin,thin,0.0509,8.615581057595593,True,True
3758499,2052192518583858688,294.3673,38.8469,1.0171,0.1608,7.8373,3.0275,-42.2376,-219.9379,18.0,0.0,0.0,0.0,0.2433,thin,False,-42.2376,-219.9379,18.0,213.7,69.3757882838098,-220.0964729971872,45.14678919035592,219.96407833823247,45.78749000340511,thin,thin,thin,0.2433,45.91312289269812,True,True
3762468,2076166029596100224,295.3075,38.8816,0.5988,0.2368,7.6568,2.9479,-100.3395,-231.3445,-16.0,0.0,0.0,0.0,1.0,thick,False,-100.3395,-231.3445,-16.0,207.7,143.8923208513922,-232.3797931736512,99.21653957164128,231.8343142132964,100.48452992003575,thick,thick,thick,1.0,101.6071614614344,True,True
3762750,2076163177737886080,295.372,38.8977,0.5388,0.2586,7.609,2.9267,7.791,-223.2741,-8.0,0.0,0.0,0.0,0.0476,thin,False,7.791,-223.2741,-8.0,219.8,40.79215610874228,-223.1550821502588,13.336015541054673,223.21674109281253,12.26077060809362,thin,thin,thin,0.0476,11.166901136841858,True,True
3831053,2100196646487547776,284.7069,38.9368,1.1092,0.2518,7.8212,3.0408,-63.0567,-221.2675,1.0,0.0,0.0,0.0,0.8516,thick,False,-63.0567,-221.2675,1.0,213.8,85.00588214941364,-221.4488985674176,62.42455705311515,221.27307747356755,63.04494575599674,thick,thick,thick,0.8516,63.06462887300614,True,True
3833007,2100232689851871488,285.5169,38.9325,0.9707,0.2743,7.7821,3.0257,80.7453,-226.6858,7.0,0.0,0.0,0.0,0.9979,thick,False,80.7453,-226.6858,7.0,234.5,54.45181356024793,-226.3924708808706,81.8639061397278,226.65554542030327,81.13269211744942,thin,thick,thick,0.9979,81.0481552664217,False,True
3835670,2100009935669354240,286.6301,38.9456,1.1338,0.2279,7.8331,3.0417,26.3169,-222.384,15.0,0.0,0.0,0.0,0.0651,thin,False,26.3169,-222.384,15.0,223.9,15.524174696260024,-222.32064758555384,30.75288046899007,222.3939239376986,30.218414842495303,thin,thin,thin,0.0651,30.29157020707246,True,True
3839488,2099681216051775616,288.1337,38.9969,1.1001,0.2177,7.8318,3.0382,38.5649,-216.6772,27.0,39.6046,-212.0653,26.42,0.3358,thin,True,39.6046,-212.0653,26.42,215.02,31.695685826307656,-211.94989546462668,48.11921354857993,212.06431879802977,47.6124100705645,thin,thin,thin,0.3358,47.60820035624115,True,True
3847138,2052912492534229504,290.5295,38.9427,1.5059,0.1472,7.9144,3.0651,69.0579,-233.6049,-1.0,67.1267,-242.4283,0.74,0.9451,thick,True,67.1267,-242.4283,0.74,246.85,48.40565669423358,-242.34389918513924,67.43489176786069,242.4836756301252,66.93053976253462,thin,thick,thick,0.9451,67.13077872995368,False,True
3848083,2052865900729232896,290.8159,38.9709,0.3933,0.4735,7.3701,2.8499,-10.1742,-230.3601,-19.0,0.0,0.0,0.0,0.0444,thin,False,-10.1742,-230.3601,-19.0,217.7,78.33900688673555,-230.52070909943464,19.760887538110023,230.4660129186526,20.38889132295941,thin,thin,thin,0.0444,21.552594870223864,True,True
3848275,2052956541719356416,290.8676,38.9601,0.4228,0.4418,7.4205,2.87,-64.2109,-231.2997,-2.0,0.0,0.0,0.0,0.877,thick,False,-64.2109,-231.2997,-2.0,205.6,123.91614099866086,-232.42858680379985,60.02934312807753,231.94614089081267,61.86725891664564,thick,thick,thick,0.877,64.24203980891329,True,True
3848966,2052944618890259584,291.0693,38.9148,0.6253,0.308,7.6367,2.9563,-81.1007,-218.684,21.0,0.0,0.0,0.0,0.9992,thick,False,-81.1007,-218.684,21.0,200.0,121.82364302548172,-219.29544236728765,82.16148098066166,218.8747162510156,83.27579832122548,thick,thick,thick,0.9992,83.77543518532148,True,True
3849187,2052941560873587840,291.1358,38.9054,0.9814,0.2048,7.81,3.0241,-1.1971,-228.8165,-13.0,0.0,0.0,0.0,0.0438,thin,False,-1.1971,-228.8165,-13.0,227.1,30.870698080866266,-228.8192694781248,13.00584159127337,228.8167767992504,13.04962279922322,thin,thin,thin,0.0438,13.055000896591313,True,True
3852872,2052724922724196608,292.1388,38.9415,4.6447,0.0581,8.0557,3.1167,-7.2006,-233.5509,0.0,0.7964,-208.3745,-4.95,0.0946,thin,True,0.7964,-208.3745,-4.95,208.33,6.609606644876834,-208.37440539492388,5.018264272826548,208.3749032829321,4.997547581434525,thin,thin,thin,0.0946,5.0136566456030875,True,True
3854496,2053082710679806464,292.5642,38.9311,0.5575,0.3123,7.5918,2.9321,37.7913,-220.9724,-4.0,0.0,0.0,0.0,0.1146,thin,False,37.7913,-220.9724,-4.0,224.0,9.848857801796104,-220.6310668087472,39.93660424765893,220.8635146389892,38.63040125746842,thin,thin,thin,0.1146,38.00239934122581,True,True
3859079,2052392835854583936,293.7439,38.9392,2.0102,0.0969,7.9744,3.0838,-21.9726,-226.2462,4.0,0.0,0.0,0.0,0.0456,thin,False,-21.9726,-226.2462,4.0,224.6,35.22782990761707,-226.265281473877,22.14006322364989,226.2310569945264,22.48708187247363,thin,thin,thin,0.0456,22.33372227730971,True,True
3869014,2073176491847171840,295.9752,38.9466,0.6556,0.2102,7.6983,2.9623,37.5208,-218.2067,19.0,0.0,0.0,0.0,0.1727,thin,False,37.5208,-218.2067,19.0,221.4,19.1049731745428,-217.94263688921532,43.40468898374476,218.1364412230004,42.41996004906756,thin,thin,thin,0.1727,42.05722806652859,True,True
3934657,2100210733980317952,284.7347,39.0453,1.7962,0.1658,7.9346,3.0792,-8.095,-223.2392,9.0,-14.0039,-243.6474,14.92,0.0548,thin,True,-14.0039,-243.6474,14.92,242.3,32.76423812634745,-243.6591907929875,20.32200881080709,243.6355197828002,20.603854012411738,thin,thin,thin,0.0548,20.462541758295817,True,True
3935914,2100247945575646336,285.2138,39.0275,0.6583,0.4001,7.6227,2.9688,61.4403,-218.2875,10.0,0.0,0.0,0.0,0.8367,thick,False,61.4403,-218.2875,10.0,225.6,25.079872407968907,-217.91754538107267,63.5319086372205,218.22241375500587,62.47670073666681,thin,thick,thick,0.8367,62.24877881605389,False,True
3937519,2100073393808483328,285.9307,39.0981,1.4855,0.1862,7.8997,3.0656,5.8163,-234.4351,-14.0,0.0,0.0,0.0,0.0438,thin,False,5.8163,-234.4351,-14.0,234.2,18.43908891458577,-234.4274210350173,15.278228525281712,234.4395968198848,15.0902433025401,thin,thin,thin,0.0438,15.160123538085038,True,True
3939150,2100389610777053056,286.5832,39.0773,1.0406,0.2467,7.8105,3.033,100.4987,-229.7597,6.0,0.0,0.0,0.0,1.0,thick,False,100.4987,-229.7597,6.0,239.3,75.23961722390672,-229.44021045330496,101.40354938138566,229.74513519443883,100.7107881733086,thick,thick,thick,1.0,100.67764747792829,True,True
3940418,2100378478222060032,287.094,39.0608,1.5147,0.1737,7.9067,3.0667,27.2181,-229.1057,2.0,0.0,0.0,0.0,0.0534,thin,False,27.2181,-229.1057,2.0,230.5,10.198039027185567,-229.07061805409063,27.58445113314582,229.12629187835915,27.118118852032964,thin,thin,thin,0.0534,27.29148159426307,True,True
3942670,2099686125195464576,287.9757,39.0872,0.9421,0.2528,7.7847,3.0206,-7.2647,-213.738,28.0,-2.4702,-193.9247,23.39,0.1722,thin,True,-2.4702,-193.9247,23.39,192.21,34.86136256660087,-193.93256111672855,23.455499114415087,193.9255428405033,23.51345431909369,thick,thin,thin,0.1722,23.52007627623686,False,True
3955444,2052770208860390528,291.8245,39.0062,0.9796,0.1975,7.8149,3.0238,60.8568,-225.0085,7.0,65.0362,-203.4783,2.69,0.9433,thick,True,65.0362,-203.4783,2.69,209.71,40.76884226955679,-203.23221442568504,65.85628003184193,203.4468071344235,65.19033108374808,thin,thick,thick,0.9433,65.09180755241015,False,True
3955817,2052775191022506112,291.9191,39.0222,1.4249,0.1431,7.9086,3.0603,-56.0788,-222.9898,0.0,0.0,0.0,0.0,0.5937,thick,False,-56.0788,-222.9898,0.0,217.7,74.0,-223.0717766755752,55.75188293503896,222.9477622118589,56.24575828206438,thin,thick,thick,0.5937,56.0788,False,True
3962243,2052304325169514880,293.5682,39.0363,0.8981,0.1925,7.7954,3.0112,45.693,-233.0368,-29.0,0.0,0.0,0.0,0.5105,thick,False,45.693,-233.0368,-29.0,237.0,32.64965543462902,-232.8854983342569,54.76627306659457,233.05155301848103,54.05528314303904,thin,thick,thick,0.5105,54.11885299043208,False,True
3966801,2052212996988534656,294.712,39.0737,1.9142,0.0954,7.9706,3.0806,-0.7851,-233.0818,-18.0,0.0,0.0,0.0,0.0431,thin,False,-0.7851,-233.0818,-18.0,232.6,23.43074902771996,-233.08241390000205,18.00967324934379,233.0811276593213,18.026312131414013,thin,thin,thin,0.0431,18.017113587087138,True,True
3967326,2052211416440880384,294.8401,39.086,1.6789,0.1046,7.9509,3.0722,5.986,-230.2394,-6.0,0.0,0.0,0.0,0.0494,thin,False,5.986,-230.2394,-6.0,230.1,11.6619037896906,-230.23135989066188,8.690852829068307,230.24279897784743,8.382333735096843,thin,thin,thin,0.0494,8.47538766075039,True,True
3967760,2052163518963966336,294.9439,39.032,1.0501,0.152,7.8507,3.0305,10.1411,-226.2701,-2.0,0.0,0.0,0.0,0.0471,thin,False,10.1411,-226.2701,-2.0,226.0,15.132745950421556,-226.2359267152497,11.059180046105327,226.26826005900247,10.376631913661935,thin,thin,thin,0.0471,10.336436001349789,True,True
4035640,2100214788429438336,284.6157,39.131,1.6185,0.1818,7.9158,3.0726,-5.1791,-229.8029,-4.0,0.0,0.0,0.0,0.0534,thin,False,-5.1791,-229.8029,-4.0,228.9,21.37755832643195,-229.80981803810897,6.297422749923168,229.80024917767147,6.637430065928749,thin,thin,thin,0.0534,6.543934352513021,True,True
4043190,2099651529238509696,287.3079,39.1447,1.1626,0.2186,7.8429,3.0431,13.8076,-241.3122,-32.0,17.9698,-223.7476,-36.79,0.1435,thin,True,17.9698,-223.7476,-36.79,224.43,37.02108858475126,-223.72000519903477,41.09434479029794,223.768564215612,40.82910198477988,thin,thin,thin,0.1435,40.944081526394015,True,True
4048898,2099499418677714304,289.2488,39.1066,2.8713,0.093,8.0116,3.102,14.0637,-228.7226,11.0,5.7563,-256.4931,17.29,0.095,thin,True,5.7563,-256.4931,17.29,256.52,17.84107900324417,-256.4900049226414,18.267235006518742,256.49612666271264,18.181075518947026,thick,thin,thin,0.095,18.22303733437431,False,True
4049131,2101000836165429504,289.3155,39.1533,1.5416,0.1542,7.918,3.0674,26.0964,-229.6976,1.0,0.0,0.0,0.0,0.0508,thin,False,26.0964,-229.6976,1.0,231.0,9.055385138137416,-229.6609354811428,26.435860378023804,229.71388149459383,25.97176637596494,thin,thin,thin,0.0508,26.115552702556382,True,True
4054784,2052962279795786752,290.8848,39.1158,1.7373,0.1285,7.945,3.0755,-37.6471,-218.6623,18.0,0.0,0.0,0.0,0.1661,thin,False,-37.6471,-218.6623,18.0,215.7,55.02726596879042,-218.7098823080132,41.478637644153736,218.64240941522704,41.83284361723728,thin,thin,thin,0.1661,41.728936463921535,True,True
4056616,2052973309272223232,291.4186,39.1274,6.6217,0.0485,8.0753,3.1242,-9.9451,-233.6079,4.0,-9.5914,-232.0915,3.62,0.0469,thin,True,-9.5914,-232.0915,3.62,231.89,14.092863442182358,-232.09225225845293,10.235591902701035,232.0878378269201,10.335203569607856,thin,thin,thin,0.0469,10.251797596519355,True,True
4060229,2053102845486697472,292.3561,39.1194,0.8341,0.2219,7.7666,3.0023,-26.8278,-226.4167,-10.0,-18.0946,-178.2883,-18.61,0.5195,thick,True,-18.0946,-178.2883,-18.61,174.05,46.55170243933083,-178.3672133535722,25.40867372534938,178.29861263237578,25.88567622006452,thick,thick,thick,0.5195,25.956630158015503,True,True
4072526,2076186611079704320,295.3708,39.1773,1.4636,0.1133,7.9285,3.0616,71.6197,-230.01,11.0,66.4265,-253.4403,14.29,0.9723,thick,True,66.4265,-253.4403,14.29,257.94,48.12075020196589,-253.3420487278112,68.3114671661745,253.4867771013264,67.77244303389459,thick,thick,thick,0.9723,67.94618460406735,True,True
4073017,2076175203646623232,295.4738,39.1245,1.4487,0.1128,7.927,3.061,-20.0738,-223.4418,11.0,0.0,0.0,0.0,0.0474,thin,False,-20.0738,-223.4418,11.0,221.1,39.56008088970496,-223.47716714188903,22.542532382946227,223.43335516072293,22.97271863803344,thin,thin,thin,0.0474,22.89011678519793,True,True
4076098,2073195870740245504,296.0818,39.1616,0.6771,0.2057,7.7157,2.9675,4.2766,-220.594,18.0,0.0,0.0,0.0,0.0464,thin,False,4.2766,-220.594,18.0,218.0,38.47076812334269,-220.56388350760125,18.85665113548264,220.58862539547357,18.56497633005342,thin,thin,thin,0.0464,18.501062335984926,True,True
4077526,2073274618947678464,296.3586,39.1152,1.015,0.1417,7.8495,3.0257,11.694,-221.4338,22.0,0.0,0.0,0.0,0.0519,thin,False,11.694,-221.4338,22.0,221.3,26.0768096208106,-221.3985799431032,25.226153079242348,221.4368371769659,24.88809235481725,thin,thin,thin,0.0519,24.91484770172196,True,True
4135665,2100216609495590912,284.5826,39.2202,0.7245,0.3765,7.6701,2.986,-7.3364,-237.2012,-30.0,0.0,0.0,0.0,0.0694,thin,False,-7.3364,-237.2012,-30.0,233.2,53.25410782277739,-237.2393167657772,30.589975163560126,237.21063252532417,30.811618213518404,thin,thin,thin,0.0694,30.88402119154823,True,True
4135912,2100222416291413632,284.6658,39.252,0.7604,0.3573,7.694,2.9941,-32.8848,-221.0295,2.0,0.0,0.0,0.0,0.0782,thin,False,-32.8848,-221.0295,2.0,213.8,65.03076195155643,-221.22204801708688,31.626657602815573,221.08786299584665,32.5514490603683,thin,thin,thin,0.0782,32.94556223590667,True,True
4136466,2100219392634493568,284.8601,39.2405,1.2985,0.2189,7.8682,3.0555,-19.2139,-230.8088,-10.0,0.0,0.0,0.0,0.0446,thin,False,-19.2139,-230.8088,-10.0,228.3,40.26164427839479,-230.84949729059863,21.22262002387786,230.8043735815476,21.70785884488439,thin,thin,thin,0.0446,21.66042366183081,True,True
4139816,2100082125479729792,286.0791,39.2782,2.2751,0.1291,7.9775,3.0921,-35.8352,-226.3522,-2.0,0.0,0.0,0.0,0.0913,thin,False,-35.8352,-226.3522,-2.0,224.3,47.042533945356304,-226.3718999070496,35.76664553005646,226.32412230241215,36.06773716277136,thin,thin,thin,0.0913,35.89096765260028,True,True
4141593,2100398780531110784,286.7731,39.2775,0.7271,0.3377,7.6886,2.9866,-27.6816,-224.4638,-3.0,-29.6722,-236.4042,0.11,0.0638,thin,True,-29.6722,-236.4042,0.11,228.99,65.81009193125323,-236.6142902252232,27.947557338949537,236.48823383887145,28.99488844212492,thin,thin,thin,0.0638,29.672403893853968,True,True
4142847,2100405381897402496,287.3028,39.2896,1.7698,0.1511,7.9403,3.0776,-22.7662,-223.4121,7.0,0.0,0.0,0.0,0.0487,thin,False,-22.7662,-223.4121,7.0,221.5,37.65634076752546,-223.4372782159032,23.5803457029165,223.39781308888823,23.951348753299044,thin,thin,thin,0.0487,23.818057486705335,True,True
4143755,2099656472742686848,287.655,39.2442,2.5924,0.1083,7.9979,3.098,-38.7941,-235.1133,-21.0,-23.5312,-186.6423,-33.22,0.5522,thick,True,-23.5312,-186.6423,-33.22,185.44,45.87655174487289,-186.65700880268187,40.64249826026352,186.62941543966707,40.76901878446617,thick,thick,thick,0.5522,40.70977491266686,True,True
4147444,2099518758909586304,288.8674,39.2649,4.4937,0.0686,8.0509,3.1162,-6.9926,-236.6539,-9.0,-9.5595,-243.5013,-7.57,0.0551,thin,True,-9.5595,-243.5013,-7.57,243.18,17.465752202524804,-243.5021769293514,12.175989925540112,243.495711275794,12.304612561765952,thin,thin,thin,0.0551,12.193807455015845,True,True
4149450,2101002725951186560,289.4381,39.2704,1.1119,0.204,7.8432,3.0385,23.4381,-226.591,1.0,0.0,0.0,0.0,0.0468,thin,False,23.4381,-226.591,1.0,227.8,1.0,-226.52734108564084,24.06665204530417,226.5949134372214,23.421895832279255,thin,thin,thin,0.0468,23.459423087748768,True,True
4157325,2052975370856687744,291.557,39.2273,1.4641,0.1438,7.9152,3.0626,5.8392,-225.8435,9.0,0.0,0.0,0.0,0.0468,thin,False,5.8392,-225.8435,9.0,225.6,15.0,-225.83488319592357,10.907132156692956,225.84761363809423,10.64027320974842,thin,thin,thin,0.0468,10.728292345009992,True,True
4164922,2052368955838887808,293.345,39.2577,4.5284,0.0566,8.0563,3.1159,-12.9886,-234.0112,-6.0,-19.3903,-255.0327,-2.4,0.0887,thin,True,-19.3903,-255.0327,-2.4,254.45,26.050788855618176,-255.03403464901845,19.521456673190297,255.0208176303269,19.6933662729246,thick,thin,thin,0.0887,19.538263333520714,False,True
4164994,2052356964290178048,293.3628,39.2124,1.0126,0.1764,7.8345,3.0267,21.8134,-223.8754,6.0,21.5723,-223.7925,6.33,0.0468,thin,True,21.5723,-223.7925,6.33,224.79,7.613264739912832,-223.7223931845222,23.16887325249234,223.7920965347883,22.485627155229576,thin,thin,thin,0.0468,22.48183772048006,True,True
4165473,2052450079180319744,293.4701,39.2528,1.507,0.1259,7.9273,3.0642,19.5061,-225.567,11.0,0.0,0.0,0.0,0.0459,thin,False,19.5061,-225.567,11.0,226.4,11.180339887498947,-225.5433041744861,22.631348657453685,225.5843363633832,22.218622538132404,thin,thin,thin,0.0459,22.39392634644492,True,True
4172746,2076232756209821056,295.1039,39.2687,1.7156,0.1023,7.9562,3.0733,-35.4651,-228.8537,-14.0,0.0,0.0,0.0,0.109,thin,False,-35.4651,-228.8537,-14.0,225.9,52.88667128870941,-228.88865424893044,37.91825360052323,228.8232657208903,38.31087397628552,thin,thin,thin,0.109,38.128379430681285,True,True
4175630,2076198190312168576,295.6849,39.2561,0.6837,0.2108,7.7202,2.9702,33.0652,-226.1746,-20.0,0.0,0.0,0.0,0.1146,thin,False,33.0652,-226.1746,-20.0,228.5,20.8806130178211,-225.9444102425805,39.96715501674466,226.10844305168715,39.02847653626714,thin,thin,thin,0.1146,38.643336437735286,True,True
4178389,2073198069763653888,296.1852,39.2627,0.7599,0.184,7.7647,2.9878,15.6669,-225.1567,-10.0,0.0,0.0,0.0,0.0435,thin,False,15.6669,-225.1567,-10.0,224.9,21.470910553583888,-225.05403331170183,19.79121244733098,225.12563915313277,18.95934059753844,thin,thin,thin,0.0435,18.58633249487375,True,True
4242147,2100314358653051392,284.9696,39.3603,2.7022,0.1171,7.9992,3.1002,7.4845,-228.9864,6.0,0.0,0.0,0.0,0.0476,thin,False,7.4845,-228.9864,6.0,229.1,6.324555320336759,-228.9831905016576,9.669977646385272,228.9914681405509,9.471933215297444,thin,thin,thin,0.0476,9.592587776507443,True,True
4243911,2100279865772807424,285.6174,39.3795,1.6082,0.1765,7.9193,3.0718,-26.6816,-220.5977,10.0,0.0,0.0,0.0,0.061,thin,False,-26.6816,-220.5977,10.0,218.2,43.17406628984581,-220.6351232621388,28.20252441007428,220.584462246691,28.59606643120961,thin,thin,thin,0.061,28.493995482557374,True,True
4248120,2100414933904708608,287.2925,39.3832,0.9849,0.2538,7.7996,3.0259,-6.8103,-227.2061,-5.0,0.0,0.0,0.0,0.0498,thin,False,-6.8103,-227.2061,-5.0,224.9,33.37663853655727,-227.2258698196653,7.900258520866434,227.20504457862825,8.478072777675838,thin,thin,thin,0.0498,8.44867954712451,True,True
4249611,2099741001996970624,287.8483,39.3584,0.9749,0.2493,7.7984,3.0244,-6.7665,-233.2917,-23.0,0.0,0.0,0.0,0.0481,thin,False,-6.7665,-233.2917,-23.0,230.9,41.04875150354759,-233.31167890753764,23.779623322207044,233.29079112998164,23.983677239891108,thin,thin,thin,0.0481,23.974685029213628,True,True
4249725,2099740761478810624,287.8916,39.3391,2.5468,0.1091,7.9965,3.0971,-14.0956,-223.0474,16.0,0.0,0.0,0.0,0.0461,thin,False,-14.0956,-223.0474,16.0,222.2,28.844410203711917,-223.05567792636447,21.236867584696565,223.03881536344863,21.413239859242733,thin,thin,thin,0.0461,21.323366041973767,True,True
4252671,2099519450405104640,288.8691,39.3098,1.0574,0.2208,7.8259,3.0329,-6.5288,-235.0965,-26.0,0.0,0.0,0.0,0.0545,thin,False,-6.5288,-235.0965,-26.0,233.0,41.23105625617661,-235.11145195940625,26.67592842882532,235.09251188711457,26.842333255641037,thin,thin,thin,0.0545,26.807186152970253,True,True
4254466,2101006883479557504,289.4067,39.3388,0.9201,0.2416,7.7885,3.0172,4.5805,-222.0469,8.0,11.9141,-187.198,0.68,0.2764,thin,True,11.9141,-187.198,0.68,187.23,11.420262694001396,-187.14668668587183,12.71270870035618,187.18969565185523,12.062882813233854,thick,thin,thin,0.2764,11.933489800138096,False,True
4262040,2052977157563110656,291.5072,39.3237,2.0772,0.1079,7.9772,3.0864,7.4104,-224.9335,17.0,14.9062,-197.2582,11.15,0.129,thin,True,14.9062,-197.2582,11.15,197.78,11.849160307802403,-197.2408753312833,18.798087630106664,197.26331041932613,18.5611789067554,thick,thin,thin,0.129,18.61497511252701,False,True
4262581,2052983514114840192,291.6463,39.3966,1.4024,0.1492,7.9087,3.0592,7.1373,-232.1006,-16.0,15.6132,-195.0267,-23.06,0.1823,thin,True,15.6132,-195.0267,-23.06,195.65,23.065420004847084,-195.00048579398495,28.03117264956749,195.03585964198336,27.783980163262527,thick,thin,thin,0.1823,27.84844006834135,False,True
4263293,2052794982231985664,291.8343,39.3073,1.759,0.1218,7.9513,3.076,3.0288,-229.1943,-1.0,1.6599,-233.834,-0.55,0.0705,thin,True,1.6599,-233.834,-0.55,233.44,13.681059900460928,-233.8318984814578,2.0120269772548647,233.8349724174219,1.615758194638693,thin,thin,thin,0.0705,1.7486474801971952,True,True
4263529,2053170843410198656,291.8892,39.3617,1.9408,0.1124,7.9674,3.0821,1.5131,-243.9419,-47.0,-6.5512,-274.7061,-41.35,0.6874,thick,True,-6.5512,-274.7061,-41.35,273.83,47.257982394511934,-274.7119613904271,41.82731247671136,274.70147463615825,41.89612908993018,thick,thick,thick,0.6874,41.86574639774144,True,True
4270253,2052452140764708480,293.5308,39.3159,0.9482,0.1848,7.8195,3.0194,54.9831,-217.9217,31.0,56.819,-208.427,29.79,0.9137,thick,True,56.819,-208.427,29.79,213.8,42.979117022107374,-208.1854521716272,64.93428989443977,208.3807737789353,64.30472470427206,thin,thick,thick,0.9137,64.15483505551238,False,True
4274548,2052421285718876416,294.5085,39.3987,1.7683,0.104,7.961,3.0757,50.6231,-235.6789,-13.0,0.0,0.0,0.0,0.4441,thin,False,50.6231,-235.6789,-13.0,238.5,37.33630940518894,-235.6179374031343,52.53986651955519,235.70843652990337,52.13235989890065,thin,thin,thin,0.4441,52.26565080059752,True,True
4275721,2076249351963553152,294.7698,39.3984,1.2466,0.1364,7.8949,3.0475,-78.597,-220.8614,8.0,0.0,0.0,0.0,0.9965,thick,False,-78.597,-220.8614,8.0,212.5,99.32270636667126,-221.0032904804908,78.60531532152157,220.80183977127845,79.16942309767504,thick,thick,thick,0.9965,79.00309113572708,True,True
4349442,2100451630105040256,286.6355,39.4886,4.1133,0.0797,8.0431,3.1142,5.3436,-231.3405,6.0,1.1604,-244.7802,9.53,0.0612,thin,True,1.1604,-244.7802,9.53,244.72,11.028299959649264,-244.7799630087985,9.605806026110038,244.78077543243032,9.58508104807266,thin,thin,thin,0.0612,9.60038687553788,True,True
4349452,2100451630105041152,286.6384,39.4879,4.1456,0.0794,8.0435,3.1143,5.2884,-230.4415,6.0,2.3986,-239.6538,8.83,0.0539,thin,True,2.3986,-239.6538,8.83,239.63,9.75235868905569,-239.65352695688367,9.156004430221373,239.65521434058772,9.11173086559019,thin,thin,thin,0.0539,9.149982620748522,True,True
4365645,2052984785425250176,291.7484,39.4468,2.7985,0.0854,8.0146,3.1004,-22.2025,-238.3168,-29.0,-21.606,-234.579,-30.01,0.1027,thin,True,-21.606,-234.579,-30.01,233.49,43.32623454675008,-234.58915813888933,36.91435471042665,234.5652983369945,37.06566492155199,thin,thin,thin,0.1027,36.97863350639123,True,True
4366323,2053171427525774592,291.9376,39.4199,0.7326,0.258,7.7229,2.9835,-11.4642,-226.6309,-11.0,0.0,0.0,0.0,0.0428,thin,False,-11.4642,-226.6309,-11.0,222.0,48.27007354458868,-226.69689531841857,14.917025608008222,226.64979134465037,15.616404305295674,thin,thin,thin,0.0428,15.887979155323688,True,True
4367854,2053160982165246592,292.379,39.4358,1.7619,0.1187,7.954,3.0758,-16.0446,-228.1472,-4.0,0.0,0.0,0.0,0.0424,thin,False,-16.0446,-228.1472,-4.0,226.6,31.25699921617557,-228.1641451836147,16.299780754059395,228.13565496128936,16.693799309430233,thin,thin,thin,0.0424,16.535694396063324,True,True
4370527,2053124285963894784,293.0633,39.4034,0.8979,0.2022,7.7984,3.0113,-22.6039,-227.7663,-8.0,-20.0683,-209.1693,-11.61,0.0716,thin,True,-20.0683,-209.1693,-11.61,204.79,48.4806868763222,-209.23456137815575,22.58803720757442,209.1633945770776,23.237802585308064,thin,thin,thin,0.0716,23.1846665900116,True,True
4372620,2052459734267027072,293.5787,39.4479,1.0061,0.1773,7.8364,3.0254,-62.6327,-222.4609,2.0,0.0,0.0,0.0,0.8386,thick,False,-62.6327,-222.4609,2.0,213.7,88.02272433866155,-222.63758569243367,62.03382494288301,222.43795807763735,62.74587481461416,thick,thick,thick,0.8386,62.66462406565606,True,True
4384909,2073293727272083840,296.2217,39.4057,1.0638,0.14,7.8652,3.0311,-17.549,-222.6935,12.0,0.0,0.0,0.0,0.0463,thin,False,-17.549,-222.6935,12.0,219.4,43.68065933568311,-222.7414899179676,20.75063057171879,222.6890467199256,21.306066529765243,thin,thin,thin,0.0463,21.259524947655816,True,True
4454752,2099714751157275264,288.755,39.5637,1.8453,0.138,7.9527,3.0796,32.4844,-232.835,-3.0,0.0,0.0,0.0,0.073,thin,False,32.4844,-232.835,-3.0,234.4,18.24828759089466,-232.8073992668394,32.81881848285261,232.86181120061485,32.43049312559406,thin,thin,thin,0.073,32.6226339120556,True,True
4458082,2101035367703145088,289.7473,39.5234,1.0609,0.2107,7.8353,3.0335,-15.3014,-229.6927,-14.0,0.0,0.0,0.0,0.0437,thin,False,-15.3014,-229.6927,-14.0,226.7,42.37924020083418,-229.73832238853453,20.228525059968348,229.69355183180983,20.730707824086974,thin,thin,thin,0.0437,20.739644210063005,True,True
4466677,2053165655089863808,292.2761,39.5501,1.1399,0.1723,7.866,3.0401,-31.4475,-224.1408,0.0,0.0,0.0,0.0,0.0682,thin,False,-31.4475,-224.1408,0.0,219.8,54.0,-224.2262871954143,30.83199848468439,224.13908990501383,31.45963090298624,thin,thin,thin,0.0682,31.4475,True,True
4472818,2052480728067657600,293.8854,39.5198,2.6081,0.0809,8.0112,3.0968,9.1463,-226.6177,18.0,167.4905,-203.9419,351.67,1.0,thick,True,167.4905,-203.9419,351.67,211.23,385.615130538209,-203.87828488573385,389.55203343334193,204.07838183930775,389.4472440085431,thick,thick,thick,1.0,389.5187498571154,True,True
4473226,2052482617853346944,293.9836,39.5728,0.8383,0.2038,7.7846,3.0015,-8.376,-227.0937,-10.0,-9.1427,-234.1902,-9.05,0.045,thin,True,-9.1427,-234.1902,-9.05,230.62,42.7196090806084,-234.22280905028904,12.256635777890024,234.18898350910388,12.886791802954257,thin,thin,thin,0.045,12.864348537333711,True,True
4473613,2052435819888356864,294.0827,39.5561,1.1181,0.1566,7.87,3.0376,-4.7184,-224.6022,5.0,0.0,0.0,0.0,0.0542,thin,False,-4.7184,-224.6022,5.0,222.9,28.442925306655784,-224.61549229819963,6.4257777457210326,224.6029823156049,6.849111981571088,thin,thin,thin,0.0542,6.874830802281609,True,True
4474462,2052436919400076672,294.3009,39.519,1.0735,0.1601,7.8591,3.0327,-49.5869,-218.1797,21.0,-46.5799,-202.1581,18.77,0.5447,thick,True,-46.5799,-202.1581,18.77,195.9,70.80328947160577,-202.2858527544356,49.70261135404045,202.14703859290552,50.26420782344407,thick,thick,thick,0.5447,50.21951795875783,True,True
4544670,2100289761377584000,285.92,39.6248,0.4197,0.5838,7.3942,2.8746,16.0562,-233.0219,-25.0,0.0,0.0,0.0,0.0613,thin,False,16.0562,-233.0219,-25.0,229.0,52.354560450833695,-232.64986411847488,32.49678023520442,232.8067691927853,31.35296186992815,thin,thin,thin,0.0613,29.711976683485737,True,True
4545187,2100654421280638976,286.1621,39.678,1.9201,0.1495,7.955,3.0829,17.1275,-240.3091,-19.0,0.0,0.0,0.0,0.0572,thin,False,17.1275,-240.3091,-19.0,240.9,19.235384061671343,-240.2930139183533,25.730865940229705,240.32029916098017,25.47476812803181,thin,thin,thin,0.0572,25.580290386350192,True,True
4545570,2100656826462352128,286.3301,39.6831,0.8906,0.2913,7.7688,3.0146,-31.1939,-213.6702,22.0,0.0,0.0,0.0,0.1375,thin,False,-31.1939,-213.6702,22.0,208.0,62.03224967708329,-213.803443949193,37.41774118602409,213.69429190177547,38.03616185419847,thin,thin,thin,0.1375,38.171447407846614,True,True
4547603,2100432835328461824,287.1925,39.6261,1.3133,0.1986,7.8815,3.0551,-0.4013,-226.7833,-1.0,0.0,0.0,0.0,0.0732,thin,False,-0.4013,-226.7833,-1.0,225.9,20.024984394500787,-226.78361919751677,1.0000318373572905,226.78299993165757,1.1317870814902529,thin,thin,thin,0.0732,1.0775164453501394,True,True
4548098,2100524610190045312,287.41,39.6586,1.7648,0.1533,7.9418,3.0768,-36.9577,-218.0508,17.0,-37.142,-217.682,16.75,0.1548,thin,True,-37.142,-217.682,16.75,214.82,53.83222176354976,-217.70312782487667,40.6311288947945,217.63820574548177,40.97745599579534,thin,thin,thin,0.1548,40.74421018991533,True,True
4552729,2101213969621559680,289.1099,39.6854,2.1775,0.1185,7.9804,3.0892,19.1567,-231.6146,2.0,0.0,0.0,0.0,0.0431,thin,False,19.1567,-231.6146,2.0,232.3,7.280109889280518,-231.59929690605176,19.44365378786836,231.6264113030064,19.11793887662824,thin,thin,thin,0.0431,19.26081916456307,True,True
4563268,2053177406120368896,292.1505,39.6375,1.302,0.1558,7.8973,3.0526,-10.3455,-232.8411,-19.0,0.0,0.0,0.0,0.0451,thin,False,-10.3455,-232.8411,-19.0,231.0,36.359317925395686,-232.8609195177821,21.419434197313127,232.8361382733826,21.68715550592667,thin,thin,thin,0.0451,21.63398646227736,True,True
4570949,2052441008208934144,294.1921,39.619,1.198,0.1471,7.8876,3.0445,4.9191,-225.8869,2.0,2.4683,-240.1315,4.18,0.0651,thin,True,2.4683,-240.1315,4.18,239.24,21.235460908584017,-240.12414738173405,5.207326012002738,240.13158725736125,4.85213368120816,thin,thin,thin,0.0651,4.854369669689361,True,True
4587135,2073441405433688448,297.5996,39.6264,0.7617,0.1673,7.7824,2.9873,48.7865,-222.5458,3.0,0.0,0.0,0.0,0.3164,thin,False,48.7865,-222.5458,3.0,227.4,14.317821063276352,-222.2540060849306,50.1888112949452,222.46782865216383,49.232359427428186,thin,thin,thin,0.3164,48.8786516001618,True,True
4644952,2101230049979183232,288.812,39.7706,1.9666,0.1313,7.9647,3.0834,-4.5322,-231.5562,-8.0,-11.2822,-255.8101,-1.83,0.0955,thin,True,-11.2822,-255.8101,-1.83,254.72,26.21395429918958,-255.8180178235748,11.251291339983302,255.80028322325356,11.647527759284312,thick,thin,thin,0.0955,11.429651649984788,False,True
4645174,2101229019187047040,288.8835,39.7447,0.8221,0.2784,7.7536,3.0023,161.0599,-248.4417,-54.0,0.0,0.0,0.0,1.0,thick,False,161.0599,-248.4417,-54.0,268.4,136.1653406708183,-247.6513808755351,171.0215002578349,248.28389863773336,170.10192731785182,thick,thick,thick,1.0,169.8713966152336,True,True
4650674,2101074331646054656,290.4774,39.732,0.7914,0.2646,7.7491,2.9961,15.3296,-221.9217,5.0,0.0,0.0,0.0,0.0452,thin,False,15.3296,-221.9217,5.0,221.8,17.72004514666935,-221.8351037898633,17.275031882476465,221.90085013243305,16.40892167400065,thin,thin,thin,0.0452,16.124411188009315,True,True
4650733,2101083368257255040,290.4931,39.7855,0.6242,0.3289,7.6531,2.9566,42.9763,-218.7269,10.0,0.0,0.0,0.0,0.2083,thin,False,42.9763,-218.7269,10.0,222.9,10.198039027185567,-218.37819385259164,45.81893112764545,218.6099966263355,44.69988115234297,thin,thin,thin,0.2083,44.12439644561725,True,True
4665571,2076454445237794432,294.6647,39.7838,2.0137,0.0949,7.9831,3.0835,10.1139,-225.5933,21.0,0.0,0.0,0.0,0.0469,thin,False,10.1139,-225.5933,21.0,225.8,21.213203435596427,-225.58546641611548,23.38455348779701,225.6012698247201,23.231596016499257,thin,thin,thin,0.0469,23.308602987094698,True,True
4670217,2076228564321462912,295.7052,39.7568,1.5965,0.1065,7.9506,3.0679,19.914,-229.0555,0.0,0.0,0.0,0.0,0.0432,thin,False,19.914,-229.0555,0.0,229.9,3.0,-229.0334651813412,20.166353835717743,229.0731669166531,19.710256182383937,thin,thin,thin,0.0432,19.914,True,True
4725681,2103311150611475968,283.8664,39.8982,3.4086,0.1021,8.0258,3.109,32.7393,-236.6578,1.0,0.0,0.0,0.0,0.0773,thin,False,32.7393,-236.6578,1.0,237.6,25.019992006393608,-236.64782629371123,32.82630516006141,236.67632796771767,32.6201744280646,thin,thin,thin,0.0773,32.754568604852665,True,True
4736644,2101234688543862016,288.6949,39.8831,1.6775,0.1515,7.9386,3.0732,-76.4733,-215.3253,14.0,0.0,0.0,0.0,0.9956,thick,False,-76.4733,-215.3253,14.0,209.6,92.07062506576132,-215.39685692345049,77.54581889114722,215.25541978146504,77.93756638941997,thick,thick,thick,0.9956,77.74423202328259,True,True
4741126,2101093092063293824,290.0908,39.8169,1.1302,0.1977,7.858,3.04,-36.7408,-221.2692,9.0,-38.0461,-228.4789,10.08,0.1214,thin,True,-38.0461,-228.4789,10.08,223.44,61.85682904902255,-228.58270375779324,38.75110892318998,228.47679024797876,39.37076603243994,thin,thin,thin,0.1214,39.358761733697875,True,True
4742414,2101084708287433984,290.4493,39.8548,1.1245,0.1957,7.8576,3.0389,32.139,-233.8373,-18.0,42.7096,-184.8155,-28.66,0.8539,thick,True,42.7096,-184.8155,-28.66,188.22,37.088100517551446,-184.7126638657494,51.8027741305298,184.8338249694632,51.368791568011765,thick,thick,thick,0.8539,51.43447804887302,True,True
4742452,2101084433409522048,290.4608,39.8372,0.567,0.3614,7.6064,2.937,23.1713,-224.8824,-10.0,0.0,0.0,0.0,0.0501,thin,False,23.1713,-224.8824,-10.0,224.9,25.079872407968907,-224.6740185696438,27.02952792350164,224.8160997989692,25.821140005428283,thin,thin,thin,0.0501,25.237058935026482,True,True
4750669,2053243101938689024,292.9666,39.8996,0.9676,0.1944,7.8284,3.0207,-26.583,-220.7151,15.0,0.0,0.0,0.0,0.0677,thin,False,-26.583,-220.7151,15.0,215.9,55.08175741568164,-220.7906191884552,29.97186144333663,220.70300042172212,30.610383938286628,thin,thin,thin,0.0677,30.523038659347137,True,True
4757437,2076454926274192128,294.7102,39.825,0.7905,0.2049,7.7778,2.9941,-34.3441,-224.7861,-3.0,0.0,0.0,0.0,0.0829,thin,False,-34.3441,-224.7861,-3.0,217.3,67.06713054842886,-224.9771094860288,33.20527378762941,224.83865296089172,34.13019388652358,thin,thin,thin,0.0829,34.474877879551656,True,True
4760746,2076280447527786880,295.4783,39.8677,0.388,0.368,7.4458,2.8398,-32.5961,-227.0459,10.0,0.0,0.0,0.0,0.0796,thin,False,-32.5961,-227.0459,10.0,207.1,99.10580205013224,-227.5833996111417,30.30125775335738,227.32955381319,32.15033379447133,thick,thin,thin,0.0796,34.09553834756096,False,True
4760959,2076277080273423616,295.5262,39.8068,0.7499,0.2019,7.7657,2.986,-35.9094,-229.2342,-24.0,0.0,0.0,0.0,0.1742,thin,False,-35.9094,-229.2342,-24.0,220.9,74.94664769020693,-229.46025775489335,41.9738026756916,229.3076584483332,42.79962356075794,thin,thin,thin,0.1742,43.19126078687678,True,True
4762283,2076325458782084352,295.7925,39.8925,2.3221,0.0799,8.0049,3.0911,-8.6207,-225.5232,17.0,0.0,0.0,0.0,0.0435,thin,False,-8.6207,-225.5232,17.0,224.8,26.248809496813376,-225.5284865554566,18.998467096196062,225.51678745440503,19.13683819873912,thin,thin,thin,0.0435,19.06086221790609,True,True
4770365,2073652546016392448,297.4304,39.8479,1.8473,0.0844,7.9805,3.0779,19.6108,-229.0163,9.0,0.0,0.0,0.0,0.0444,thin,False,19.6108,-229.0163,9.0,229.8,10.295630140987,-228.99368398708012,21.815881692594758,229.0275408998196,21.457528035202305,thin,thin,thin,0.0444,21.577383452124128,True,True
4813563,2103502465633672320,283.6053,39.9979,2.8236,0.1202,8.0061,3.1022,-14.7151,-235.7636,-12.0,0.0,0.0,0.0,0.0448,thin,False,-14.7151,-235.7636,-12.0,235.0,26.83281572999748,-235.7690369013231,18.919863599470105,235.75346318247657,19.11294319221032,thin,thin,thin,0.0448,18.987737306219508,True,True
4815520,2103392720630278656,284.4722,39.9119,5.3174,0.0717,8.0606,3.1206,13.9733,-237.0591,0.0,20.9409,-216.8386,-5.91,0.0528,thin,True,20.9409,-216.8386,-5.91,217.23,17.422979079365273,-216.83589788712945,21.78592406767216,216.8475189467842,21.66994754548494,thin,thin,thin,0.0528,21.758892269828443,True,True
4827723,2101248088842146688,289.4179,39.9451,2.68,0.0998,8.0085,3.0989,27.143,-237.0575,-8.0,34.9334,-209.4899,-14.44,0.1538,thin,True,34.9334,-209.4899,-14.44,210.79,29.7058108793549,-209.47293738175603,37.89390194554936,209.5128872112689,37.67239562860458,thin,thin,thin,0.1538,37.800212109986894,True,True
4831728,2101087044750770688,290.5767,39.9569,0.5444,0.3725,7.5926,2.9295,26.8942,-219.866,3.0,0.0,0.0,0.0,0.058,thin,False,26.8942,-219.866,3.0,220.6,20.223748416156685,-219.57597559024407,29.32150991324526,219.7487022964052,27.997639883495246,thin,thin,thin,0.058,27.061005037507385,True,True
4847534,2076477053946253952,295.0021,39.9529,1.8873,0.0982,7.9768,3.0797,-12.5107,-234.7227,-30.0,0.0,0.0,0.0,0.0739,thin,False,-12.5107,-234.7227,-30.0,233.5,40.36087214122113,-234.73617552496148,32.40644843105251,234.7153467001588,32.55696582030108,thin,thin,thin,0.0739,32.50411688525009,True,True
4850961,2076325527501566208,295.7855,39.9079,0.6291,0.2315,7.7055,2.9567,22.8441,-225.4435,-15.0,0.0,0.0,0.0,0.0542,thin,False,22.8441,-225.4435,-15.0,225.8,24.20743687382041,-225.21952119127224,29.1171302565014,225.34731993585572,28.11094800477364,thin,thin,thin,0.0542,27.328609639167524,True,True
4857058,2073697660354300544,297.042,39.9122,2.3442,0.0734,8.0091,3.0913,-14.6005,-227.1212,13.0,0.0,0.0,0.0,0.0432,thin,False,-14.6005,-227.1212,13.0,226.1,29.068883707497267,-227.1293539858852,19.454216970993027,227.10966052297547,19.682786823487053,thin,thin,thin,0.0432,19.549286438384396,True,True
4857213,2073697419836171264,297.0747,39.9339,3.1903,0.0595,8.039,3.1047,11.59,-232.6308,8.0,0.0,0.0,0.0,0.0436,thin,False,11.59,-232.6308,8.0,232.9,8.54400374531753,-232.6267356961129,14.149623294307698,232.63809779455767,13.961570632626218,thin,thin,thin,0.0436,14.082900979556733,True,True
4914423,2101243789577188736,288.9846,40.0645,1.9752,0.1313,7.9675,3.0833,-15.6621,-229.4021,-1.0,-11.4229,-215.3613,-4.55,0.0555,thin,True,-11.4229,-215.3613,-4.55,214.33,24.37837156169378,-215.36664306275225,12.200940778525544,215.34867416958943,12.514089395557262,thin,thin,thin,0.0555,12.295736838839712,True,True
4914566,2101241285613832192,289.0331,40.0869,1.2755,0.1911,7.884,3.0508,44.1325,-231.0501,-4.0,0.0,0.0,0.0,0.1958,thin,False,44.1325,-231.0501,-4.0,234.1,23.345235059857504,-231.00330960984311,44.55649166282004,231.1119602010874,43.98945159934338,thin,thin,thin,0.1958,44.313401542309975,True,True
4915638,2101249188353780480,289.377,40.0011,1.0839,0.2144,7.8456,3.0355,-59.4324,-225.761,-7.0,0.0,0.0,0.0,0.7417,thick,False,-59.4324,-225.761,-7.0,218.2,83.2946576918352,-225.91628841358192,59.25428785692446,225.7431718608999,59.91043613745612,thick,thick,thick,0.7417,59.84321323057444,True,True
4918303,2101144597311350272,290.125,40.0983,0.7055,0.3042,7.7086,2.9777,-12.4215,-231.3269,-20.0,0.0,0.0,0.0,0.0468,thin,False,-12.4215,-231.3269,-20.0,226.2,53.85164807134504,-231.3962741126932,22.85179044983892,231.34286989598672,23.38624699024124,thin,thin,thin,0.0468,23.543442022142813,True,True
4939346,2076373321899335808,295.8093,40.0085,0.4129,0.3383,7.501,2.8608,-10.3845,-223.8415,5.0,0.0,0.0,0.0,0.0468,thin,False,-10.3845,-223.8415,5.0,212.2,72.17340230306452,-223.99774063841505,7.927937240250079,223.94088237791053,9.39793593310922,thin,thin,thin,0.0468,11.525529933586569,True,True
4939533,2076326455214939776,295.8474,40.0067,0.6803,0.2169,7.7374,2.97,-22.5834,-221.1018,14.0,0.0,0.0,0.0,0.0555,thin,False,-22.5834,-221.1018,14.0,214.0,61.61168720299745,-221.26958324806077,25.13506572956439,221.1660731077444,26.030138418761027,thin,thin,thin,0.0555,26.57084785173405,True,True
4947556,2073655432234604288,297.5771,40.0277,3.638,0.0534,8.0504,3.1092,-7.445,-233.3636,-5.0,-3.8604,-220.1706,-6.91,0.0559,thin,True,-3.8604,-220.1706,-6.91,219.93,12.98184116371788,-220.1716736574884,7.884619132237024,220.1683201881868,7.977711796753168,thin,thin,thin,0.0559,7.9152250858709,True,True
4951877,2073562489151839872,298.4732,40.0759,0.6522,0.1821,7.7452,2.9612,7.3569,-218.7284,25.0,0.0,0.0,0.0,0.0571,thin,False,7.3569,-218.7284,25.0,216.5,40.60788100849391,-218.66353077412495,26.599065949639737,218.70667974872515,26.24191748498161,thin,thin,thin,0.0571,26.060007245010503,True,True
4989057,2103516759284836992,283.4693,40.1325,1.8125,0.1761,7.9434,3.0801,-35.4568,-221.3984,5.0,0.0,0.0,0.0,0.0954,thin,False,-35.4568,-221.3984,5.0,218.8,49.25444142409901,-221.4321205520871,35.59853912460394,221.3730196494901,35.96423461254932,thin,thin,thin,0.0954,35.80760626235716,True,True
4995716,2100690464646750848,286.5475,40.1506,1.054,0.2517,7.8288,3.0338,46.3772,-242.6182,-33.0,47.8478,-236.1323,-34.97,0.7349,thick,True,47.8478,-236.1323,-34.97,239.91,41.40007850234103,-236.0003098050703,59.78819592453706,236.14391134480027,59.21847460699323,thin,thick,thick,0.7349,59.26476917056203,False,True
5003670,2101255751063996672,289.5484,40.1641,1.1327,0.2053,7.8603,3.0401,-14.8286,-229.4828,-13.0,0.0,0.0,0.0,0.0431,thin,False,-14.8286,-229.4828,-13.0,226.8,40.162171256046406,-229.51928859065583,19.29083110804787,229.47855163386595,19.769530596934363,thin,thin,thin,0.0431,19.720227634588806,True,True
5004909,2101160402790891648,289.9197,40.1685,0.7598,0.2863,7.7401,2.9906,-12.008,-220.3107,9.0,-14.2443,-234.3365,12.47,0.0439,thin,True,-14.2443,-234.3365,12.47,229.53,50.87202866015862,-234.4203480997774,17.862939197656857,234.3637482411567,18.590796388420756,thin,thin,thin,0.0439,18.931481254513606,True,True
5005121,2101148411242230272,289.9793,40.1428,0.7118,0.303,7.7141,2.9801,0.3341,-225.8869,-6.0,0.0,0.0,0.0,0.0557,thin,False,0.3341,-225.8869,-6.0,223.0,36.49657518178932,-225.87971452941548,6.273321616955802,225.88572070047096,6.0531961498712015,thin,thin,thin,0.0557,6.009294701543602,True,True
5007345,2101123534792103168,290.6333,40.137,0.7599,0.2755,7.7438,2.9903,-24.8206,-221.9784,5.0,-19.5465,-193.8115,-1.12,0.1637,thin,True,-19.5465,-193.8115,-1.12,188.65,48.55291958265743,-193.92893389349945,18.378713201166608,193.8489052228248,19.20443813060637,thick,thin,thin,0.1637,19.578561291627125,False,True
5009743,2053438127812903296,291.4056,40.1254,1.2951,0.1662,7.8984,3.0521,-46.0284,-225.4186,-8.0,0.0,0.0,0.0,0.2497,thin,False,-46.0284,-225.4186,-8.0,220.4,66.48308055437865,-225.49910488141293,46.32832500405696,225.38687592465567,46.8712722349613,thin,thin,thin,0.2497,46.71845038697238,True,True
5020319,2076524710904427520,294.3736,40.1946,1.7551,0.1095,7.9654,3.0749,9.1398,-226.7952,5.0,0.0,0.0,0.0,0.0468,thin,False,9.1398,-226.7952,5.0,226.9,7.810249675906654,-226.7863011096609,10.610543294206206,226.80278075400244,10.252250594474845,thin,thin,thin,0.0468,10.418058554260481,True,True
5021899,2076495402046502016,294.7768,40.1537,1.0217,0.1663,7.8582,3.0271,-21.7696,-222.1403,8.0,0.0,0.0,0.0,0.0487,thin,False,-21.7696,-222.1403,8.0,218.2,47.67598976424087,-222.2100216889812,22.51546714999477,222.1424448401788,23.172703778974736,thin,thin,thin,0.0487,23.193005069632527,True,True
5027859,2076333602040400768,296.0188,40.1079,0.9573,0.1617,7.8459,3.0183,-62.2055,-221.7323,12.0,0.0,0.0,0.0,0.8582,thick,False,-62.2055,-221.7323,12.0,212.4,89.80534505250787,-221.91785933375783,62.69947135919451,221.7080961999643,63.43721367925431,thick,thick,thick,0.8582,63.352381409462424,True,True
5036705,2073671753111037440,297.9058,40.1628,0.5953,0.2092,7.705,2.9435,2.7254,-221.9035,7.0,0.0,0.0,0.0,0.0549,thin,False,2.7254,-221.9035,7.0,218.1,41.593268686170845,-221.87257713436344,8.37672464367389,221.8947108400204,7.768352542446455,thin,thin,thin,0.0549,7.511844324798005,True,True
5083138,2100706098328129920,286.2154,40.2033,0.599,0.4299,7.6103,2.9503,-66.6531,-223.8566,3.0,0.0,0.0,0.0,0.9248,thick,False,-66.6531,-223.8566,3.0,207.1,108.04165863221463,-224.3158256257864,65.1599598973311,223.95957115716527,66.374095000223,thick,thick,thick,0.9248,66.72057958089093,True,True
5088400,2101303889057595136,288.397,40.2132,1.0451,0.2339,7.8342,3.0318,18.3516,-221.3215,11.0,17.7058,-223.4953,11.56,0.0457,thin,True,17.7058,-223.4953,11.56,224.09,13.45243472387062,-223.44685117581088,21.651808229684335,223.5012977750896,21.082362126923645,thin,thin,thin,0.0457,21.14542394089085,True,True
5088536,2101305259145506816,288.4506,40.2452,3.155,0.0919,8.026,3.1056,-45.9723,-224.0978,6.0,-53.956,-251.6727,12.45,0.7077,thick,True,-53.956,-251.6727,12.45,249.57,64.18896634157618,-251.70065087825768,55.246634716165765,251.6485966646282,55.48325960795084,thick,thick,thick,0.7077,55.373752229734265,True,True
5088591,2101305469605609088,288.4715,40.2698,1.8159,0.1445,7.9553,3.0785,24.6937,-232.4058,-5.0,0.0,0.0,0.0,0.0497,thin,False,24.6937,-232.4058,-5.0,233.5,11.180339887498947,-232.38466868525109,25.38928435474452,232.42672764438075,25.00132549535836,thin,thin,thin,0.0497,25.194817318051744,True,True
5091479,2101260767585789056,289.4432,40.2536,0.6543,0.3385,7.6769,2.9656,42.7709,-217.6738,14.0,0.0,0.0,0.0,0.2313,thin,False,42.7709,-217.6738,14.0,221.8,14.560219778561036,-217.36172170856767,46.48786869589955,217.5797724325172,45.45638160054132,thin,thin,thin,0.2313,45.00388746330699,True,True
5092266,2101351511654637696,289.6786,40.2496,0.5889,0.3703,7.6277,2.9445,55.4056,-216.1344,12.0,0.0,0.0,0.0,0.6506,thick,False,55.4056,-216.1344,12.0,222.8,16.97056274847714,-215.72162769015296,58.24104520620353,216.03555553307123,57.065565321981296,thin,thick,thick,0.6506,56.690215305288795,False,True
5094751,2101175933393051008,290.3927,40.2849,2.0933,0.118,7.9809,3.0863,22.291,-221.7067,28.0,25.9327,-206.2618,24.95,0.1533,thin,True,25.9327,-206.2618,24.95,207.38,28.852427974089117,-206.2501142153104,36.052980267537215,206.2884491871439,35.832983855145955,thin,thin,thin,0.1533,35.98621165516037,True,True
5095082,2101129032350251904,290.4999,40.2877,0.7549,0.2821,7.7412,2.9883,57.0771,-231.9043,-25.0,0.0,0.0,0.0,0.8269,thick,False,57.0771,-231.9043,-25.0,237.9,32.64965543462902,-231.5998701522196,63.43429786381349,231.84807078622305,62.52105303580967,thin,thick,thick,0.8269,62.31208024460426,False,True
5106313,2053266741439477248,293.7936,40.241,1.9208,0.1054,7.9778,3.0809,62.2513,-233.0531,4.0,0.0,0.0,0.0,0.8307,thick,False,62.2513,-233.0531,4.0,236.4,48.16637831516918,-232.9945296598816,62.59799636226845,233.096520370635,62.21713743898962,thin,thick,thick,0.8307,62.37967899636868,False,True
5113822,2076391669999950720,295.5594,40.2362,1.8959,0.0961,7.9807,3.0796,-3.8827,-227.8788,5.0,-9.7964,-255.2681,9.43,0.0896,thin,True,-9.7964,-255.2681,9.43,254.17,27.281585364490827,-255.27580982458912,13.451197656722009,255.25945270286317,13.758110547410938,thick,thin,thin,0.0896,13.597586291691625,False,True
5120087,2073719238270085504,296.8857,40.2282,1.2849,0.1193,7.9207,3.0497,-30.4552,-225.3443,1.0,-28.676,-214.2442,-0.22,0.0722,thin,True,-28.676,-214.2442,-0.22,210.71,48.21050196793226,-214.29626148736963,28.28548943428267,214.22488090043976,28.821120783071382,thin,thin,thin,0.0722,28.67684389886725,True,True
5125347,2073767994738269952,298.0845,40.2833,0.6781,0.1864,7.7567,2.9666,26.7044,-220.0104,11.0,0.0,0.0,0.0,0.0629,thin,False,26.7044,-220.0104,11.0,221.3,16.278820596099706,-219.85143513406703,30.06719922924514,219.98472906547272,29.07591749181044,thin,thin,thin,0.0629,28.881221915978553,True,True
5126182,2073579978259113984,298.2933,40.2396,1.1465,0.1175,7.904,3.0381,-38.2296,-222.4383,17.0,0.0,0.0,0.0,0.1582,thin,False,-38.2296,-222.4383,17.0,217.3,63.324560795950255,-222.52041854921663,41.39991942844154,222.4130802229588,41.97275003780079,thin,thin,thin,0.1582,41.839004722387934,True,True
5128673,2073591420052466048,298.8358,40.2931,1.2576,0.104,7.9275,3.0478,-51.2933,-223.4867,6.0,0.0,0.0,0.0,0.4095,thin,False,-51.2933,-223.4867,6.0,217.7,72.24956747275377,-223.6122496385813,51.09649510067015,223.48134086031385,51.66604578711445,thin,thin,thin,0.4095,51.643030748495,True,True
5164255,2103572731299093376,283.2535,40.3582,0.8604,0.3465,7.7561,3.0119,1.7421,-214.4746,18.0,0.0,0.0,0.0,0.0543,thin,False,1.7421,-214.4746,18.0,212.9,31.622776601683796,-214.4643096932428,18.20631395425375,214.47285399801572,18.105383120658274,thin,thin,thin,0.0543,18.084106624602722,True,True
5174858,2100570824038577792,288.0297,40.3442,1.2552,0.203,7.8817,3.0504,26.5003,-223.9172,10.0,0.0,0.0,0.0,0.0576,thin,False,26.5003,-223.9172,10.0,225.4,11.6619037896906,-223.867768869808,28.712054284816404,223.93428074207088,28.188613100530297,thin,thin,thin,0.0576,28.324298757250812,True,True
5175024,2100559554044410624,288.0956,40.3659,0.6639,0.358,7.6774,2.9691,-84.6197,-219.2778,11.0,0.0,0.0,0.0,0.9995,thick,False,-84.6197,-219.2778,11.0,201.5,121.49897118905989,-219.8675941371179,83.80030458390715,219.4590562170481,84.86443686446357,thick,thick,thick,0.9995,85.33166837751386,True,True
5177104,2101298357139960576,288.8229,40.389,0.9976,0.2407,7.8247,3.0261,-23.3724,-223.685,0.0,0.0,0.0,0.0,0.0479,thin,False,-23.3724,-223.685,0.0,219.5,49.0,-223.74662958121064,22.774892997520595,223.6729269848788,23.48769324597668,thin,thin,thin,0.0479,23.3724,True,True
5177859,2101318556367845888,289.074,40.366,2.1769,0.1213,7.9845,3.0889,-2.9671,-228.3738,5.0,-2.4955,-225.545,4.21,0.059,thin,True,-2.4955,-225.545,4.21,225.1,14.98360770976069,-225.54642328714368,4.830056146320902,225.54284466817387,4.994368727676151,thin,thin,thin,0.059,4.89403925709633,True,True
5183357,2101136385334437632,290.6685,40.3977,0.9026,0.2387,7.8053,3.0136,19.3763,-221.1353,11.0,0.0,0.0,0.0,0.0485,thin,False,19.3763,-221.1353,11.0,221.8,14.212670403551895,-221.05596217117667,23.05431821970249,221.1266754428392,22.365898318584907,thin,thin,thin,0.0485,22.280956031777453,True,True
5184584,2101493898411455360,291.0838,40.3552,0.4257,0.4599,7.4705,2.8702,10.347,-216.241,14.0,0.0,0.0,0.0,0.0514,thin,False,10.347,-216.241,14.0,211.1,50.0,-216.04683609493384,19.67167032482996,216.14812998642304,18.525547316404907,thin,thin,thin,0.0514,17.408630302238024,True,True
5184709,2101493108137481344,291.1201,40.334,0.9139,0.2302,7.8098,3.0148,12.7596,-226.7056,-8.0,0.0,0.0,0.0,0.043,thin,False,12.7596,-226.7056,-8.0,226.5,17.88854381999832,-226.65657839164967,15.781174601085832,226.70302286400047,15.099318670869383,thin,thin,thin,0.043,15.060125901200163,True,True
5184911,2053454478745972480,291.185,40.3112,2.0614,0.1146,7.9816,3.0856,2.745,-227.5033,7.0,0.0,0.0,0.0,0.0516,thin,False,2.745,-227.5033,7.0,227.3,12.206555615733702,-227.5010628204411,7.586594464561594,227.5052198206007,7.460895012005039,thin,thin,thin,0.0516,7.518977656570074,True,True
5195172,2076537252208879104,294.113,40.3629,1.2998,0.1428,7.9133,3.0519,-44.1179,-223.854,0.0,-38.3598,-193.6666,-5.35,0.3502,thin,True,-38.3598,-193.6666,-5.35,189.45,55.81698755755277,-193.7478835644811,38.32226786457538,193.65415044389235,38.793151661785664,thick,thin,thin,0.3502,38.73108255703679,False,True
5197233,2076547319612671744,294.6352,40.3221,0.7968,0.2108,7.7864,2.9941,26.0855,-223.1898,2.0,0.0,0.0,0.0,0.0529,thin,False,26.0855,-223.1898,2.0,224.6,7.280109889280518,-223.07222701584467,27.14666709177143,223.18112913716203,26.23630303723072,thin,thin,thin,0.0529,26.162058601149873,True,True
5209845,2073733325763480320,297.3734,40.3664,1.9869,0.0829,7.9933,3.082,26.9388,-233.4105,-13.0,0.0,0.0,0.0,0.0622,thin,False,26.9388,-233.4105,-13.0,234.6,18.384776310850235,-233.39151626268225,30.05927704729677,233.43451485389883,29.723513838792258,thin,thin,thin,0.0622,29.911518608054656,True,True
5219234,2073547954981763328,299.2243,40.3432,1.1514,0.1085,7.9121,3.0388,-16.502,-220.0557,39.0,0.0,0.0,0.0,0.1717,thin,False,-16.502,-220.0557,39.0,217.2,55.15432893255071,-220.09792827450383,42.12768649322387,220.0522722476339,42.36552228703415,thin,thin,thin,0.1717,42.34756196051905,True,True
5252423,2103573865170471680,283.2213,40.4218,1.5292,0.2071,7.9138,3.0688,-30.2744,-217.3767,14.0,0.0,0.0,0.0,0.0866,thin,False,-30.2744,-217.3767,14.0,214.6,48.08326112068523,-217.42189054762025,33.058758456703,217.3618713493526,33.451111842620314,thin,thin,thin,0.0866,33.35474921746527,True,True
5257082,2103749237275444736,285.4127,40.4257,0.9602,0.2882,7.802,3.0242,7.1215,-239.7154,-28.0,0.0,0.0,0.0,0.0654,thin,False,7.1215,-239.7154,-28.0,238.9,35.0,-239.686940921275,29.126969492228817,239.71194555118,28.920462653078687,thin,thin,thin,0.0654,28.89144790850746,True,True
5263167,2100571683032530560,288.0305,40.4183,0.6347,0.3751,7.6579,2.961,61.2196,-201.6842,47.0,0.0,0.0,0.0,0.9971,thick,False,61.2196,-201.6842,47.0,209.4,52.773099207835045,-201.22057374367276,78.38137981859697,201.53925860742044,77.55828285857874,thin,thick,thick,0.9971,77.18056377197564,False,True
5269467,2101170951231556864,290.1066,40.4906,1.6193,0.148,7.9427,3.0706,-1.8467,-227.8047,0.0,-8.469,-254.231,5.41,0.0906,thin,True,-8.469,-254.231,5.41,252.99,27.02699576349543,-254.2423811032791,9.757574029184688,254.22623211038996,10.169636520257312,thick,thin,thin,0.0906,10.049480633346183,False,True
5271090,2101184420248647424,290.5667,40.4499,0.3209,0.6043,7.2813,2.7904,-2.3061,-220.4475,12.0,0.0,0.0,0.0,0.0488,thin,False,-2.3061,-220.4475,12.0,206.2,78.91767862779544,-220.4057306676792,12.95198397337029,220.44427264029449,12.27854470576668,thick,thin,thin,0.0488,12.219578438309563,False,True
5280587,2053286429569716992,293.4464,40.4099,0.9343,0.1982,7.83,3.0166,-6.9572,-225.3262,-5.0,0.0,0.0,0.0,0.0503,thin,False,-6.9572,-225.3262,-5.0,222.7,35.35533905932738,-225.3493631230841,7.934389706863284,225.32672222551344,8.553259677240254,thin,thin,thin,0.0503,8.567533591413575,True,True
5281113,2053284398043177216,293.5809,40.4275,1.5816,0.1258,7.9485,3.0679,39.806,-226.6837,10.0,0.0,0.0,0.0,0.1421,thin,False,39.806,-226.6837,10.0,229.0,25.079872407968907,-226.6298729153559,41.33885221398445,226.70965198039664,40.89906721341482,thin,thin,thin,0.1421,41.04287558151841,True,True
5283458,2076543093364485376,294.2009,40.456,0.7741,0.2233,7.7776,2.9905,16.526,-221.4359,8.0,0.0,0.0,0.0,0.0456,thin,False,16.526,-221.4359,8.0,221.4,18.788294228055936,-221.3470374085732,19.402294463483216,221.41953222027527,18.556690204733982,thin,thin,thin,0.0456,18.360519491561234,True,True
5283728,2076544399034579328,294.274,40.462,0.3954,0.4047,7.4669,2.8481,4.0914,-231.3072,-34.0,0.0,0.0,0.0,0.0808,thin,False,4.0914,-231.3072,-34.0,222.6,71.58910531638176,-231.19011357508992,35.02700936615935,231.25267125946917,34.611588165813714,thin,thin,thin,0.0808,34.24528513474519,True,True
5308663,2075040267135716736,299.556,40.4565,0.6166,0.1781,7.7411,2.9493,-6.282,-224.1316,-2.0,0.0,0.0,0.0,0.0552,thin,False,-6.282,-224.1316,-2.0,218.8,49.04079934095692,-224.17231234939075,5.021391831673616,224.14444296018036,6.140740189135222,thin,thin,thin,0.0552,6.592687160786563,True,True
5342061,2103610595730120320,284.1197,40.5242,0.8007,0.3588,7.7363,3.0016,-47.9185,-218.9288,7.0,0.0,0.0,0.0,0.3161,thin,False,-47.9185,-218.9288,7.0,210.1,78.31347265956222,-219.18083222343665,47.27338348205812,218.9943380849709,48.12992714232431,thick,thin,thin,0.3161,48.42708583272382,False,True
5342473,2103614444020842752,284.3285,40.5689,0.9888,0.2937,7.8097,3.0283,-44.2701,-221.3214,3.0,0.0,0.0,0.0,0.2049,thin,False,-44.2701,-221.3214,3.0,214.9,69.06518659932803,-221.48326351052967,43.55656075409627,221.3447337248708,44.25515622236631,thin,thin,thin,0.2049,44.371632311759726,True,True
5350244,2100623600597189504,287.857,40.5472,1.8163,0.1502,7.9553,3.0783,13.2937,-225.6109,9.0,16.4336,-214.44,6.14,0.0543,thin,True,16.4336,-214.44,6.14,215.05,6.764998152253997,-214.4319625645408,17.640893705234706,214.4597561125091,17.299731447716947,thin,thin,thin,0.0543,17.543169866361094,True,True
5351250,2102063136195478656,288.2341,40.5209,1.1031,0.2263,7.8531,3.0378,23.5611,-226.2767,2.0,0.0,0.0,0.0,0.0471,thin,False,23.5611,-226.2767,2.0,227.5,2.0,-226.21461920544,24.23212862580963,226.2827912290801,23.5870386775563,thin,thin,thin,0.0471,23.645833316041116,True,True
5353938,2101325570052989312,289.1596,40.5119,3.0012,0.0938,8.023,3.1034,41.9441,-233.6701,7.0,0.0,0.0,0.0,0.1675,thin,False,41.9441,-233.6701,7.0,235.1,33.734255586866,-233.65453679671364,42.60947587465928,233.6972536261379,42.37456368625655,thin,thin,thin,0.1675,42.5241992847602,True,True
5357901,2101184111011462144,290.358,40.5677,1.5396,0.153,7.9351,3.0668,-22.3457,-223.7944,4.0,0.0,0.0,0.0,0.047,thin,False,-22.3457,-223.7944,4.0,221.5,39.20459156782532,-223.82778708032055,22.368990382372623,223.78251184377405,22.817479985553227,thin,thin,thin,0.047,22.700887834840294,True,True
5358624,2101186168296277376,290.5817,40.5773,1.4145,0.1632,7.9191,3.0599,-36.1857,-231.9285,-21.0,0.0,0.0,0.0,0.1545,thin,False,-36.1857,-231.9285,-21.0,228.2,58.872744118140105,-231.9827571428178,41.53601315023385,231.9024438427033,41.982097848747706,thin,thin,thin,0.1545,41.837840342087446,True,True
5364071,2053523271244105216,292.2945,40.5918,3.2167,0.0778,8.0347,3.1056,1.1712,-226.905,17.0,0.0,0.0,0.0,0.0427,thin,False,1.1712,-226.905,17.0,226.8,18.384776310850235,-226.90451748715847,17.04640560117587,226.90562104527152,17.03170978086547,thin,thin,thin,0.0427,17.040296635915702,True,True
5369827,2077299694799977856,293.9335,40.5907,2.4749,0.0873,8.012,3.0943,-4.0741,-231.4506,-6.0,0.0,0.0,0.0,0.052,thin,False,-4.0741,-231.4506,-6.0,231.0,16.15549442140351,-231.45259762877697,7.189927043541479,231.4474064426711,7.355137725495876,thin,thin,thin,0.052,7.25246791168358,True,True
5375194,2076589960045421184,295.3001,40.5566,2.2021,0.0881,8.0018,3.0883,2.1728,-228.5086,4.0,0.0,0.0,0.0,0.059,thin,False,2.1728,-228.5086,4.0,228.3,10.770329614269007,-228.50703646185875,4.628637749787152,228.51013351670048,4.473128679091878,thin,thin,thin,0.059,4.552039085948187,True,True
5389956,2073589461547090048,298.5425,40.5147,0.6481,0.1865,7.7552,2.9612,-50.3217,-225.6917,-5.0,0.0,0.0,0.0,0.3659,thin,False,-50.3217,-225.6917,-5.0,213.0,90.13878188659972,-226.14063124942084,48.52231340438615,225.8922684457825,49.66571308678189,thick,thin,thin,0.3659,50.56949170092577,False,True
5431027,2103760472909968000,285.5953,40.6797,0.7255,0.373,7.7059,2.985,-60.5014,-181.0523,86.0,0.0,0.0,0.0,1.0,thick,False,-60.5014,-181.0523,86.0,169.4,123.0447073221762,-181.38155755086012,104.58054589847968,181.1172736022574,105.03757995539048,thick,thick,thick,1.0,105.14950975615626,True,True
5436013,2100629063795587840,287.7069,40.6852,1.5608,0.1714,7.9312,3.0686,-4.1822,-230.7196,-5.0,0.0,0.0,0.0,0.0535,thin,False,-4.1822,-230.7196,-5.0,229.8,21.587033144922906,-230.7252256789248,6.317454820513256,230.7170945893348,6.607742750437841,thin,thin,thin,0.0535,6.518496516835765,True,True
5436338,2100625696541277312,287.8265,40.6966,1.6538,0.1625,7.9418,3.0725,13.5886,-239.9342,-24.0,0.0,0.0,0.0,0.0617,thin,False,13.5886,-239.9342,-24.0,240.3,24.186773244895647,-239.9189335399316,27.712728646993597,239.94446283452183,27.4908121933998,thin,thin,thin,0.0617,27.579884879382654,True,True
5437762,2102069183509524736,288.3976,40.627,1.2016,0.2086,7.877,3.0464,95.3653,-220.2325,29.0,0.0,0.0,0.0,1.0,thick,False,95.3653,-220.2325,29.0,228.3,79.47955712005447,-220.012032375545,100.16284545669686,220.2622424733789,99.61141772205852,thick,thick,thick,1.0,99.6771811604341,True,True
5438099,2102067396802935680,288.5387,40.6161,1.2718,0.1971,7.8905,3.0516,-52.9385,-236.7161,-34.0,0.0,0.0,0.0,0.8537,thick,False,-52.9385,-236.7161,-34.0,231.0,81.43709228600933,-236.823880647228,62.50959570487969,236.69369312575927,63.00075899930797,thick,thick,thick,0.8537,62.91649054302059,True,True
5438757,2101340791416961664,288.771,40.6642,0.7246,0.3232,7.7229,2.9829,-4.4846,-225.1365,-4.0,0.0,0.0,0.0,0.0561,thin,False,-4.4846,-225.1365,-4.0,221.6,40.19950248448356,-225.15856559594084,5.116672627636757,225.14209576222868,5.7962674016521705,thin,thin,thin,0.0561,6.009295895527195,True,True
5441980,2101365496068339072,289.8091,40.6158,1.4106,0.1697,7.917,3.0601,-41.7709,-225.6489,-1.0,-39.3934,-216.184,-2.92,0.1435,thin,True,-39.3934,-216.184,-2.92,212.26,56.93492776846213,-216.2520404792913,39.12733812237847,216.1646644429745,39.60721457331026,thin,thin,thin,0.1435,39.501472928993415,True,True
5443837,2101203008867606528,290.3511,40.6869,0.5998,0.3519,7.6592,2.9505,-35.6087,-226.5889,-7.0,-32.4434,-207.8871,-11.08,0.127,thin,True,-32.4434,-207.8871,-11.08,197.94,72.19530455645992,-208.2003973924095,32.3264616938316,208.03147114651708,33.39629639070516,thick,thin,thin,0.127,34.283240855555064,False,True
5444548,2101191326556650368,290.5663,40.6921,1.1884,0.1897,7.8838,3.0447,31.1012,-227.0566,2.0,0.0,0.0,0.0,0.0656,thin,False,31.1012,-227.0566,2.0,229.0,9.219544457292889,-226.9737961972604,31.763120750400105,227.0575516870704,31.15875834935301,thin,thin,thin,0.0656,31.165439856353704,True,True
5445681,2101513139864999424,290.9499,40.6052,0.981,0.2198,7.8349,3.0239,-1.5965,-224.9438,1.0,0.0,0.0,0.0,0.0706,thin,False,-1.5965,-224.9438,1.0,223.2,28.0178514522438,-224.9480221843885,1.275662703020637,224.944239278078,1.8246138240195424,thin,thin,thin,0.0706,1.8838291456498915,True,True
5450893,2053515849540816768,292.5778,40.6679,1.8478,0.1184,7.9718,3.0785,34.6579,-231.2744,0.0,25.3692,-272.9633,8.1,0.3428,thin,True,25.3692,-272.9633,8.1,274.02,11.45512985522207,-272.94373477256664,26.83091590689302,272.9867925637537,26.389230488101223,thick,thin,thin,0.3428,26.630927671412426,False,True
5456651,2077298148611950976,294.202,40.6633,1.5207,0.1264,7.9462,3.0648,-55.1933,-221.0885,12.0,0.0,0.0,0.0,0.6171,thick,False,-55.1933,-221.0885,12.0,216.2,72.99315036357864,-221.17163773631972,56.15644808064457,221.05665001744063,56.607397776852224,thin,thick,thick,0.6171,56.48274395680507,False,True
5456979,2077321135277176320,294.2878,40.6927,0.6639,0.2568,7.7285,2.9656,12.4183,-223.9868,-5.0,0.0,0.0,0.0,0.045,thin,False,12.4183,-223.9868,-5.0,222.7,27.459060435491963,-223.89253598907897,14.88026640819897,223.9590595022445,13.843036764746431,thin,thin,thin,0.045,13.38708985889017,True,True
5461440,2076595869920511104,295.4327,40.6482,1.4293,0.1231,7.9399,3.0596,-57.7579,-212.9443,46.0,0.0,0.0,0.0,0.9885,thick,False,-57.7579,-212.9443,46.0,207.5,87.98295289429652,-213.0476442788512,73.53877390351363,212.91902777008772,73.91033495689628,thick,thick,thick,0.9885,73.83749056143498,True,True
5466109,2076746262496698624,296.4718,40.6816,0.6725,0.2176,7.7514,2.9672,-22.2868,-225.0803,-3.0,0.0,0.0,0.0,0.0461,thin,False,-22.2868,-225.0803,-3.0,217.8,61.07372593840988,-225.23737137084663,20.85585140796942,225.13381653695788,21.945492737767324,thin,thin,thin,0.0461,22.48780679034752,True,True
5470739,2073746932220288256,297.4826,40.6807,0.8012,0.1729,7.8167,2.9948,-34.9258,-221.8931,11.0,0.0,0.0,0.0,0.1009,thin,False,-34.9258,-221.8931,11.0,214.4,67.89698078707183,-222.07895458251,35.472495423066384,221.93946342221832,36.33503234975601,thin,thin,thin,0.1009,36.61709308014496,True,True
5475042,2073778646257819520,298.4465,40.6249,0.9108,0.1428,7.8578,3.0121,8.9508,-223.6164,7.0,0.0,0.0,0.0,0.0471,thin,False,8.9508,-223.6164,7.0,222.9,21.18962010041709,-223.5764100315782,12.12430935730467,223.6104006740944,11.48036194425003,thin,thin,thin,0.0471,11.362958269746484,True,True
5511081,2104344141784539264,282.9791,40.7844,1.8151,0.1815,7.9482,3.0801,55.3264,-247.769,-23.0,53.4019,-253.1274,-20.9,0.7898,thick,True,53.4019,-253.1274,-20.9,255.93,43.149420621834544,-253.08142903196932,57.54848111928142,253.1702797796925,57.15633679892576,thick,thick,thick,0.7898,57.34608028113168,True,True
5511659,2103593037904779008,283.2512,40.7231,1.0002,0.3043,7.8114,3.03,-1.4356,-220.7319,8.0,0.0,0.0,0.0,0.0548,thin,False,-1.4356,-220.7319,8.0,219.2,27.202941017470888,-220.73554325604027,8.028695003596424,220.7323668080509,8.115555638160423,thin,thin,thin,0.0548,8.127788589770283,True,True
5514383,2103452266056715392,284.6352,40.7198,4.3319,0.0842,8.0495,3.1157,-3.961,-232.981,2.0,-5.3761,-235.8887,2.51,0.0572,thin,True,-5.3761,-235.8887,2.51,235.67,11.76096084510105,-235.88926082298192,5.909799352532492,235.88553017314504,6.056876664938126,thin,thin,thin,0.0572,5.933173788959835,True,True
5526527,2101379205604338688,289.6252,40.7087,3.0153,0.0922,8.0251,3.1035,1.719,-228.7007,9.0,5.2189,-216.0381,5.92,0.0621,thin,True,5.2189,-216.0381,5.92,216.08,6.645810710515309,-216.0364224652749,7.937088156576089,216.04168619883708,7.792497954007587,thin,thin,thin,0.0621,7.891978028986142,True,True
5530112,2101567359532639872,290.6584,40.7785,1.0932,0.2044,7.8642,3.0358,10.9421,-226.2089,0.0,0.0,0.0,0.0,0.0464,thin,False,10.9421,-226.2089,0.0,226.1,13.0,-226.1790193249944,11.54388224055589,226.2116704222375,10.885318772594912,thin,thin,thin,0.0464,10.9421,True,True
5531576,2101521042605000832,291.1588,40.7502,1.2723,0.1743,7.9014,3.0506,-24.5471,-226.2654,-4.0,0.0,0.0,0.0,0.049,thin,False,-24.5471,-226.2654,-4.0,223.1,45.17742799230607,-226.3146555628348,24.418981909069355,226.253993589817,24.97479498732735,thin,thin,thin,0.049,24.87086887123166,True,True
5531694,2101507470508342016,291.1951,40.7027,1.0859,0.1999,7.8631,3.0347,55.4154,-225.7749,2.0,0.0,0.0,0.0,0.5612,thick,False,55.4154,-225.7749,2.0,230.4,31.064449134018133,-225.6395212884672,55.99970029126374,225.8028837447848,55.33730832394371,thin,thick,thick,0.5612,55.45147930542521,False,True
5534941,2053573711340731392,292.2525,40.7928,1.4408,0.149,7.9297,3.0605,64.0914,-232.9722,-7.0,69.6573,-207.2766,-11.67,0.9798,thick,True,69.6573,-207.2766,-11.67,212.24,53.90830919255399,-207.1995149992768,70.85396519648336,207.35241349385936,70.40525561541249,thin,thick,thick,0.9798,70.62809882256495,False,True
5546691,2076599065376447488,295.4623,40.7769,0.3559,0.4159,7.4281,2.816,-49.6406,-234.3891,-3.0,0.0,0.0,0.0,0.3458,thin,False,-49.6406,-234.3891,-3.0,206.2,122.03687967167956,-235.44076296537867,44.486932174295646,235.01914580279853,46.66305933094109,thick,thin,thin,0.3458,49.731168982439975,False,True
5561278,2073804411752924288,298.5892,40.7507,1.7353,0.085,7.984,3.074,5.5055,-229.252,0.0,10.632,-200.3195,-2.98,0.1154,thin,True,10.632,-200.3195,-2.98,200.58,4.179150631408253,-200.3003342394084,11.383224656541646,200.3202234517337,11.027682269973042,thick,thin,thin,0.1154,11.041731023711817,False,True
5597361,2104345378735175936,283.1338,40.8524,0.7121,0.4184,7.6919,2.9846,1.9599,-236.1993,-23.0,3.9573,-225.2827,-26.77,0.0537,thin,True,3.9573,-225.2827,-26.77,223.13,41.20164195757251,-225.2527368613977,27.30891313197846,225.27456550440752,27.12825716481649,thin,thin,thin,0.0537,27.060915049014877,True,True
5599774,2103644611871388032,284.3511,40.8529,1.0396,0.2824,7.8285,3.0337,-39.4587,-211.4782,23.0,0.0,0.0,0.0,0.2856,thin,False,-39.4587,-211.4782,23.0,206.0,66.12866246946176,-211.60551582758123,45.07888276502936,211.4882549324231,45.62584821828968,thin,thin,thin,0.2856,45.67262862689206,True,True
5601258,2103822075621468672,285.0865,40.8991,4.5302,0.0804,8.0539,3.1168,4.7853,-233.2531,5.0,0.0,0.0,0.0,0.0533,thin,False,4.7853,-233.2531,5.0,233.3,5.0990195135927845,-233.25227387496463,6.947426297449862,233.25539806648663,6.841730252272509,thin,thin,thin,0.0533,6.920917286747473,True,True
5613330,2101380545634324096,289.7733,40.8007,0.8973,0.2532,7.8074,3.014,1.036,-220.2587,11.0,-0.5021,-226.7371,12.51,0.0446,thin,True,-0.5021,-226.7371,12.51,224.83,31.904899310294024,-226.7368784367419,12.523556074938789,226.73751302885853,12.51206160024025,thin,thin,thin,0.0446,12.520072060894856,True,True
5613821,2101392537183148416,289.9175,40.8285,2.0361,0.125,7.9805,3.0849,-22.7232,-235.1636,-22.0,0.0,0.0,0.0,0.0703,thin,False,-22.7232,-235.1636,-22.0,233.5,42.190046219457976,-235.1788899996241,31.51411903488214,235.1442469223336,31.771577539187472,thin,thin,thin,0.0703,31.62821237819172,True,True
5621586,2053579930453436800,292.3151,40.8388,0.6921,0.2803,7.7337,2.974,-40.6344,-221.4778,10.0,0.0,0.0,0.0,0.1603,thin,False,-40.6344,-221.4778,10.0,211.6,77.64663547121665,-221.75534342668809,40.350063961679645,221.56852630686257,41.36360900846479,thin,thin,thin,0.1603,41.84679752812633,True,True
5629538,2076579445968420736,294.6148,40.8331,1.0043,0.1764,7.8621,3.0248,-33.3821,-221.8008,11.0,0.0,0.0,0.0,0.0902,thin,False,-33.3821,-221.8008,11.0,216.4,60.01666435249463,-221.9019832064789,34.50318607073216,221.7957727412684,35.17947120272921,thin,thin,thin,0.0902,35.14775384587186,True,True
5640085,2076764576237957504,297.0702,40.8687,2.6777,0.0697,8.0286,3.0976,-13.7238,-233.8304,-17.0,0.0,0.0,0.0,0.0457,thin,False,-13.7238,-233.8304,-17.0,233.0,29.410882339705484,-233.8377233983533,21.76968341237962,233.8215525760472,21.942687869238352,thin,thin,thin,0.0457,21.84817352640719,True,True
5645170,2073798403107220608,298.1216,40.8136,1.0763,0.13,7.8969,3.0314,-9.8127,-220.4171,26.0,0.0,0.0,0.0,0.0592,thin,False,-9.8127,-220.4171,26.0,218.0,42.80186911806539,-220.4407700032125,27.60193689563795,220.4118878316698,27.83163132982701,thin,thin,thin,0.0592,27.790089623641016,True,True
5651846,2075065242353219200,299.4687,40.83,0.964,0.1269,7.8807,3.0185,27.7399,-224.1903,5.0,0.0,0.0,0.0,0.0571,thin,False,27.7399,-224.1903,5.0,225.9,5.0,-224.0951190562855,28.934194565413968,224.1900953894592,28.18884760441985,thin,thin,thin,0.0571,28.186912778983086,True,True
5683219,2104350223458266368,282.9654,40.9226,1.0857,0.288,7.8357,3.0384,-59.173,-224.6894,-3.0,-51.4064,-194.1571,-13.07,0.764,thick,True,-51.4064,-194.1571,-13.07,187.83,72.32082549307633,-194.27903484729543,52.593415165811,194.13314089583304,53.129410931410064,thick,thick,thick,0.764,53.04189722247876,True,True
5683743,2104353590712705152,283.2576,40.9904,0.9363,0.3266,7.7932,3.0216,-52.6515,-223.2105,-1.0,0.0,0.0,0.0,0.4499,thin,False,-52.6515,-223.2105,-1.0,215.3,79.00632886041473,-223.3742773118749,51.96173818683899,223.19979254778616,52.70619135002297,thin,thin,thin,0.4499,52.66099554936272,True,True
5686174,2103645814462282752,284.4784,40.9332,3.5007,0.0998,8.0335,3.1096,18.3079,-228.0309,14.0,0.0,0.0,0.0,0.046,thin,False,18.3079,-228.0309,14.0,228.5,17.804493814764857,-228.02588805927496,23.096414760282617,228.04147916038636,22.941965529202022,thin,thin,thin,0.046,23.04732527669968,True,True
5687700,2103827680558487424,285.2242,40.9589,0.5552,0.4871,7.589,2.9373,23.4408,-226.5548,-11.0,0.0,0.0,0.0,0.0507,thin,False,23.4408,-226.5548,-11.0,226.6,25.495097567963924,-226.32189226966395,27.856077962961844,226.46764926119303,26.6451466145194,thin,thin,thin,0.0507,25.89345679201601,True,True
5689351,2103788854053938816,285.9999,40.9194,2.4165,0.1278,7.9963,3.0947,25.9535,-233.1399,1.0,0.0,0.0,0.0,0.0515,thin,False,25.9535,-233.1399,1.0,234.1,15.033296378372908,-233.1279109256469,26.08039776237422,233.1604703885561,25.787691796421832,thin,thin,thin,0.0515,25.972758079380018,True,True
5695524,2102110724433416960,288.5744,40.9886,1.2181,0.206,7.886,3.0478,-59.696,-219.6543,9.0,0.0,0.0,0.0,0.7738,thick,False,-59.696,-219.6543,9.0,213.1,80.50465825031493,-219.80361074752005,59.82459947507119,219.65014115614375,60.38563976713432,thick,thick,thick,0.7738,60.370625439861065,True,True
5697395,2101441877766998016,289.2273,40.9495,1.9539,0.1337,7.9741,3.0828,16.503,-229.2263,4.0,0.0,0.0,0.0,0.0424,thin,False,16.503,-229.2263,4.0,229.8,5.0,-229.21307223283085,17.158307538538864,229.23923656172093,16.805130781977525,thin,thin,thin,0.0424,16.980842411376415,True,True
5702770,2101573475566284672,290.9151,40.9885,0.6072,0.3449,7.6709,2.9501,9.2106,-226.1805,-8.0,0.0,0.0,0.0,0.045,thin,False,9.2106,-226.1805,-8.0,223.8,34.92849839314596,-226.10574448659364,13.514152217702192,226.16117847586696,12.55234441875521,thin,thin,thin,0.045,12.199801324611807,True,True
5706592,2053578487344379520,292.1703,40.9071,0.684,0.2871,7.7286,2.9717,28.5662,-219.7338,8.0,0.0,0.0,0.0,0.0658,thin,False,28.5662,-219.7338,8.0,221.4,12.041594578792296,-219.53877234467225,31.075511860533837,219.67956984764407,30.06404150399724,thin,thin,thin,0.0658,29.665262217617425,True,True
5706595,2053578521704124160,292.1711,40.9162,0.873,0.231,7.8118,3.0085,-68.089,-214.8374,27.0,-64.872,-192.8257,22.61,0.9872,thick,True,-64.872,-192.8257,22.61,182.51,92.68993580750823,-193.0988079805924,67.92771640850512,192.86061551137036,68.60107349433675,thick,thick,thick,0.9872,68.6992611605103,True,True
5709725,2053546910744629504,293.1234,40.9348,1.4547,0.1412,7.9368,3.0613,33.4284,-228.455,2.0,36.3117,-216.2846,0.19,0.1102,thin,True,36.3117,-216.2846,0.19,218.5,18.850957535361434,-216.23274962674068,36.61975681048773,216.31202703410997,36.14852086039602,thin,thin,thin,0.1102,36.31219708155925,True,True
5710069,2053358688100867328,293.2244,40.9319,0.5802,0.3111,7.6735,2.9423,0.8409,-236.5149,-45.0,0.0,0.0,0.0,0.2217,thin,False,0.8409,-236.5149,-45.0,232.0,64.35060217278468,-236.4928237388336,45.12365588062403,236.50795415377925,45.04428512024409,thin,thin,thin,0.2217,45.00785612323698,True,True
5728139,2073856917743350784,297.5936,40.9773,0.5128,0.257,7.6622,2.9135,16.9347,-218.9398,9.0,0.0,0.0,0.0,0.0483,thin,False,16.9347,-218.9398,9.0,217.1,34.20526275297414,-218.71368604223224,21.60401670569322,218.83574575015624,20.3304299505194,thin,thin,thin,0.0483,19.17769704865524,True,True
5731623,2073821767730332928,298.3167,40.9961,0.5263,0.238,7.6792,2.9175,-16.3146,-220.9481,21.0,0.0,0.0,0.0,0.0557,thin,False,-16.3146,-220.9481,21.0,211.8,68.30812543175226,-221.1048059384885,25.256777128195537,221.0123539687449,26.05339504161105,thin,thin,thin,0.0557,26.592596209471537,True,True
5770074,2103688489257523584,283.8095,41.0413,1.5438,0.2039,7.9227,3.0689,20.7854,-230.4993,-1.0,0.0,0.0,0.0,0.0438,thin,False,20.7854,-230.4993,-1.0,231.4,4.123105625617661,-230.4729308646028,21.09948195288304,230.51415709080985,20.644209374869437,thin,thin,thin,0.0438,20.809441442768232,True,True
5774349,2103794420332069632,285.9116,41.0695,1.782,0.1662,7.9536,3.0781,61.3592,-240.0902,-8.0,0.0,0.0,0.0,0.8367,thick,False,61.3592,-240.0902,-8.0,243.5,46.69047011971501,-240.027598236226,62.12086674338087,240.13321573038945,61.71133366718175,thin,thick,thick,0.8367,61.87852151304199,False,True
5775129,2100882501225436032,286.2544,41.0218,0.7899,0.3364,7.751,2.9983,-31.6314,-221.9899,5.0,0.0,0.0,0.0,0.0726,thin,False,-31.6314,-221.9899,5.0,215.2,63.198101237299845,-222.16518993147733,30.78422295122285,222.04070297171816,31.669641990796517,thin,thin,thin,0.0726,32.02413880122305,True,True
5780930,2102111102390564864,288.5971,41.0363,3.005,0.0972,8.0249,3.1035,-46.416,-226.1331,1.0,0.0,0.0,0.0,0.2417,thin,False,-46.416,-226.1331,1.0,224.2,55.00909015790027,-226.14797587676065,46.35442812552098,226.1007410091237,46.58427755289504,thin,thin,thin,0.2417,46.42677089783436,True,True
5784777,2101410850923823488,289.8707,41.0407,1.4664,0.1663,7.9284,3.0628,10.9901,-228.1427,2.0,0.0,0.0,0.0,0.0456,thin,False,10.9901,-228.1427,2.0,228.3,7.280109889280518,-228.12830296846607,11.461561181957714,228.15191981280296,10.981415470345596,thin,thin,thin,0.0456,11.170599715771754,True,True
5791986,2053585732948605952,292.1628,41.0232,1.5401,0.1418,7.9451,3.0662,-16.7924,-229.2145,-10.0,-22.3578,-253.1314,-5.61,0.0861,thin,True,-22.3578,-253.1314,-5.61,250.73,41.72882217364876,-253.16437780975244,22.68535448700164,253.11882472295656,23.18810192467647,thick,thin,thin,0.0861,23.050885467591044,False,True
5794240,2053562475706063744,292.8729,41.0642,2.5984,0.0901,8.018,3.0968,-30.5603,-234.0018,-19.0,0.0,0.0,0.0,0.0942,thin,False,-30.5603,-234.0018,-19.0,232.4,45.18849411078001,-234.01859405357743,35.875585530928134,233.98193787349896,36.11388581919799,thin,thin,thin,0.0942,35.98516272146063,True,True
5794570,2053550106200274688,292.9713,41.0357,3.331,0.0748,8.0404,3.1065,-1.7805,-234.5065,-8.0,-3.4948,-240.6904,-7.03,0.0578,thin,True,-3.4948,-240.6904,-7.03,240.42,13.847230770085403,-240.6911410090413,7.829229832224366,240.687828846752,7.930400055268493,thin,thin,thin,0.0578,7.850766016128618,True,True
5802637,2076665139154594816,295.2113,41.087,1.0265,0.1689,7.874,3.0268,-10.4021,-224.1652,6.0,0.0,0.0,0.0,0.0461,thin,False,-10.4021,-224.1652,6.0,221.5,36.49657518178932,-224.19238392299377,11.490212832013164,224.1604677607594,12.09688775171326,thin,thin,thin,0.0461,12.008483851427707,True,True
5807769,2076819276942298496,296.3888,41.0405,0.9171,0.1715,7.8513,3.0127,-41.7812,-222.2146,11.0,0.0,0.0,0.0,0.1808,thin,False,-41.7812,-222.2146,11.0,215.0,70.8590149522275,-222.351071319813,42.49707146300124,222.2043114943549,43.257877355687626,thin,thin,thin,0.1808,43.204961213268085,True,True
5816144,2073825409862570752,298.1941,41.0293,1.0907,0.129,7.9042,3.0333,29.6177,-226.2242,-4.0,0.0,0.0,0.0,0.0612,thin,False,29.6177,-226.2242,-4.0,228.1,6.4031242374328485,-226.1353256777886,30.551996343945792,226.22423055320527,29.886577432188727,thin,thin,thin,0.0612,29.886588184167156,True,True
5819801,2075127609592948224,298.9058,41.0427,1.7338,0.0855,7.9852,3.0727,39.7634,-227.6025,14.0,40.0004,-227.4058,13.95,0.1607,thin,True,40.0004,-227.4058,13.95,229.62,27.976150557215693,-227.3796322081639,42.50308526307369,227.45329655103689,42.10709308496706,thin,thin,thin,0.1607,42.363126657035124,True,True
5857540,2104031227648002944,284.6062,41.1963,1.468,0.2081,7.9156,3.0646,-14.5102,-227.991,-3.0,0.0,0.0,0.0,0.0429,thin,False,-14.5102,-227.991,-3.0,226.2,32.14031735997639,-228.0078884585064,14.554820531126076,227.97759415376007,15.02186951958489,thin,thin,thin,0.0429,14.817081495355284,True,True
5859725,2103811153524619264,285.6892,41.1895,1.555,0.1894,7.9298,3.0687,-52.7021,-239.4734,-32.0,0.0,0.0,0.0,0.8279,thick,False,-52.7021,-239.4734,-32.0,235.0,76.96752561957543,-239.5360931589344,61.41221437266621,239.4318500323246,61.81738582387981,thick,thick,thick,0.8279,61.656397432950946,True,True
5864975,2102152815113208192,287.9566,41.1303,0.4204,0.5532,7.4654,2.873,-17.5096,-222.7362,2.0,0.0,0.0,0.0,0.0445,thin,False,-17.5096,-222.7362,2.0,210.1,76.02631123499285,-223.0371594210394,13.282903198994491,222.9272051828706,15.015698097468189,thin,thin,thin,0.0445,17.623452901176886,True,True
5877292,2053599412425164928,292.1305,41.1657,0.7762,0.2602,7.7776,2.9913,-30.4807,-226.2117,-8.0,0.0,0.0,0.0,0.0673,thin,False,-30.4807,-226.2117,-8.0,219.1,64.4980619863884,-226.3535016864946,30.477898127365677,226.22862488498407,31.39138867028955,thin,thin,thin,0.0673,31.513061934537557,True,True
5880320,2053552270863859712,293.0846,41.1354,0.6592,0.2822,7.7291,2.9661,-12.6918,-226.2903,-9.0,0.0,0.0,0.0,0.043,thin,False,-12.6918,-226.2903,-9.0,220.6,52.773099207835045,-226.389459439995,14.041818061307149,226.3331643219644,14.921753516482797,thin,thin,thin,0.043,15.558977705492094,True,True
5881688,2077383670001955968,293.4966,41.1376,0.6863,0.268,7.7433,2.971,-26.0973,-225.5034,-6.0,0.0,0.0,0.0,0.0529,thin,False,-26.0973,-225.5034,-6.0,217.8,64.28063471995279,-225.65742840144188,25.447298623785823,225.53707244604,26.492809448408725,thin,thin,thin,0.0529,26.778145329540656,True,True
5895158,2076783920770722560,296.9028,41.1981,1.2146,0.1315,7.9211,3.0443,-15.9237,-228.0254,-7.0,0.0,0.0,0.0,0.0425,thin,False,-15.9237,-228.0254,-7.0,225.4,38.63935817272331,-228.0579997907828,16.96197899501472,228.0162566321666,17.514186006033373,thin,thin,thin,0.0425,17.394373276723712,True,True
5900235,2073878048983212672,298.0009,41.197,0.9166,0.1536,7.864,3.0122,4.4285,-227.7331,-19.0,0.0,0.0,0.0,0.0431,thin,False,4.4285,-227.7331,-19.0,226.4,31.400636936215164,-227.7168128637028,19.698049121609607,227.733831225308,19.500310649909,thin,thin,thin,0.0431,19.509269905611536,True,True
5906694,2075121459200474880,299.3519,41.1957,2.3444,0.0671,8.0232,3.0908,1.6924,-230.4109,1.0,0.0,0.0,0.0,0.0684,thin,False,1.6924,-230.4109,1.0,230.2,10.04987562112089,-230.40990216428176,2.077735461048717,230.41216032392023,1.810075927713524,thin,thin,thin,0.0684,1.9657613690374527,True,True
5941160,2103671481186902912,284.41,41.2375,1.5024,0.2049,7.9209,3.0667,38.5304,-232.9709,-6.0,0.0,0.0,0.0,0.1199,thin,False,38.5304,-232.9709,-6.0,235.2,21.840329667841555,-232.91652380889985,39.31835368855354,232.9953283580096,38.8486417181257,thin,thin,thin,0.1199,38.99476534305598,True,True
5942808,2103845032226500352,285.2167,41.2824,1.4151,0.21,7.9108,3.0616,3.9055,-224.0038,6.0,0.0,0.0,0.0,0.054,thin,False,3.9055,-224.0038,6.0,223.6,15.231546211727816,-223.9979753610972,7.33941647062537,224.0066566516225,7.069496146267042,thin,thin,thin,0.054,7.1591151862503235,True,True
5942949,2103867224319533824,285.2919,41.2557,1.5499,0.1927,7.9295,3.0688,26.336,-223.7776,12.0,0.0,0.0,0.0,0.0595,thin,False,26.336,-223.7776,12.0,225.1,15.620499351813308,-223.7394011837826,29.23508778715,223.79183417392773,28.83097218390713,thin,thin,thin,0.0595,28.941058999283353,True,True
5954001,2101460088428956672,289.7796,41.2144,0.9224,0.2513,7.8208,3.0167,23.4668,-227.0453,-6.0,22.7483,-233.2027,-4.77,0.047,thin,True,22.7483,-233.2027,-4.77,234.22,8.046322141202154,-233.1136353167913,24.12021412405056,233.19422833934544,23.32817115028983,thin,thin,thin,0.047,23.243021595524105,True,True
5956342,2101776885215761152,290.5105,41.2447,0.7212,0.3018,7.7456,2.9819,-62.4604,-228.4427,-13.0,0.0,0.0,0.0,0.8647,thick,False,-62.4604,-228.4427,-13.0,215.6,98.85848471426212,-228.84810109510263,62.32901912565023,228.57171201247732,63.33508086112394,thick,thick,thick,0.8647,63.79891510174762,True,True
5959753,2101650647537529088,291.6409,41.2411,1.6224,0.1406,7.9542,3.0701,55.316,-226.3255,16.0,59.7757,-208.1102,12.24,0.8496,thick,True,59.7757,-208.1102,12.24,211.85,46.39375065674255,-208.03586745120757,61.26891915011729,208.1518304081189,60.873788265144974,thin,thick,thick,0.8496,61.01599716869339,False,True
5963582,2053569485093626752,292.8852,41.2792,1.2558,0.1654,7.9094,3.0478,-62.0595,-215.7629,26.0,-69.443,-254.9268,33.04,0.9973,thick,True,-69.443,-254.9268,33.04,247.3,98.7135350395274,-255.0016137146904,76.65395621169088,254.82537827823737,77.23780541518015,thick,thick,thick,0.9973,76.90235268832807,True,True
5965819,2077389820395188736,293.5198,41.2774,0.5108,0.3475,7.6282,2.9155,-76.8956,-223.3209,20.0,-79.4411,-244.5518,23.81,0.9992,thick,True,-79.4411,-244.5518,23.81,220.52,134.36641581883472,-245.58618419096968,79.81748075778331,245.0889870138241,81.3313749086879,thick,thick,thick,0.9992,82.93252962022804,True,True
5966154,2077386315701921920,293.6261,41.2728,1.5688,0.1309,7.9545,3.0668,-1.7653,-230.677,-11.0,0.0,0.0,0.0,0.0456,thin,False,-1.7653,-230.677,-11.0,229.9,21.95449840010015,-230.6787243456852,11.105680269456991,230.67516890068637,11.179286767939484,thin,thin,thin,0.0456,11.140748811906676,True,True
5966732,2077396520544500736,293.7937,41.2045,0.2529,0.6376,7.1704,2.7003,39.1908,-209.4213,23.0,0.0,0.0,0.0,0.2972,thin,False,39.1908,-209.4213,23.0,206.1,58.69412236331676,-207.3737824927558,54.021517330108495,207.97162003142245,51.67219040746799,thin,thin,thin,0.2972,45.44137767101698,True,True
5978559,2076833055197955584,296.7072,41.2036,0.9623,0.1616,7.8693,3.0192,-22.6218,-217.4876,32.0,0.0,0.0,0.0,0.1355,thin,False,-22.6218,-217.4876,32.0,213.1,58.52349955359813,-217.5677564086987,38.7412102454885,217.492921453716,39.15915113390134,thin,thin,thin,0.1355,39.18859317760718,True,True
5980783,2076787116226614272,297.1993,41.2264,0.707,0.2045,7.7838,2.9743,24.0041,-220.1772,13.0,0.0,0.0,0.0,0.0582,thin,False,24.0041,-220.1772,13.0,221.1,18.384776310850235,-220.03999269033343,28.383298202252867,220.15464067094905,27.47988702752081,thin,thin,thin,0.0582,27.298293294819736,True,True
6021193,2104466153215402624,283.1921,41.3054,1.3099,0.2419,7.8901,3.0564,50.5145,-215.3822,29.0,59.0369,-179.7977,17.07,0.9829,thick,True,59.0369,-179.7977,17.07,184.17,46.74799781808843,-179.67885478133036,61.80188787140396,179.81744182001094,61.39749031765864,thick,thick,thick,0.9829,61.45519068077163,True,True
6022556,2103728312194385792,283.8644,41.3464,0.8066,0.3687,7.7511,3.0016,-25.9111,-238.9532,-30.0,0.0,0.0,0.0,0.1389,thin,False,-25.9111,-238.9532,-30.0,233.0,66.18912297349165,-239.06003375336937,38.991027965904095,238.9607220951745,39.595117069567685,thin,thin,thin,0.1389,39.64070008476137,True,True
6025124,2103872691816219776,285.1478,41.3889,0.8213,0.3432,7.766,3.0042,-37.55,-224.8639,-2.0,0.0,0.0,0.0,0.1058,thin,False,-37.55,-224.8639,-2.0,217.6,68.0294054067798,-225.0476481816145,36.48720389293023,224.9053917424988,37.35404616842952,thin,thin,thin,0.1058,37.60322459577104,True,True
6026438,2103860562828483712,285.7515,41.3357,1.8328,0.1642,7.9601,3.0798,34.7497,-237.9088,-12.0,0.0,0.0,0.0,0.1064,thin,False,34.7497,-237.9088,-12.0,239.6,23.323807579381203,-237.87632188373036,36.97317253182267,237.93440501409185,36.597526017342986,thin,thin,thin,0.1064,36.76331935625509,True,True
6026924,2103904302775007872,285.9687,41.3635,0.9833,0.2851,7.8221,3.0249,-14.4991,-228.5407,-10.0,-15.8446,-233.9843,-8.1,0.0434,thin,True,-15.8446,-233.9843,-8.1,230.55,43.726775549999104,-234.01622894823765,17.37060703735004,233.9658333122784,18.036691561679916,thin,thin,thin,0.0434,17.794981010386046,True,True
6029239,2100906140725803392,287.09,41.3738,2.9756,0.1049,8.0232,3.1032,-29.9867,-235.3249,-14.0,-39.4291,-269.0423,-4.78,0.4934,thin,True,-39.4291,-269.0423,-4.78,267.33,49.95919635062197,-269.0496982437058,39.6674939335832,269.0093507774294,39.94019772492273,thick,thin,thin,0.4934,39.71778350827246,False,True
6032497,2102170235500805376,288.51,41.3017,0.4837,0.4804,7.5525,2.9052,9.9697,-225.0218,-6.0,0.0,0.0,0.0,0.0461,thin,False,9.9697,-225.0218,-6.0,221.1,43.41658669218482,-224.8689295512333,14.288965059880107,224.9518449967406,12.918104836329016,thin,thin,thin,0.0461,11.6359321968633,True,True
6034945,2101480188876308480,289.3835,41.3927,1.2071,0.2037,7.8901,3.0459,-10.619,-224.2411,5.0,0.0,0.0,0.0,0.0464,thin,False,-10.619,-224.2411,5.0,222.2,32.38826948140329,-224.2604780758284,11.361248751826198,224.23303758210145,11.89053643465568,thin,thin,thin,0.0464,11.737255258364282,True,True
6043538,2053604909983426560,292.1805,41.3156,0.3492,0.5264,7.4038,2.8183,64.3803,-201.5905,31.0,0.0,0.0,0.0,0.9877,thick,False,64.3803,-201.5905,31.0,211.6,31.144823004794876,-199.63054257717195,76.76070915738038,200.28425883662308,75.03849453623498,thin,thick,thick,0.9877,71.4550420060754,False,True
6045093,2053617038971406592,292.6459,41.353,1.273,0.1646,7.9142,3.05,-3.3212,-226.3515,1.0,0.0,0.0,0.0,0.0633,thin,False,-3.3212,-226.3515,1.0,225.1,24.020824298928627,-226.35759434249573,3.0412963482929896,226.3497098376447,3.580343058149539,thin,thin,thin,0.0633,3.4684822963365405,True,True
6045404,2053617623087040896,292.7402,41.3789,0.5107,0.3655,7.6235,2.916,-17.4416,-236.9067,-40.0,0.0,0.0,0.0,0.1948,thin,False,-17.4416,-236.9067,-40.0,227.0,80.62257748298549,-237.11822816636655,42.47288395250471,237.02111782054405,43.01150668251197,thick,thin,thin,0.1948,43.637247971887504,False,True
6049190,2077411363951616512,293.8799,41.3938,0.6441,0.2793,7.7294,2.9603,72.956,-220.5616,-5.0,75.3713,-196.685,-9.21,0.9971,thick,True,75.3713,-196.685,-9.21,207.05,39.76136944321712,-196.11418626325283,77.39441159607183,196.50253598622672,76.40302579729214,thin,thick,thick,0.9971,75.93192321869637,False,True
6060203,2076848310922066048,296.6805,41.3865,0.9099,0.1712,7.8587,3.0126,43.1704,-223.9064,2.0,0.0,0.0,0.0,0.1779,thin,False,43.1704,-223.9064,2.0,227.6,14.142135623730953,-223.71603733869597,44.19156749280572,223.87222212175732,43.39341150758405,thin,thin,thin,0.1779,43.21670320790331,True,True
6061119,2076838896353601152,296.8882,41.3961,0.5091,0.2783,7.6662,2.9139,17.9442,-219.2071,3.0,0.0,0.0,0.0,0.0477,thin,False,17.9442,-219.2071,3.0,217.6,32.14031735997639,-218.93116231746296,21.25808472851392,219.06300268039885,19.853484748214207,thin,thin,thin,0.0477,18.19324912268284,True,True
6061773,2076839480469187712,297.0211,41.3772,3.7676,0.057,8.0573,3.1103,-2.7059,-232.8991,3.0,0.0,0.0,0.0,0.0611,thin,False,-2.7059,-232.8991,3.0,232.7,10.44030650891055,-232.8997773601901,3.9979626779000816,232.89749681371785,4.128677500638385,thin,thin,thin,0.0611,4.04003648622138,True,True
6062088,2076792648144511104,297.09,41.3881,1.3958,0.1171,7.9494,3.0568,21.0215,-223.623,16.0,0.0,0.0,0.0,0.0531,thin,False,21.0215,-223.623,16.0,224.6,16.1245154965971,-223.591297975339,26.68504205923549,223.639758102856,26.27581769795324,thin,thin,thin,0.0531,26.41786256020725,True,True
6062929,2076881364987303296,297.2855,41.3056,1.1195,0.1371,7.9088,3.0364,-7.9901,-229.1051,-16.0,0.0,0.0,0.0,0.0424,thin,False,-7.9901,-229.1051,-16.0,227.0,35.77708763999664,-229.12745149008077,17.595765787844964,229.10537833593563,17.880872952621708,thin,thin,thin,0.0424,17.884118597515506,True,True
6063220,2076871091425583232,297.354,41.3,4.8014,0.0484,8.0712,3.1169,-6.2511,-233.0252,3.0,-3.9146,-223.5347,1.83,0.0623,thin,True,-3.9146,-223.5347,1.83,223.37,9.605925254758128,-223.53506662383495,4.301707739685511,223.53248215784356,4.433973427229383,thin,thin,thin,0.0623,4.321225886250335,True,True
6070337,2075325487319631104,299.0131,41.3293,0.2812,0.3906,7.3659,2.7416,23.0979,-218.9908,11.0,0.0,0.0,0.0,0.0557,thin,False,23.0979,-218.9908,11.0,210.7,64.93843238021688,-217.8843110455532,33.73302536394609,218.23099720368864,31.412129177813537,thin,thin,thin,0.0557,25.58345137799042,True,True
6103377,2103730579937168128,283.9424,41.4716,0.7355,0.4005,7.7198,2.9882,11.0573,-235.0718,-20.0,0.0,0.0,0.0,0.0475,thin,False,11.0573,-235.0718,-20.0,234.0,32.01562118716424,-235.0097501638686,23.48227688951925,235.0606781879192,22.96687984545361,thin,thin,thin,0.0475,22.853093516852372,True,True
6111011,2102358423786533760,287.4673,41.4716,0.6426,0.3904,7.6859,2.9641,-67.1363,-220.4172,9.0,0.0,0.0,0.0,0.9417,thick,False,-67.1363,-220.4172,9.0,205.1,105.38500842150178,-220.93659495328865,66.0229582073272,220.604500904272,67.12424435907693,thick,thick,thick,0.9417,67.7368642445899,True,True
6118370,2101797535418431104,290.1499,41.4646,0.3935,0.5364,7.454,2.8513,-68.6156,-243.7322,-29.0,0.0,0.0,0.0,0.991,thick,False,-68.6156,-243.7322,-29.0,213.9,138.56857508107674,-245.06364193665505,69.98765177331609,244.52075130761355,71.86140953223922,thick,thick,thick,0.991,74.49228526068991,True,True
6124512,2101644600223555328,292.1251,41.4078,0.635,0.3138,7.7102,2.9584,-37.751,-202.4641,67.0,-40.4127,-228.5555,72.92,0.999,thick,True,-40.4127,-228.5555,72.92,217.37,109.263000599471,-228.8500566654481,82.55768749317772,228.6476825034277,83.1165295582757,thick,thick,thick,0.999,83.36973504389947,True,True
6125481,2053626934575934464,292.4173,41.4168,1.2734,0.1671,7.9141,3.0501,1.0862,-230.7657,-12.0,0.0,0.0,0.0,0.0447,thin,False,1.0862,-230.7657,-12.0,229.9,23.323807579381203,-230.7631943259576,12.0978570201644,230.7663088792046,12.038300804828529,thin,thin,thin,0.0447,12.049059317639697,True,True
6128245,2077581272854997888,293.2793,41.4036,1.0973,0.1816,7.8844,3.0348,-18.4118,-231.5835,-22.0,0.0,0.0,0.0,0.0575,thin,False,-18.4118,-231.5835,-22.0,228.3,48.30113870293329,-231.62444123605687,28.355038742425265,231.57121280152157,28.78651423205708,thin,thin,thin,0.0575,28.687878611706374,True,True
6131130,2077403873528812288,294.1362,41.4567,1.1538,0.1655,7.9011,3.04,-17.6495,-221.3302,15.0,-21.3355,-243.649,18.55,0.0707,thin,True,-21.3355,-243.649,18.55,240.23,49.53450716419817,-243.6984770633468,27.841921216134416,243.6398644649008,28.350251207437005,thin,thin,thin,0.0707,28.272001348507324,True,True
6131236,2077403633010654976,294.1632,41.4517,0.6488,0.2752,7.7329,2.9602,-92.9696,-230.3512,-12.0,-90.7763,-199.6824,-17.68,1.0,thick,True,-90.7763,-199.6824,-17.68,180.03,126.55109047337363,-200.23074992356064,91.28869691833997,199.77600409092287,92.2796163270284,thick,thick,thick,1.0,92.48199306724526,True,True
6140059,2077039351064269824,296.3566,41.4553,0.7109,0.2175,7.7865,2.9769,-44.6198,-225.5684,-1.0,0.0,0.0,0.0,0.2023,thin,False,-44.6198,-225.5684,-1.0,215.2,81.00617260431454,-225.87123919042395,43.07230324213316,225.6705334439356,44.11179360590034,thick,thin,thin,0.2023,44.631004380811326,False,True
6144039,2076887377941563520,297.2327,41.4333,1.2574,0.1267,7.9316,3.0473,-41.6631,-228.5392,-21.0,0.0,0.0,0.0,0.2464,thin,False,-41.6631,-228.5392,-21.0,223.6,66.40783086353596,-228.6106675901008,46.30467216176395,228.50434177839497,46.82655003758492,thin,thin,thin,0.2464,46.65633827905915,True,True
6152974,2075162656527684864,299.2132,41.4248,1.727,0.0855,7.9895,3.0726,-8.0942,-231.0076,-23.0,0.0,0.0,0.0,0.048,thin,False,-8.0942,-231.0076,-23.0,229.9,33.24154027718932,-231.0150089743068,24.312046985001874,231.0000093638068,24.454154532945548,thin,thin,thin,0.048,24.382700294266016,True,True
6185331,2103725219818080640,284.2739,41.535,0.4286,0.6545,7.4475,2.8767,-59.1401,-227.7275,0.0,0.0,0.0,0.0,0.7139,thick,False,-59.1401,-227.7275,0.0,204.3,116.7,-228.518847659264,56.00460931461004,228.08499306893808,57.74613352201588,thick,thick,thick,0.7139,59.1401,True,True
6186182,2104056756933985920,284.6829,41.5924,0.8375,0.3473,7.7719,3.0061,2.6358,-233.9891,-19.0,0.0,0.0,0.0,0.0439,thin,False,2.6358,-233.9891,-19.0,232.2,34.66987164671943,-233.97749900319457,19.3227834488224,233.98910187701512,19.18176745734959,thin,thin,thin,0.0439,19.181956147379758,True,True
6187508,2103874787760297856,285.3397,41.5397,1.1505,0.252,7.8682,3.0434,-13.2572,-232.7194,-14.0,0.0,0.0,0.0,0.0434,thin,False,-13.2572,-232.7194,-14.0,230.3,38.62641583165593,-232.75290418418507,18.872614917588216,232.71777718225655,19.300937369712795,thin,thin,thin,0.0434,19.280906406079563,True,True
6191521,2102411578301719808,287.1542,41.5658,0.6588,0.3914,7.6927,2.967,-8.4871,-205.1934,40.0,0.0,0.0,0.0,0.2343,thin,False,-8.4871,-205.1934,40.0,200.6,59.46427498927402,-205.2393335219752,40.65926678452787,205.20114547865305,40.85155926337049,thick,thin,thin,0.2343,40.890474030145455,False,True
6197215,2102232083029221504,289.3644,41.5333,1.603,0.1604,7.9473,3.0693,40.8772,-232.2546,-6.0,0.0,0.0,0.0,0.1473,thin,False,40.8772,-232.2546,-6.0,234.6,24.73863375370596,-232.22272358739608,41.49417609317996,232.3022400387349,41.04667188684091,thin,thin,thin,0.1473,41.31519671791483,True,True
6200235,2101798634930170240,290.2797,41.5151,1.4124,0.1704,7.9282,3.0598,15.3667,-224.194,13.0,0.0,0.0,0.0,0.0446,thin,False,15.3667,-224.194,13.0,224.7,13.341664064126334,-224.1686437842296,20.40855565539058,224.20313198482725,20.02612314438628,thin,thin,thin,0.0446,20.127977267723647,True,True
6200810,2101801040111951616,290.4493,41.5358,0.3531,0.5831,7.3906,2.8197,-52.9696,-239.4543,-15.0,0.0,0.0,0.0,0.5807,thick,False,-52.9696,-239.4543,-15.0,210.4,126.8897158953396,-240.7103250457569,49.271689806278,240.2621034557912,51.41285484194305,thick,thick,thick,0.5807,55.05250697434223,True,True
6203955,2101705760557942016,291.5059,41.5504,1.0365,0.211,7.8647,3.0292,24.7299,-228.0653,-6.0,0.0,0.0,0.0,0.0496,thin,False,24.7299,-228.0653,-6.0,229.4,6.082762530298219,-228.00004571679636,26.025740203475003,228.077070471568,25.341861121618848,thin,thin,thin,0.0496,25.44735652302612,True,True
6205228,2101649891623535104,291.9128,41.5336,0.8011,0.2579,7.7954,2.997,-16.4585,-220.0688,10.0,-19.019,-240.0968,13.7,0.053,thin,True,-19.019,-240.0968,13.7,234.85,55.14876607867125,-240.19557260422903,22.405262804228407,240.12200142588333,23.180451488874496,thin,thin,thin,0.053,23.43954694528032,True,True
6206214,2101670713625146112,292.2339,41.5752,0.6693,0.2972,7.7382,2.9691,3.3094,-222.9397,1.0,4.4098,-216.7287,0.16,0.0716,thin,True,4.4098,-216.7287,0.16,214.27,32.850389647613014,-216.68549861035285,6.178648070799099,216.7130283816549,5.122921983793608,thin,thin,thin,0.0716,4.412701671312032,True,True
6209677,2077595394707557120,293.3003,41.5233,1.1647,0.1728,7.9,3.0412,27.6328,-234.3101,-21.0,27.2271,-238.5622,-20.56,0.0881,thin,True,27.2271,-238.5622,-20.56,240.09,20.802944503122628,-238.5008779748702,34.54420074652282,238.5761849049986,34.02020864392095,thin,thin,thin,0.0881,34.117862981288845,True,True
6211812,2077420641081096576,293.9412,41.5904,1.0697,0.1791,7.8859,3.0325,-9.6074,-242.9896,-60.0,0.0,0.0,0.0,0.8179,thick,False,-9.6074,-242.9896,-60.0,240.5,69.9714227381436,-243.018697909396,60.6478562392912,242.99105372210985,60.7585204808242,thick,thick,thick,0.8179,60.76431629468071,True,True
6221385,2077041103410971392,296.3595,41.5745,1.1277,0.1482,7.9075,3.0366,17.9616,-227.7717,-8.0,0.0,0.0,0.0,0.0432,thin,False,17.9616,-227.7717,-8.0,228.4,10.0,-227.73315224203196,20.10401377604738,227.7849291760372,19.508614514304657,thin,thin,thin,0.0432,19.662631425117034,True,True
6226908,2076880231116348672,297.5839,41.5412,1.0953,0.1391,7.9077,3.0334,-2.9851,-222.6232,14.0,0.0,0.0,0.0,0.0453,thin,False,-2.9851,-222.6232,14.0,221.0,30.4138126514911,-222.629940554647,14.209488683071683,222.62179590178667,14.336526408556336,thin,thin,thin,0.0453,14.314706494022154,True,True
6231721,2075340055848542976,298.6861,41.5211,0.9544,0.1431,7.8837,3.0173,34.4579,-227.4833,-17.0,0.0,0.0,0.0,0.1119,thin,False,34.4579,-227.4833,-17.0,230.0,18.027756377319943,-227.3648375866471,39.118162395460246,227.48355201931767,38.42178497512047,thin,thin,thin,0.1119,38.42325952349697,True,True
6264750,2104501097069676288,283.5727,41.6957,0.6742,0.4413,7.6888,2.9748,-21.1143,-211.8475,22.0,-18.2089,-193.5712,16.44,0.1807,thin,True,-18.2089,-193.5712,16.44,187.86,52.728394627562864,-193.68761053958997,23.59603194319205,193.6054784836779,24.260706937477018,thick,thin,thin,0.1807,24.532379403759432,False,True
6265961,2103738929353681152,284.1213,41.633,1.6032,0.1972,7.9364,3.0715,-31.2853,-225.3464,2.0,0.0,0.0,0.0,0.067,thin,False,-31.2853,-225.3464,2.0,222.6,47.042533945356304,-225.3836666178016,31.079942437457188,225.32415539985092,31.5084908134906,thin,thin,thin,0.067,31.349162605881517,True,True
6266741,2104098950692667264,284.5212,41.6297,1.3413,0.2273,7.9023,3.0577,55.2368,-227.1693,7.0,0.0,0.0,0.0,0.5698,thick,False,55.2368,-227.1693,7.0,231.0,36.6742416417845,-227.06730482244905,56.09312864040486,227.1946371658232,55.57514591154895,thin,thick,thick,0.5698,55.67857823472148,False,True
6267535,2104054832788419072,284.9194,41.6172,1.0048,0.2909,7.831,3.0289,29.0515,-230.0926,-6.0,35.6803,-196.263,-16.08,0.3137,thin,True,35.6803,-196.263,-16.08,199.03,20.925068697617217,-196.1582498341521,39.657791441308966,196.2702723286174,39.09961125190844,thick,thin,thin,0.3137,39.13630294355868,False,True
6272413,2102410719308323584,287.2726,41.6356,1.3185,0.2068,7.9069,3.0553,33.9738,-218.6857,22.0,0.0,0.0,0.0,0.148,thin,False,33.9738,-218.6857,22.0,220.8,26.627053911388696,-218.6135458496594,40.86266720417143,218.69443733585408,40.42750398372606,thin,thin,thin,0.148,40.47491922709667,True,True
6276477,2102228887573941760,288.9942,41.6333,1.2848,0.1973,7.9058,3.052,37.7886,-230.5429,-5.0,0.0,0.0,0.0,0.1093,thin,False,37.7886,-230.5429,-5.0,233.0,17.72004514666935,-230.474458970236,38.5295180657247,230.5672550503906,37.97026334551999,thin,thin,thin,0.1093,38.117952331677,True,True
6277410,2102238061623716480,289.3354,41.6834,0.9474,0.2553,7.8325,3.0195,-35.9454,-216.0878,20.0,0.0,0.0,0.0,0.1663,thin,False,-35.9454,-216.0878,20.0,210.1,65.14598989960932,-216.1942771898409,40.57147409649095,216.0742231436444,41.20606864128828,thin,thin,thin,0.1663,41.1348001230102,True,True
6278670,2101486992104696960,289.7279,41.6122,0.6472,0.348,7.71,2.9653,-62.6508,-235.6372,-27.0,-61.6988,-224.5586,-29.43,0.9468,thick,True,-61.6988,-224.5586,-29.43,210.26,104.35583021566164,-225.1178845088378,66.49319494704372,224.8155962693119,67.50818153434247,thick,thick,thick,0.9468,68.35837052943845,True,True
6287313,2053636452223709696,292.5475,41.6429,0.5593,0.3434,7.6709,2.9358,-23.8095,-213.779,30.0,-24.6063,-243.9181,35.62,0.2203,thin,True,-24.6063,-243.9181,35.62,233.74,82.07257763711335,-244.18790293708383,41.744025431064095,244.05590387388952,42.50895651858326,thick,thin,thin,0.2203,43.29265988236343,False,True
6290935,2077605049794388736,293.6812,41.612,1.0322,0.188,7.876,3.0284,-9.8263,-223.4396,4.0,-12.6305,-242.5083,7.69,0.0517,thin,True,-12.6305,-242.5083,7.69,239.53,40.67357495967129,-242.54653410755435,14.147063031349658,242.5083758965624,14.786758265813416,thin,thin,thin,0.0517,14.78734696455047,True,True
6291653,2077424210192781440,293.8781,41.6617,1.0182,0.1894,7.873,3.0261,-4.3589,-231.4441,-22.0,0.0,0.0,0.0,0.0455,thin,False,-4.3589,-231.4441,-22.0,229.4,38.01315561749642,-231.4543771687812,22.32109516604329,231.44129922064025,22.456291213423505,thin,thin,thin,0.0455,22.427661697332606,True,True
6307000,2076916137043267200,297.6131,41.6728,1.2633,0.1241,7.9376,3.0479,29.3316,-226.65,0.0,0.0,0.0,0.0,0.0593,thin,False,29.3316,-226.65,0.0,228.4,8.0,-226.5904941058206,29.78771526787654,226.66564618092195,29.21035503695721,thin,thin,thin,0.0593,29.3316,True,True
6311891,2075347477552183040,298.7583,41.6309,1.1573,0.1226,7.9258,3.0387,-73.3858,-224.0192,3.0,0.0,0.0,0.0,0.9841,thick,False,-73.3858,-224.0192,3.0,215.3,96.04686356149271,-224.1691746620092,72.98815747334365,223.9645802977216,73.61356377778087,thick,thick,thick,0.9841,73.44709416743457,True,True
6342333,2104539202019666432,282.8631,41.7966,1.6179,0.2056,7.9366,3.0723,-29.5171,-210.2475,28.0,0.0,0.0,0.0,0.1898,thin,False,-29.5171,-210.2475,28.0,207.7,52.15361924162119,-210.27596260344328,40.53775463929047,210.2205794171857,40.82398791767792,thin,thin,thin,0.1898,40.68487670388102,True,True
6343170,2104527554068149120,283.2645,41.7115,0.7205,0.4181,7.7165,2.9865,-19.2917,-219.7172,7.0,0.0,0.0,0.0,0.0482,thin,False,-19.2917,-219.7172,7.0,214.1,53.46026561849464,-219.83937755088223,19.169196071840062,219.75876261290816,20.07227577639028,thin,thin,thin,0.0482,20.522419177328974,True,True
6345732,2104106647274122880,284.5657,41.7785,0.9699,0.3041,7.8235,3.0256,35.681,-228.5062,-3.0,33.1234,-239.3047,0.75,0.0836,thin,True,33.1234,-239.3047,0.75,241.53,5.263705918837031,-239.1802053039479,34.01877262279362,239.2887985841749,33.24632870171032,thin,thin,thin,0.0836,33.13188988814251,True,True
6345758,2104105891359858048,284.5765,41.706,0.6029,0.4695,7.6465,2.9546,62.4798,-233.4551,-26.0,0.0,0.0,0.0,0.94,thick,False,62.4798,-233.4551,-26.0,241.0,31.622776601683796,-232.9001792347373,69.55937400830467,233.24112949437875,68.40742293191916,thin,thick,thick,0.94,67.67366849846401,False,True
6346809,2104069263878588416,285.0987,41.7759,1.3215,0.2261,7.9023,3.0561,16.3762,-214.5853,26.0,21.2574,-195.1778,20.1,0.1911,thin,True,21.2574,-195.1778,20.1,196.28,20.60195136388784,-195.1373900912317,29.524189885286678,195.18747516339403,29.191237372530757,thick,thin,thin,0.1911,29.25554741856662,False,True
6347299,2104071978297949056,285.3472,41.7618,1.4454,0.2073,7.9207,3.0632,-50.3116,-227.7419,-6.0,0.0,0.0,0.0,0.3678,thin,False,-50.3116,-227.7419,-6.0,223.1,68.26419266350405,-227.81021257212893,50.35987537555514,227.70297766658464,50.84254086658989,thin,thin,thin,0.3678,50.668107272326644,True,True
6350031,2103930313097362432,286.6529,41.7562,0.765,0.3487,7.7537,2.9924,22.101,-220.9701,5.0,0.0,0.0,0.0,0.049,thin,False,22.101,-220.9701,5.0,221.8,12.083045973594572,-220.8559222250217,23.74661277182833,220.95098141847532,22.84521416429615,thin,thin,thin,0.049,22.659527819440545,True,True
6350882,2102426524788346624,287.0424,41.7522,0.6828,0.3792,7.7142,2.9747,-8.6902,-219.2909,9.0,0.0,0.0,0.0,0.0497,thin,False,-8.6902,-219.2909,9.0,214.8,45.89117562233506,-219.3455242003895,11.514382886475929,219.309229165186,12.186139789610946,thin,thin,thin,0.0497,12.510778394648352,True,True
6356207,2102249400337907456,289.2202,41.7064,1.395,0.1821,7.9242,3.059,-7.9802,-230.7462,-9.0,0.0,0.0,0.0,0.0447,thin,False,-7.9802,-230.7462,-9.0,229.3,28.46049894151541,-230.757998843901,11.79982921733164,230.7402581668155,12.141798100419438,thin,thin,thin,0.0447,12.028449278273571,True,True
6357290,2102242425310539264,289.568,41.7715,0.7764,0.3026,7.774,2.9926,-3.6027,-225.2307,-4.0,0.0,0.0,0.0,0.0578,thin,False,-3.6027,-225.2307,-4.0,222.2,37.21558813185679,-225.24503888062696,4.744729672473435,225.2325144356236,5.30607585759973,thin,thin,thin,0.0578,5.383256197692991,True,True
6358937,2101851617647310592,290.0943,41.7428,0.7085,0.3171,7.7484,2.9798,22.4363,-224.4162,-5.0,0.0,0.0,0.0,0.047,thin,False,22.4363,-224.4162,-5.0,225.1,14.866068747318506,-224.24356838581323,24.613655510653,224.35139495489196,23.610624341471613,thin,thin,thin,0.047,22.986682180993412,True,True
6359320,2101854881822529024,290.2151,41.776,0.4598,0.4659,7.5603,2.894,65.3017,-201.2334,39.0,0.0,0.0,0.0,0.9962,thick,False,65.3017,-201.2334,39.0,211.1,41.43669871020132,-200.10944266079565,78.971013403563,200.59565563904164,77.7276845065066,thin,thick,thick,0.9962,76.06123863631198,False,True
6359926,2101808732392872704,290.395,41.7815,0.6078,0.3637,7.6864,2.9504,-26.5297,-215.5661,24.0,0.0,0.0,0.0,0.1078,thin,False,-26.5297,-215.5661,24.0,206.6,71.16881339463234,-215.75176406159355,34.637209822826,215.6146213638897,35.480911122834286,thin,thin,thin,0.1078,35.77464160673032,True,True
6365156,2101675661427506432,292.1868,41.7269,1.1891,0.1808,7.9035,3.044,-76.1109,-228.4013,-15.0,-73.8678,-217.3401,-16.78,0.992,thick,True,-73.8678,-217.3401,-16.78,209.11,96.16529779499464,-217.53083525734445,75.2003478199541,217.33369640009676,75.7682057928692,thick,thick,thick,0.992,75.74972129876123,True,True
6367663,2077647277912406656,292.9949,41.7128,0.6274,0.3067,7.7177,2.9551,70.6895,-228.962,-30.0,0.0,0.0,0.0,0.9933,thick,False,70.6895,-228.962,-30.0,238.1,40.36087214122113,-228.4674852084847,78.25099489789773,228.8413265451615,77.15087339136721,thin,thick,thick,0.9933,76.79196188566873,False,True
6368230,2077601407662547072,293.165,41.7462,0.5487,0.3438,7.6636,2.928,-81.7589,-222.1813,24.0,0.0,0.0,0.0,0.9994,thick,False,-81.7589,-222.1813,24.0,199.8,129.2478239662084,-222.87059178643585,83.38908391848335,222.38830407127256,84.66688970490891,thick,thick,thick,0.9994,85.20867167847413,True,True
6369131,2077620339877859584,293.4348,41.7169,0.6102,0.3035,7.7151,2.9518,32.8445,-234.6163,-46.0,31.3618,-250.5418,-43.67,0.6332,thick,True,31.3618,-250.5418,-43.67,251.96,46.66905291518138,-250.23182310766992,55.18946280053655,250.40944211819436,54.377875998007525,thick,thick,thick,0.6332,53.764592430706664,True,True
6382217,2076953069455745920,296.8566,41.7581,2.5761,0.0754,8.0297,3.0958,-41.5806,-228.6423,-2.0,0.0,0.0,0.0,0.1496,thin,False,-41.5806,-228.6423,-2.0,226.5,52.03844732503075,-228.66754204810755,41.48982060309429,228.616586387075,41.76968312928748,thin,thin,thin,0.1496,41.62867156612134,True,True
6383785,2076943796633684352,297.2015,41.7302,0.858,0.1781,7.85,3.0034,-31.7837,-221.4922,12.0,0.0,0.0,0.0,0.0832,thin,False,-31.7837,-221.4922,12.0,215.0,63.150613615387776,-221.60597135387005,33.22338724916126,221.48682175961204,34.00864282540295,thin,thin,thin,0.0832,33.97357187123544,True,True
6383821,2076947266967292928,297.2089,41.7816,0.7603,0.1964,7.82,2.9872,-80.0682,-226.9068,-1.0,0.0,0.0,0.0,0.9973,thick,False,-80.0682,-226.9068,-1.0,211.9,114.00438588054408,-227.3962430569903,78.67374812201453,227.05606447239705,79.65019514292904,thick,thick,thick,0.9973,80.07444443291506,True,True
6387542,2073907392200330112,298.1112,41.7583,0.4496,0.2884,7.6355,2.8844,17.0395,-222.0686,-7.0,0.0,0.0,0.0,0.0452,thin,False,17.0395,-222.0686,-7.0,219.1,40.60788100849391,-221.73284402410076,22.09877555394892,221.88034348404395,20.56509604652196,thin,thin,thin,0.0452,18.421307235101423,True,True
6392727,2075358472669256448,299.1869,41.7427,0.8211,0.1576,7.8547,2.9978,21.6203,-219.0629,17.0,0.0,0.0,0.0,0.0601,thin,False,21.6203,-219.0629,17.0,219.9,19.72308292331602,-218.9485281590926,28.399859453297108,219.03728615215127,27.706989643419835,thin,thin,thin,0.0601,27.50340655427978,True,True
6422070,2104530027969874944,283.3164,41.8371,0.7848,0.3888,7.7494,2.9983,-20.5485,-214.7345,14.0,0.0,0.0,0.0,0.061,thin,False,-20.5485,-214.7345,14.0,209.6,52.88667128870941,-214.82969859034216,24.028329188329884,214.7495080655541,24.734768759835216,thin,thin,thin,0.061,24.8644495666001,True,True
6424561,2104111835594661632,284.578,41.8902,0.5143,0.5464,7.5726,2.9222,17.6776,-235.4978,-27.0,0.0,0.0,0.0,0.0736,thin,False,17.6776,-235.4978,-27.0,233.7,43.41658669218482,-235.2813268760095,33.81400927817276,235.4049431946449,32.94241520480886,thin,thin,thin,0.0736,32.27224104025006,True,True
6425597,2104087268381893632,285.0998,41.8744,0.6846,0.4119,7.7063,2.976,1.5427,-233.7419,-19.0,0.0,0.0,0.0,0.0437,thin,False,1.5427,-233.7419,-19.0,230.8,41.593268686170845,-233.7272839719374,19.240497059622648,233.7389014502873,19.098846792748684,thin,thin,thin,0.0437,19.062526676440353,True,True
6428700,2103934504985435904,286.5657,41.8084,1.643,0.1767,7.9481,3.0723,3.9532,-230.3788,-2.0,0.0,0.0,0.0,0.0593,thin,False,3.9532,-230.3788,-2.0,230.1,12.16552506059644,-230.3740468788945,4.669959811491565,230.38156657741257,4.282964083109602,thin,thin,thin,0.0593,4.430326200179847,True,True
6429812,2102431713108873216,287.0664,41.875,1.6203,0.1753,7.9477,3.0713,42.5517,-234.1899,-5.0,0.0,0.0,0.0,0.1737,thin,False,42.5517,-234.1899,-5.0,236.6,26.476404589747453,-234.13384529733543,43.14976809072572,234.21525961423785,42.70564557333344,thin,thin,thin,0.1737,42.84445323364507,True,True
6436029,2102247132595492608,289.5388,41.8928,1.5599,0.1634,7.948,3.0678,17.4241,-222.2202,17.0,0.0,0.0,0.0,0.0503,thin,False,17.4241,-222.2202,17.0,222.9,17.029386365926403,-222.1946603781528,24.57524973295978,222.2297958142428,24.25547056562651,thin,thin,thin,0.0503,24.343361740113053,True,True
6441738,2101730121613129216,291.4275,41.8782,0.8525,0.2537,7.8175,3.0056,78.1711,-209.8393,39.0,85.2583,-162.7941,29.42,1.0,thick,True,85.2583,-162.7941,29.42,172.85,68.98765396793836,-162.40880617056305,90.8834340144147,162.73260085140672,90.30237826401223,thick,thick,thick,1.0,90.19154128237304,True,True
6442340,2101715862321812736,291.6347,41.8338,1.6855,0.1391,7.9654,3.0725,-6.182,-229.4734,-5.0,-7.0162,-234.8036,-3.98,0.0516,thin,True,-7.0162,-234.8036,-3.98,233.76,23.538912464257987,-234.8106696646418,7.859224620945664,234.7976295211741,8.239609895952825,thin,thin,thin,0.0516,8.066440506196026,True,True
6442735,2101738780267406592,291.7642,41.8601,1.2476,0.1791,7.912,3.0481,-13.095,-235.1509,-28.0,0.0,0.0,0.0,0.0672,thin,False,-13.095,-235.1509,-28.0,232.9,44.82186966202994,-235.17297274801783,30.7422004557263,235.13990664900967,30.99410106931681,thin,thin,thin,0.0672,30.910823751559906,True,True
6448890,2077617930392844800,293.7583,41.8718,1.0755,0.1845,7.8868,3.0315,-42.7708,-222.9468,7.0,-37.0504,-184.033,-0.49,0.5309,thick,True,-37.0504,-184.033,-0.49,178.85,57.042104624566576,-184.0889054105981,36.77497933008066,183.97834653857709,37.32415042477523,thick,thick,thick,0.5309,37.0536400392728,True,True
6467363,2075406473224801408,298.3536,41.8201,1.0588,0.1367,7.9099,3.0302,11.2503,-226.4534,-9.0,0.0,0.0,0.0,0.0434,thin,False,11.2503,-226.4534,-9.0,226.3,16.64331697709324,-226.414379107692,15.00729600155628,226.4500600490524,14.458917794239264,thin,thin,thin,0.0434,14.407263796085639,True,True
6501635,2104875377699739648,283.8331,41.9786,1.6018,0.2006,7.9392,3.0715,9.0828,-229.327,0.0,0.0,0.0,0.0,0.0484,thin,False,9.0828,-229.327,0.0,229.4,7.0,-229.31535957928813,9.371545284625135,229.33280071943477,8.934568494338912,thin,thin,thin,0.0484,9.0828,True,True
6507334,2103949691989826688,286.4703,41.9948,0.3828,0.6614,7.4196,2.8476,9.4821,-214.2427,16.0,0.0,0.0,0.0,0.0549,thin,False,9.4821,-214.2427,16.0,207.8,55.36244214266564,-213.98866470539932,21.32349355992547,214.1015532945072,20.158493913963618,thin,thin,thin,0.0549,18.59866179083861,True,True
6511182,2102481947045632896,288.1273,41.9528,0.9155,0.2796,7.8221,3.016,-13.1835,-206.9804,39.0,0.0,0.0,0.0,0.2231,thin,False,-13.1835,-206.9804,39.0,203.7,55.15432893255071,-207.02462219748344,40.94503393562215,206.98003854059036,41.169814740119314,thin,thin,thin,0.2231,41.1680054441553,True,True
6520753,2101728197467726848,291.2941,41.9128,0.8564,0.2558,7.8172,3.0057,-22.5485,-226.2427,-6.0,0.0,0.0,0.0,0.0467,thin,False,-22.5485,-226.2427,-6.0,221.1,53.33854141237835,-226.3278401459339,22.49263823735645,226.2447381499008,23.313696821457444,thin,thin,thin,0.0467,23.333127785404166,True,True
6522242,2101740257736205696,291.7603,41.9441,1.1708,0.1888,7.9008,3.0425,-12.8097,-204.6721,61.0,0.0,0.0,0.0,0.8972,thick,False,-12.8097,-204.6721,61.0,202.4,69.35416353759881,-204.70386038624864,62.22611624524892,204.66968513097208,62.33843107095941,thick,thick,thick,0.8972,62.330477409450346,True,True
6526710,2077675659056616192,293.1793,41.9692,0.3582,0.5096,7.4435,2.8181,42.4804,-211.6744,9.0,0.0,0.0,0.0,0.231,thin,False,42.4804,-211.6744,9.0,214.2,28.46049894151541,-210.78380788916007,47.55866200541858,211.2024793574098,45.66347241814707,thin,thin,thin,0.231,43.42331613499826,True,True
6543192,2076969635157467264,297.4258,41.933,1.4763,0.1125,7.9653,3.0612,-12.8543,-226.563,0.0,0.0,0.0,0.0,0.0443,thin,False,-12.8543,-226.563,0.0,224.8,31.0,-226.5796852325296,12.557318182153022,226.5519073832955,13.048879683356391,thin,thin,thin,0.0443,12.8543,True,True
6551106,2075381115737200512,299.0751,41.9422,0.6834,0.1888,7.8052,2.9688,-38.5326,-227.1049,-7.0,0.0,0.0,0.0,0.1195,thin,False,-38.5326,-227.1049,-7.0,217.1,77.31752712031083,-227.36358516087572,37.63256758172642,227.1835715777576,38.704454590833286,thin,thin,thin,0.1195,39.163264199502066,True,True
6584273,2104875755656860032,283.7705,42.0272,1.1216,0.2765,7.8635,3.0415,-3.5654,-214.6311,21.0,0.0,0.0,0.0,0.0559,thin,False,-3.5654,-214.6311,21.0,213.2,32.64965543462902,-214.6396945095387,21.21418254027001,214.63056722669785,21.30632797893436,thin,thin,thin,0.0559,21.30051823688804,True,True
6584278,2104888022084288768,283.7731,42.0708,0.6894,0.4295,7.71,2.9794,-46.8772,-227.458,-7.0,0.0,0.0,0.0,0.2657,thin,False,-46.8772,-227.458,-7.0,216.9,83.2946576918352,-227.8012939035167,45.71849183736944,227.5904179969693,46.75694211520673,thick,thin,thin,0.2657,47.39696066036303,False,True
6586746,2104140349880122368,284.8384,42.0703,1.5651,0.1981,7.9378,3.0693,-31.0013,-236.5557,-20.0,0.0,0.0,0.0,0.105,thin,False,-31.0013,-236.5557,-20.0,233.7,52.0,-236.5919381303412,36.659852860163234,236.5312310188914,37.04951757699177,thin,thin,thin,0.105,36.8928258837677,True,True
6587002,2104094071610116608,284.9685,42.0791,2.1906,0.1472,7.9903,3.0901,-30.2958,-228.1619,-2.0,0.0,0.0,0.0,0.0624,thin,False,-30.2958,-228.1619,-2.0,226.3,42.04759208325728,-228.1831007648452,30.202028497114355,228.14110330344133,30.517650359890037,thin,thin,thin,0.0624,30.361743982189164,True,True
6587105,2104094209049086976,285.0171,42.0853,1.0176,0.29,7.8413,3.0299,-43.2658,-206.4078,32.0,0.0,0.0,0.0,0.624,thick,False,-43.2658,-206.4078,32.0,200.3,73.348483283569,-206.5164162104844,53.395316607151805,206.38396573669425,53.90499686295358,thick,thick,thick,0.624,53.81384068843256,True,True
6587280,2104090257679181696,285.1105,42.034,1.4437,0.2103,7.923,3.0632,19.4554,-222.1587,14.0,0.0,0.0,0.0,0.0498,thin,False,19.4554,-222.1587,14.0,223.0,14.142135623730953,-222.13006075007613,24.232955064694305,222.17178731936548,23.8473671359883,thin,thin,thin,0.0498,23.96899224331303,True,True
6587796,2104172854190854528,285.3307,42.0405,3.1099,0.1092,8.0287,3.1051,16.643,-236.5502,-5.0,20.0179,-225.3896,-8.35,0.0452,thin,True,20.0179,-225.3896,-8.35,225.97,14.43921396752607,-225.3862946306208,21.724410065154665,225.40563360842975,21.52282828957003,thin,thin,thin,0.0452,21.689601665544714,True,True
6593150,2102451435598953856,287.6022,42.0757,0.5603,0.445,7.644,2.939,37.1246,-220.5403,0.0,0.0,0.0,0.0,0.1073,thin,False,37.1246,-220.5403,0.0,223.5,8.0,-220.11413555404727,39.57293682928368,220.3400208477702,38.29523746896197,thin,thin,thin,0.1073,37.1246,True,True
6599919,2101875463305773312,289.8978,42.0092,1.1408,0.2118,7.8885,3.0406,38.4644,-230.6969,-9.0,0.0,0.0,0.0,0.1235,thin,False,38.4644,-230.6969,-9.0,233.4,17.4928556845359,-230.5944598581216,40.09682135458052,230.70209314442587,39.47282886721773,thin,thin,thin,0.1235,39.50329185473028,True,True
6599975,2101875497665518080,289.9186,42.0014,1.3171,0.1873,7.9181,3.0536,29.9788,-237.4845,-22.0,0.0,0.0,0.0,0.1093,thin,False,29.9788,-237.4845,-22.0,239.2,23.769728648009423,-237.4373912417152,37.485000204463866,237.50932097885607,37.02651007268579,thin,thin,thin,0.1093,37.18505680296858,True,True
6603765,2101917107307863808,291.0949,42.0029,1.2839,0.1809,7.9176,3.0512,32.4272,-235.8354,-21.0,0.0,0.0,0.0,0.1202,thin,False,32.4272,-235.8354,-21.0,237.8,23.706539182259394,-235.7740116392952,39.00583847981618,235.8543462746481,38.517104555747686,thin,thin,thin,0.1202,38.633189097458676,True,True
6604328,2101737474597174016,291.2697,42.096,0.6054,0.3517,7.7008,2.9499,1.8573,-219.5663,9.0,0.0,0.0,0.0,0.054,thin,False,1.8573,-219.5663,9.0,215.9,41.0,-219.54436627650983,9.699548249567274,219.5606737889281,9.323117791376896,thin,thin,thin,0.054,9.189644350572006,True,True
6605493,2101744552703459712,291.6067,42.036,1.3718,0.1666,7.933,3.0569,26.6165,-219.0338,27.0,0.0,0.0,0.0,0.1177,thin,False,26.6165,-219.0338,27.0,220.5,28.16025568065745,-218.98625966483309,38.187276388953,219.0479483750165,37.83181614324226,thin,thin,thin,0.1177,37.91356053247967,True,True
6607286,2101697548581701248,292.1786,42.0058,0.947,0.2243,7.8516,3.0182,-54.1505,-229.6109,-17.0,0.0,0.0,0.0,0.6166,thick,False,-54.1505,-229.6109,-17.0,221.2,83.74365647617735,-229.7760250180486,56.08402916076112,229.5933728967372,56.8271336766142,thick,thick,thick,0.6166,56.75629172391375,True,True
6607447,2125716650665286144,292.2284,42.0353,1.0927,0.1967,7.8884,3.0351,-5.5584,-239.5493,-39.0,-6.5968,-247.1428,-37.51,0.154,thin,True,-6.5968,-247.1428,-37.51,245.04,49.85444513782096,-247.15981452028365,37.974904691111234,247.1414341278686,38.09434127558048,thin,thin,thin,0.154,38.08566489166232,True,True
6615511,2077536673917322368,294.4873,42.0069,0.5446,0.3212,7.6828,2.9273,-2.7807,-227.0836,-15.0,0.0,0.0,0.0,0.0429,thin,False,-2.7807,-227.0836,-15.0,221.3,53.16013544000805,-227.1001616212048,15.006884807402797,227.0932838605874,15.110606388053595,thin,thin,thin,0.0429,15.255565951153697,True,True
6619815,2077107211548933504,295.5761,42.0234,0.6157,0.2693,7.7404,2.9508,65.9481,-225.4863,-25.0,0.0,0.0,0.0,0.9673,thick,False,65.9481,-225.4863,-25.0,233.9,33.301651610693426,-224.97166741548068,72.15233094154583,225.32898449961317,71.02857695584991,thin,thick,thick,0.9673,70.52766757528565,False,True
6634112,2075427089068650368,298.6425,42.0928,1.5556,0.1002,7.9793,3.0651,-25.6971,-227.4284,-4.0,0.0,0.0,0.0,0.0508,thin,False,-25.6971,-227.4284,-4.0,224.8,43.18564576337837,-227.45952743314115,25.73331264901793,227.40665042540851,26.196475760988257,thin,thin,thin,0.0508,26.006555873663853,True,True
6636320,2075381734212529792,299.081,42.0181,1.13,0.1242,7.9291,3.0368,-12.1666,-228.5257,-17.0,0.0,0.0,0.0,0.0439,thin,False,-12.1666,-228.5257,-17.0,226.0,39.81205847478876,-228.5591747948336,20.53542347030401,228.5252498199253,20.90957184498849,thin,thin,thin,0.0439,20.905170546063477,True,True
6664842,2104713577692052992,281.5202,42.1694,1.0927,0.3072,7.8522,3.0399,-29.5236,-222.8498,3.0,0.0,0.0,0.0,0.0625,thin,False,-29.5236,-222.8498,3.0,218.7,52.08646657242167,-222.9262855741013,29.095724774169543,222.8440582375058,29.71894527467481,thin,thin,thin,0.0625,29.675629006981467,True,True
6665695,2104705193915993216,282.0047,42.1765,2.384,0.1516,7.9972,3.0949,-10.7141,-242.1635,-22.0,0.0,0.0,0.0,0.0578,thin,False,-10.7141,-242.1635,-22.0,241.4,31.11269837220809,-242.16902597899315,24.415627298632863,242.15557263082363,24.54869943271754,thin,thin,thin,0.0578,24.470225556990684,True,True
6665860,2104658430312086400,282.0931,42.1602,0.771,0.4135,7.7462,2.9973,-13.5799,-233.3786,-17.0,0.0,0.0,0.0,0.0454,thin,False,-13.5799,-233.3786,-17.0,229.0,49.9799959983992,-233.45129280108796,20.96410955659003,233.3994090565249,21.534062600099197,thin,thin,thin,0.0454,21.75807169787801,True,True
6670610,2104129771378360064,284.275,42.1238,2.4526,0.1373,8.0034,3.0957,-9.5562,-227.978,2.0,0.0,0.0,0.0,0.0475,thin,False,-9.5562,-227.978,2.0,227.3,20.09975124224178,-227.9829526530887,9.646932133042798,227.97116829130505,9.921513387457717,thin,thin,thin,0.0475,9.763245282179486,True,True
6685526,2101898205154183296,290.0076,42.1165,1.6476,0.1543,7.9598,3.0713,6.8968,-225.974,9.0,0.0,0.0,0.0,0.046,thin,False,6.8968,-225.974,9.0,225.9,12.727922061357855,-225.9671980993578,11.47324640742966,225.98029795944964,11.212267128388945,thin,thin,thin,0.046,11.338688206313815,True,True
6685609,2101898759208960640,290.0305,42.1661,1.128,0.2131,7.8892,3.0396,25.9343,-223.9231,7.0,79.4619,-207.4173,26.66,0.9994,thick,True,79.4619,-207.4173,26.66,214.43,63.770216402330014,-207.18120448030083,84.39676480820678,207.40549860614863,83.84404897149759,thin,thick,thick,0.9994,83.81496973458859,False,True
6690082,2101761079737564672,291.3905,42.1805,1.2707,0.1805,7.9193,3.0503,-58.5083,-238.5238,-39.0,-60.6305,-249.1314,-37.29,0.9837,thick,True,-60.6305,-249.1314,-37.29,242.57,91.0649795475736,-249.2610017273004,70.72473695887966,249.11031622684885,71.253671830716,thick,thick,thick,0.9837,71.18006483735456,True,True
6690171,2101758056080602112,291.4269,42.1641,0.949,0.2321,7.853,3.0198,-8.9113,-231.6998,-19.0,0.0,0.0,0.0,0.0442,thin,False,-8.9113,-231.6998,-19.0,228.9,41.593268686170845,-231.7341858813856,20.60284188871645,231.7059475844316,20.918027010228784,thin,thin,thin,0.0442,20.98597788262439,True,True
6691169,2101745858373638272,291.7219,42.1173,0.4157,0.4832,7.5246,2.8641,11.2239,-225.5549,-12.0,0.0,0.0,0.0,0.0431,thin,False,11.2239,-225.5549,-12.0,220.0,52.392747589718944,-225.3372476031203,19.18657975382976,225.44862992217023,17.83017852452162,thin,thin,thin,0.0431,16.430944318875895,True,True
6693640,2125709405062046976,292.4783,42.1423,1.0053,0.2101,7.8707,3.0254,53.5044,-234.1767,-23.0,52.835,-241.554,-21.26,0.6738,thick,True,52.835,-241.554,-21.26,246.05,32.42310904277997,-241.3983880775049,57.60797456587352,241.5679871378954,56.8926013656047,thin,thick,thick,0.6738,56.951951898069304,False,True
6705026,2077858143627173504,295.4097,42.1508,0.8234,0.2114,7.8359,2.999,-33.1002,-226.807,-6.0,0.0,0.0,0.0,0.0771,thin,False,-33.1002,-226.807,-6.0,219.8,65.27633568147036,-226.9602373818478,32.58973224154049,226.8320645756415,33.470202872884016,thin,thin,thin,0.0771,33.639608202831376,True,True
6705142,2077859586736206720,295.4343,42.1663,0.7722,0.2232,7.8185,2.9899,0.0542,-225.2805,-5.0,0.0,0.0,0.0,0.0589,thin,False,0.0542,-225.2805,-5.0,222.7,34.36568055487916,-225.2766248559755,5.1703281810805,225.2801721044733,5.013387734742479,thin,thin,thin,0.0589,5.0002937553707785,True,True
6707833,2077119752853895552,296.0319,42.1419,0.8624,0.1949,7.8524,3.0053,-102.9252,-221.0326,20.0,0.0,0.0,0.0,1.0,thick,False,-102.9252,-221.0326,20.0,205.0,133.5065541462291,-221.48908899371597,103.88254644902474,221.10364796713003,104.70041478249946,thick,thick,thick,1.0,104.85035429143767,True,True
6707835,2077119748545602304,296.0322,42.1317,1.8141,0.105,7.9915,3.0765,41.7904,-226.0607,20.0,44.9184,-211.1658,17.65,0.3644,thin,True,44.9184,-211.1658,17.65,213.64,35.75067272094331,-211.12330357949776,48.44699047081479,211.20196469771105,48.102913714522806,thin,thin,thin,0.3644,48.26163236526506,True,True
6715997,2078430095834929024,297.8355,42.1104,0.7836,0.1869,7.8382,2.9909,58.1887,-216.7212,26.0,0.0,0.0,0.0,0.8786,thick,False,58.1887,-216.7212,26.0,223.0,36.069377593742864,-216.41697704329653,64.75872178665416,216.6621542019589,63.93364479338388,thin,thick,thick,0.8786,63.733231580471426,False,True
6716545,2078431642023279488,297.9448,42.1918,0.9553,0.1576,7.8892,3.0175,-10.2919,-224.5002,1.0,0.0,0.0,0.0,0.0479,thin,False,-10.2919,-224.5002,1.0,221.5,38.01315561749642,-224.53260402917357,9.610396863727589,224.4988341602049,10.369351990786711,thin,thin,thin,0.0479,10.340367769571834,True,True
6751874,2104710176078205440,281.8314,42.2989,0.6991,0.4563,7.7122,2.9831,19.2098,-215.2657,14.0,0.0,0.0,0.0,0.058,thin,False,19.2098,-215.2657,14.0,215.6,20.518284528683196,-215.1204087937532,25.051341688789588,215.21192041940148,24.252614485725008,thin,thin,thin,0.058,23.770073959497896,True,True
6763884,2102463903882550656,287.235,42.2634,3.2296,0.0995,8.0357,3.1062,45.4601,-238.2404,-2.0,52.9573,-210.3375,-9.64,0.5813,thick,True,52.9573,-210.3375,-9.64,212.08,46.49042912256242,-210.3249808508508,53.87660744784561,210.37479238962905,53.68177648905151,thin,thick,thick,0.5813,53.827550782940136,False,True
6767840,2102321933746075776,288.7718,42.2132,0.8929,0.2792,7.8231,3.0129,-33.5966,-231.2256,-16.0,0.0,0.0,0.0,0.1016,thin,False,-33.5966,-231.2256,-16.0,225.0,65.0,-231.35882741878328,36.374345016861184,231.2406164758778,37.11842253997308,thin,thin,thin,0.1016,37.21198102170859,True,True
6768616,2102689613007292672,289.0443,42.28,0.9209,0.2684,7.8349,3.0169,-18.1308,-233.2658,-21.0,0.0,0.0,0.0,0.0556,thin,False,-18.1308,-233.2658,-21.0,229.2,51.47815070493501,-233.3371927842546,27.13658901858537,233.27628617529749,27.655276318647083,thin,thin,thin,0.0556,27.743934627950665,True,True
6773862,2101938650863923712,290.7083,42.2372,3.2261,0.087,8.0404,3.1058,-17.0781,-221.4539,24.0,0.0,0.0,0.0,0.0631,thin,False,-17.0781,-221.4539,24.0,220.7,34.655446902326915,-221.4603587677146,29.40747344596494,221.44401236799848,29.53031300819101,thin,thin,thin,0.0631,29.45609443918185,True,True
6774537,2101941434002832000,290.9145,42.2866,1.5853,0.1537,7.958,3.0683,-25.8842,-221.0881,14.0,0.0,0.0,0.0,0.0634,thin,False,-25.8842,-221.0881,14.0,218.6,44.27188724235731,-221.11801347873848,29.202467622042303,221.06679861267543,29.58767566306617,thin,thin,thin,0.0634,29.42773877891402,True,True
6774880,2101930164010053120,291.0336,42.2678,0.8743,0.2568,7.8288,3.0088,-0.1269,-225.7026,-3.0,-2.6639,-244.857,1.76,0.0809,thin,True,-2.6639,-244.857,1.76,242.35,35.09416048290655,-244.8656676644073,2.4346250766818267,244.8578312485836,3.124912197192236,thin,thin,thin,0.0809,3.1927986485213875,True,True
6776401,2101760014585798528,291.5162,42.2481,1.743,0.1376,7.9741,3.0749,-56.8715,-228.8991,-13.0,0.0,0.0,0.0,0.6822,thick,False,-56.8715,-228.8991,-13.0,224.6,73.16419889536138,-228.95863941381705,58.10422908682052,228.85629986176696,58.50601690066581,thin,thick,thick,0.6822,58.338387981242676,False,True
6779260,2125713940547834496,292.3886,42.2333,5.6844,0.0552,8.0769,3.1211,-1.2168,-233.8738,5.0,3.5019,-215.1834,1.18,0.078,thin,True,3.5019,-215.1834,1.18,215.21,1.4840485167271318,-215.18287261209204,3.725296553050669,215.1847546606737,3.614949740410881,thin,thin,thin,0.078,3.6953624463643617,True,True
6779726,2125711432287012992,292.5305,42.2146,0.9273,0.226,7.851,3.0154,-23.5898,-227.1768,-8.0,0.0,0.0,0.0,0.0488,thin,False,-23.5898,-227.1768,-8.0,222.4,52.61178575186362,-227.25034898237888,24.22888539299772,227.16962683107624,24.974399801187506,thin,thin,thin,0.0488,24.909409146746135,True,True
6784235,2077722010342674944,293.8165,42.2125,0.7888,0.2435,7.8123,2.9924,38.4156,-221.9556,3.0,36.6966,-233.1251,5.45,0.1021,thin,True,36.6966,-233.1251,5.45,235.99,5.691405801732995,-232.9721029302327,38.04827796714407,233.12507298284305,37.09949523570518,thin,thin,thin,0.1021,37.09909637120559,True,True
6786224,2077553372750226944,294.3333,42.2641,1.5403,0.1323,7.9644,3.0655,-26.7971,-227.3939,-4.0,-28.0777,-232.4358,-3.13,0.0566,thin,True,-28.0777,-232.4358,-3.13,229.63,45.76715525352215,-232.4775094201428,27.9065765332731,232.4198326114134,28.38293164707627,thin,thin,thin,0.0566,28.25162185238221,True,True
6786348,2077553200951551360,294.3667,42.2526,0.5684,0.3166,7.7028,2.9349,21.7692,-220.7314,1.0,0.0,0.0,0.0,0.0483,thin,False,21.7692,-220.7314,1.0,220.5,24.020824298928627,-220.54921300300248,23.56469061448176,220.68139115585168,22.29290464515589,thin,thin,thin,0.0483,21.792156126459815,True,True
6837146,2104723713815048064,281.6054,42.3905,1.152,0.2928,7.8691,3.0451,38.7474,-213.4598,25.0,0.0,0.0,0.0,0.2823,thin,False,38.7474,-213.4598,25.0,216.2,30.80584360149873,-213.36613308536087,46.54388522888989,213.4698130827019,46.06602763899123,thin,thin,thin,0.2823,46.11248211449911,True,True
6838050,2104755256054840192,282.1113,42.3546,1.1122,0.2971,7.861,3.0414,71.2584,-218.8681,19.0,0.0,0.0,0.0,0.9862,thick,False,71.2584,-218.8681,19.0,224.9,52.55473337388365,-218.6839499242668,74.29226100692311,218.88182328020545,73.70724141855342,thin,thick,thick,0.9862,73.74794621248783,False,True
6839010,2104768828150994304,282.5829,42.3463,1.4967,0.2245,7.9272,3.0667,14.6945,-236.0621,-13.0,24.1911,-198.4867,-25.22,0.2116,thin,True,24.1911,-198.4867,-25.22,199.74,26.87316133245212,-198.45780561895705,35.11030886945111,198.50706598317217,34.830721421649336,thick,thin,thin,0.2116,34.94649795344306,False,True
6842345,2104906129666504832,284.1321,42.3504,0.7006,0.4206,7.7235,2.9814,36.7691,-214.9875,16.0,0.0,0.0,0.0,0.1559,thin,False,36.7691,-214.9875,16.0,218.1,16.1245154965971,-214.7263979033076,41.47510148836803,214.8978713640567,40.57727052423975,thin,thin,thin,0.1559,40.09946028078184,True,True
6842682,2104156984291199360,284.2871,42.3556,1.1346,0.2709,7.8718,3.0421,-11.4621,-227.3645,-4.0,0.0,0.0,0.0,0.0448,thin,False,-11.4621,-227.3645,-4.0,225.1,34.23448553724738,-227.39012174243177,11.650859794969874,227.35933270520528,12.23698622389365,thin,thin,thin,0.0448,12.140005618202983,True,True
6846911,2105506497375025024,286.2516,42.3784,1.0933,0.2599,7.8696,3.0375,-15.4994,-217.2879,15.0,0.0,0.0,0.0,0.052,thin,False,-15.4994,-217.2879,15.0,214.5,40.85339643163099,-217.32752343938748,21.16595274733677,217.28382512599907,21.60993610851836,thin,thin,thin,0.052,21.56922345287377,True,True
6849046,2102468134431912064,287.1306,42.3502,1.5621,0.1827,7.9461,3.0685,-5.7398,-222.914,10.0,0.0,0.0,0.0,0.0474,thin,False,-5.7398,-222.914,10.0,221.9,24.166091947189145,-222.92146177151855,11.385599749216958,222.91022027372009,11.603607090969517,thin,thin,thin,0.0474,11.530190980204967,True,True
6849310,2102469921138142208,287.2426,42.3014,0.9088,0.296,7.8209,3.0151,77.5223,-205.258,44.0,0.0,0.0,0.0,0.9999,thick,False,77.5223,-205.258,44.0,213.4,67.35725647619564,-205.02154037891168,89.68125768887445,205.2930700487981,89.05793277378078,thin,thick,thick,0.9999,89.13869528599798,False,True
6853172,2102329492888554624,288.7302,42.334,0.4887,0.4896,7.5861,2.9053,41.0865,-204.772,30.0,0.0,0.0,0.0,0.5316,thick,False,41.0865,-204.772,30.0,208.7,31.04834939252005,-204.32357550776825,52.64566925893642,204.6084349759772,51.52745226266573,thin,thick,thick,0.5316,50.873376949540116,False,True
6859546,2101945660250615680,290.722,42.3916,1.6965,0.1469,7.9688,3.0731,17.9715,-232.816,-10.0,0.0,0.0,0.0,0.0442,thin,False,17.9715,-232.816,-10.0,233.5,10.198039027185567,-232.79849168339868,20.763243242195216,232.83169850426748,20.387500376894995,thin,thin,thin,0.0442,20.566351456930807,True,True
6862721,2101755788338161920,291.7115,42.3415,1.0141,0.2181,7.8725,3.0268,27.6814,-222.6951,6.0,0.0,0.0,0.0,0.0585,thin,False,27.6814,-222.6951,6.0,224.4,6.324555320336759,-222.61094850726064,28.978019337037992,222.6992851098674,28.291136625346127,thin,thin,thin,0.0585,28.324192944548304,True,True
6864706,2125726241334158848,292.3056,42.3025,0.548,0.3684,7.6709,2.9286,0.8735,-226.3321,-11.0,0.0,0.0,0.0,0.0462,thin,False,0.8735,-226.3321,-11.0,221.4,48.27007354458868,-226.3156803829036,11.365421805785568,226.32872525084272,11.102617994353883,thin,thin,thin,0.0462,11.034627417815248,True,True
6879171,2077219499172974848,296.104,42.3426,2.1338,0.0933,8.012,3.086,-6.3851,-227.1061,6.0,-10.2465,-249.1348,9.86,0.0659,thin,True,-10.2465,-249.1348,9.86,248.18,26.02049192463509,-249.1392008998421,14.143442826557456,249.12388806568515,14.410648668120777,thin,thin,thin,0.0659,14.220068995964821,True,True
6879865,2077217227123807488,296.2496,42.3355,0.5877,0.2735,7.7357,2.941,-8.7197,-228.1123,-19.0,0.0,0.0,0.0,0.0439,thin,False,-8.7197,-228.1123,-19.0,221.8,57.24508712544685,-228.17315216993256,20.22999329799209,228.130825536093,20.7018462998039,thin,thin,thin,0.0439,20.90533826777266,True,True
6880517,2077176618218057216,296.3975,42.3969,0.9746,0.1738,7.8881,3.0205,27.513,-226.0317,-9.0,0.0,0.0,0.0,0.0583,thin,False,27.513,-226.0317,-9.0,227.7,9.0,-225.94185167755768,29.64067577698789,226.03436628770936,28.926722194428397,thin,thin,thin,0.0583,28.94762803754394,True,True
6887030,2078433188211524224,297.8728,42.3032,1.418,0.1145,7.9655,3.0583,-21.3139,-225.4554,1.0,0.0,0.0,0.0,0.0449,thin,False,-21.3139,-225.4554,1.0,222.9,40.01249804748511,-225.49564298422203,20.90753441064441,225.44780284288743,21.417240562559837,thin,thin,thin,0.0449,21.33734597390219,True,True
6921944,2116733198288204288,281.1118,42.455,3.1538,0.1236,8.028,3.1065,17.0418,-228.8429,8.0,0.0,0.0,0.0,0.0427,thin,False,17.0418,-228.8429,8.0,229.3,12.041594578792296,-228.83783231720545,18.88746940070521,228.85375271525143,18.69357825956639,thin,thin,thin,0.0427,18.82612406312037,True,True
6922244,2116730994965905280,281.2881,42.4511,0.9842,0.3426,7.8266,3.0285,39.0308,-228.556,-3.0,0.0,0.0,0.0,0.1191,thin,False,39.0308,-228.556,-3.0,231.5,13.341664064126334,-228.43596295130905,39.84044214749843,228.55934541298095,39.1264057177457,thin,thin,thin,0.1191,39.14592378064413,True,True
6922710,2104727081069413376,281.5615,42.4504,3.4966,0.1117,8.038,3.11,-26.7151,-231.3579,-4.0,-25.5902,-226.7401,-5.39,0.0512,thin,True,-25.5902,-226.7401,-5.39,225.82,33.17084563287466,-226.75089323774884,26.057816790418737,226.72927514731472,26.245250830831235,thin,thin,thin,0.0512,26.15168132338722,True,True
6924203,2104759585381348608,282.3328,42.4638,0.9336,0.347,7.8146,3.0218,18.5872,-246.5452,-35.0,0.0,0.0,0.0,0.1717,thin,False,18.5872,-246.5452,-35.0,247.0,36.68787265568828,-246.4787116416405,40.040538301539215,246.54209018531176,39.648427043927,thin,thin,thin,0.1717,39.62933261915976,True,True
6929841,2104245357537867008,284.9286,42.4223,1.7468,0.1808,7.9599,3.0767,8.9599,-230.504,-1.0,0.0,0.0,0.0,0.0485,thin,False,8.9599,-230.504,-1.0,230.6,6.082762530298219,-230.4960253451348,9.2164147093643,230.51171909237243,8.815177881311666,thin,thin,thin,0.0485,9.015531487937912,True,True
6933567,2105463135385330944,286.6042,42.4403,1.1533,0.2446,7.8844,3.0427,33.6491,-227.791,-1.0,0.0,0.0,0.0,0.077,thin,False,33.6491,-227.791,-1.0,230.0,11.04536101718726,-227.71142069727068,34.198083046139025,227.8033765297112,33.58007804729801,thin,thin,thin,0.077,33.663955959007545,True,True
6936909,2102509125599126144,287.9163,42.4373,0.5411,0.4578,7.6395,2.9315,-28.0526,-223.2606,4.0,0.0,0.0,0.0,0.0581,thin,False,-28.0526,-223.2606,4.0,212.5,74.10802925459562,-223.5704283428147,25.77816072978015,223.4133243855294,27.106023076176708,thin,thin,thin,0.0581,28.33634356722829,True,True
6937402,2102530188118854656,288.116,42.4404,0.3973,0.6084,7.4692,2.8535,-38.2256,-230.0367,-4.0,0.0,0.0,0.0,0.1121,thin,False,-38.2256,-230.0367,-4.0,209.7,102.07840124139877,-230.6494266581747,34.56778821757764,230.35864296953645,36.45525489190319,thick,thin,thin,0.1121,38.4343140352472,False,True
6937692,2102518574527334016,288.2306,42.4136,0.5061,0.4837,7.6047,2.9149,75.1284,-209.9857,14.0,0.0,0.0,0.0,0.9947,thick,False,75.1284,-209.9857,14.0,221.5,29.5296461204668,-209.1433116334664,78.6976822974271,209.63811323625472,77.36996496537428,thin,thick,thick,0.9947,76.42170167275785,False,True
6941084,2102648832296149888,289.4415,42.4981,0.8036,0.3005,7.7997,2.9981,35.2489,-230.0235,-16.0,0.0,0.0,0.0,0.1149,thin,False,35.2489,-230.0235,-16.0,232.7,16.1245154965971,-229.8502189569974,39.72614813218545,229.99363607155465,38.887239122690346,thin,thin,thin,0.1149,38.710269324947866,True,True
6947668,2101771525098465536,291.507,42.4298,0.9413,0.2354,7.8549,3.0184,-36.5525,-217.5382,20.0,0.0,0.0,0.0,0.1689,thin,False,-36.5525,-217.5382,20.0,211.4,66.09841147864296,-217.6770533282993,40.93483179773363,217.55411781554463,41.58323967057046,thin,thin,thin,0.1689,41.666356407178206,True,True
6948054,2101768089124657664,291.639,42.4363,1.1805,0.1917,7.9085,3.0433,37.5488,-227.9152,-2.0,0.0,0.0,0.0,0.1043,thin,False,37.5488,-227.9152,-2.0,230.5,15.132745950421556,-227.82022411630876,38.17322993401096,227.9220997511932,37.5601709927835,thin,thin,thin,0.1043,37.60202629433685,True,True
6949061,2125773279815846656,291.9607,42.433,1.0591,0.2071,7.8863,3.0321,-20.8135,-222.5062,7.0,-10.8687,-157.4803,-7.06,0.9519,thick,True,-10.8687,-157.4803,-7.06,155.35,28.88604680464255,-157.51498185558043,12.532226100584504,157.4830196854586,12.927672286589544,thick,thick,thick,0.9519,12.960410475366897,True,True
6949607,2125731464014361088,292.137,42.4295,2.2537,0.109,8.0097,3.0899,25.7963,-227.4704,15.0,0.0,0.0,0.0,0.0607,thin,False,25.7963,-227.4704,15.0,228.5,20.518284528683196,-227.45463919041364,29.960592630299328,227.49037099031196,29.68806337049037,thin,thin,thin,0.0607,29.840393658428837,True,True
6949898,2125732219928676096,292.2274,42.452,1.024,0.2115,7.8789,3.0277,-9.4237,-216.8745,24.0,-12.6071,-236.0402,27.56,0.0658,thin,True,-12.6071,-236.0402,27.56,233.08,48.033209345202,-236.0764326079869,30.02321713418841,236.03803658123903,30.323602801673545,thin,thin,thin,0.0658,30.306642348006815,True,True
6955671,2077748050722389632,293.9424,42.4259,0.4453,0.4054,7.5968,2.881,-36.2064,-221.2992,22.0,0.0,0.0,0.0,0.1688,thin,False,-36.2064,-221.2992,22.0,204.5,94.59386872308374,-221.8101392037285,39.60444604362709,221.56118951845303,40.97425166086772,thick,thin,thin,0.1688,42.366300298232325,False,True
6975129,2078450436800904448,298.3958,42.4598,1.2736,0.1226,7.9504,3.0477,29.4365,-227.1403,-1.0,29.8637,-222.3993,-1.5,0.0637,thin,True,29.8637,-222.3993,-1.5,224.22,8.99593797221835,-222.36253207192863,30.17349218371172,222.4380378387978,29.611731162253285,thin,thin,thin,0.0637,29.901347422649703,True,True
7017372,2105521856178459136,285.9718,42.5456,0.9698,0.2929,7.841,3.0248,-72.3731,-224.0646,-2.0,0.0,0.0,0.0,0.9793,thick,False,-72.3731,-224.0646,-2.0,214.1,98.02040603874276,-224.3333504473348,71.5636631054704,224.0999920410517,72.29110296018851,thick,thick,thick,0.9793,72.40072930302567,True,True
7019524,2105478425469064064,286.9584,42.5414,1.1214,0.2475,7.8808,3.0399,16.6976,-222.7556,8.0,0.0,0.0,0.0,0.0447,thin,False,16.6976,-222.7556,8.0,223.3,10.0,-222.71048225487093,19.050750478730254,222.7580012036265,18.48683044129396,thin,thin,thin,0.0447,18.515124783808506,True,True
7033671,2125777643502580864,291.8235,42.5162,1.0093,0.2183,7.8757,3.0268,-1.4202,-232.0908,-21.0,6.1909,-181.6467,-32.06,0.51,thick,True,6.1909,-181.6467,-32.06,181.16,35.252789960512345,-181.62346215487736,32.78143979259944,181.6442358700244,32.66613499015372,thick,thick,thick,0.51,32.65227163322638,True,True
7040629,2077750803804146176,293.8902,42.5279,1.2861,0.1598,7.9345,3.0502,-15.2161,-228.5408,-11.0,-17.4241,-239.2971,-8.59,0.048,thin,True,-17.4241,-239.2971,-8.59,236.71,40.11060333627506,-239.3268776176517,19.055976747088216,239.28394912080907,19.587656652853106,thin,thin,thin,0.048,19.426460326317812,True,True
7045496,2077902914366974464,295.2049,42.5597,1.2276,0.155,7.9315,3.0454,11.6181,-224.5221,7.0,0.0,0.0,0.0,0.0446,thin,False,11.6181,-224.5221,7.0,224.6,12.206555615733702,-224.50098234754955,13.90931073005583,224.53159316782944,13.40610568048458,thin,thin,thin,0.0446,13.563931863954492,True,True
7046035,2077891644372852864,295.3298,42.535,0.3625,0.4465,7.5121,2.8259,52.8115,-209.9808,11.0,0.0,0.0,0.0,0.5897,thick,False,52.8115,-209.9808,11.0,216.0,18.601075237738275,-208.64312303388945,58.90710662276053,209.1551303416257,57.06252230472781,thin,thick,thick,0.5897,53.94492128319403,False,True
7046804,2077896798333728640,295.4967,42.5379,1.6787,0.1168,7.9835,3.0716,44.3469,-232.0658,-6.0,0.0,0.0,0.0,0.2058,thin,False,44.3469,-232.0658,-6.0,234.6,28.635642126552707,-232.00693350661956,45.05488658131341,232.09105976272875,44.61950221835151,thin,thin,thin,0.2058,44.75095015315317,True,True
7047207,2077894083914484352,295.5913,42.5552,0.5347,0.3125,7.7006,2.923,32.7821,-221.3585,-8.0,0.0,0.0,0.0,0.0821,thin,False,32.7821,-221.3585,-8.0,223.2,17.88854381999832,-220.99930547935804,36.021479392736914,221.21067092771133,34.69984247387589,thin,thin,thin,0.0821,33.74412660612214,True,True
7047824,2077144491865963776,295.7354,42.5762,1.6487,0.1171,7.9822,3.0702,14.6518,-233.0484,-17.0,0.0,0.0,0.0,0.046,thin,False,14.6518,-233.0484,-17.0,233.5,17.11724276862369,-233.0280855155736,22.653065155658947,233.05654577787143,22.358364655915608,thin,thin,thin,0.046,22.442710247204992,True,True
7050989,2077203178296653056,296.4673,42.5988,2.3083,0.086,8.0243,3.0909,5.5204,-227.2122,11.0,9.3804,-208.5626,7.94,0.0722,thin,True,9.3804,-208.5626,7.94,208.77,8.030168117791806,-208.55170401825652,12.473301530930668,208.5646905878975,12.25423763334895,thin,thin,thin,0.0722,12.289650286318158,True,True
7051180,2077202044425286400,296.5105,42.5474,1.092,0.1574,7.9158,3.0336,-58.9062,-217.5134,31.0,-57.5561,-209.9237,30.1,0.9217,thick,True,-57.5561,-209.9237,30.1,202.5,85.32546864799514,-210.08493637385,64.42829431853218,209.91582444637447,64.97716712045005,thick,thick,thick,0.9217,64.95163313735846,True,True
7090524,2116750034560253184,280.8234,42.6361,1.1669,0.2993,7.8727,3.0463,41.417,-223.0709,9.0,0.0,0.0,0.0,0.1655,thin,False,41.417,-223.0709,9.0,226.0,21.93171219946131,-222.99045633399615,42.80486402216608,223.09911232792157,42.23489171873702,thin,thin,thin,0.1655,42.383580417421086,True,True
7091432,2116740104595955328,281.2985,42.6857,1.4237,0.2458,7.9189,3.0635,-41.848,-234.3777,-17.0,0.0,0.0,0.0,0.2192,thin,False,-41.848,-234.3777,-17.0,230.4,62.36184731067546,-234.43916994782307,44.84903113976628,234.35026855128228,45.31127486555505,thin,thin,thin,0.2192,45.16918312300987,True,True
7094944,2104961620643226624,283.0622,42.6289,1.6386,0.2039,7.9483,3.0734,-45.3557,-216.3948,14.0,0.0,0.0,0.0,0.3009,thin,False,-45.3557,-216.3948,14.0,212.8,61.61168720299745,-216.45504060119967,47.19168780975104,216.3710368243292,47.57535521217679,thin,thin,thin,0.3009,47.467246839162684,True,True
7102227,2105538623730974848,286.41,42.6815,1.417,0.2068,7.9294,3.061,-0.9907,-236.0467,-18.0,0.0,0.0,0.0,0.0446,thin,False,-0.9907,-236.0467,-18.0,235.2,26.90724809414742,-236.04784085285476,18.012685216406908,236.0457951757289,18.039472826494684,thin,thin,thin,0.0446,18.027242897625804,True,True
7102316,2105491997566014336,286.4528,42.6578,0.8668,0.3211,7.8103,3.0096,-52.8382,-255.4757,-67.0,0.0,0.0,0.0,0.9998,thick,False,-52.8382,-255.4757,-67.0,246.3,109.01834707974616,-255.66587709701108,84.7564114873679,255.47436601510813,85.33193018547374,thick,thick,thick,0.9998,85.32804567807703,True,True
7106173,2102537094426328448,287.9788,42.6793,2.0539,0.1416,7.9911,3.0855,-15.2646,-227.4147,2.0,-13.0741,-219.5193,-0.3,0.0489,thin,True,-13.0741,-219.5193,-0.3,218.44,25.371773686520225,-219.52514162610268,12.979703156834924,219.50540461528135,13.309314207786466,thin,thin,thin,0.0489,13.077541466575434,True,True
7107802,2102711882417133952,288.5883,42.6057,1.0228,0.2519,7.8653,3.0292,-3.5283,-209.517,36.0,0.0,0.0,0.0,0.1357,thin,False,-3.5283,-209.517,36.0,207.8,45.0,-209.5268515401506,36.1156265856164,209.51690076077625,36.1733091601949,thin,thin,thin,0.1357,36.172488176651605,True,True
7109675,2102700131386216576,289.2687,42.6042,1.2963,0.1987,7.9199,3.0524,19.5404,-229.7728,-6.0,0.0,0.0,0.0,0.0435,thin,False,19.5404,-229.7728,-6.0,230.6,6.082762530298219,-229.73999919750392,20.80607528417875,229.7876705794385,20.272800735849152,thin,thin,thin,0.0435,20.440822687944827,True,True
7118364,2125785438864450048,291.9641,42.6961,0.6604,0.3181,7.7558,2.9667,-5.8399,-214.0816,27.0,-8.1399,-237.042,31.43,0.0764,thin,True,-8.1399,-237.042,31.43,232.01,58.43280328719477,-237.09995809170752,32.041262036794755,237.06641842843845,32.28847864970636,thin,thin,thin,0.0764,32.46695045750371,True,True
7119481,2125758402049480704,292.316,42.6262,0.9758,0.2213,7.87,3.0219,-18.892,-219.7292,15.0,0.0,0.0,0.0,0.0523,thin,False,-18.892,-219.7292,15.0,215.9,47.43416490252569,-219.7854367029344,23.60448714334681,219.72433419398172,24.1666498094259,thin,thin,thin,0.0523,24.12276236254878,True,True
7120108,2125760772871583744,292.5141,42.6518,2.326,0.1053,8.0153,3.0913,14.0446,-239.3967,-24.0,16.7494,-225.0928,-26.6,0.0675,thin,True,16.7494,-225.0928,-26.6,225.65,27.146572527669125,-225.0839593130436,31.49714526689884,225.1064266387479,31.336170569072294,thin,thin,thin,0.0675,31.434096143519064,True,True
7130612,2077898615095430400,295.4136,42.6631,1.8416,0.1097,7.9961,3.0776,15.8251,-231.4618,-5.0,0.0,0.0,0.0,0.0426,thin,False,15.8251,-231.4618,-5.0,232.0,5.0990195135927845,-231.4458660993256,16.816987409552542,231.47316517640672,16.436964537770507,thin,thin,thin,0.0426,16.596198058892888,True,True
7131760,2077895183426195712,295.6936,42.6095,1.102,0.1647,7.9143,3.0348,-21.6678,-229.5154,-20.0,0.0,0.0,0.0,0.0595,thin,False,-21.6678,-229.5154,-20.0,225.9,50.15974481593781,-229.57444640849573,29.02384461494959,229.512040294856,29.513274296364028,thin,thin,thin,0.0595,29.487176142180857,True,True
7133294,2077241558125147904,296.0599,42.6561,0.764,0.222,7.8285,2.9876,59.8958,-222.9523,-8.0,59.0303,-238.5697,-5.71,0.7468,thick,True,59.0303,-238.5697,-5.71,244.8,22.487031818361444,-238.2509460288982,60.57386661205504,238.50577898279172,59.56257207182792,thin,thick,thick,0.7468,59.30582111471015,False,True
7134976,2077203728052488192,296.4834,42.6634,1.5873,0.1166,7.9794,3.0669,-19.0484,-227.9561,-3.0,0.0,0.0,0.0,0.043,thin,False,-19.0484,-227.9561,-3.0,225.9,36.12478373637688,-227.9765789124867,19.039156161939548,227.9383279003335,19.49175913046472,thin,thin,thin,0.043,19.283193266676555,True,True
7135852,2077201219791653248,296.6939,42.6261,1.706,0.1085,7.9898,3.0721,12.5739,-223.9674,19.0,0.0,0.0,0.0,0.047,thin,False,12.5739,-223.9674,19.0,224.3,19.235384061671343,-223.95480237823028,22.907127531138357,223.97831084508317,22.676116752727424,thin,thin,thin,0.047,22.78383113547851,True,True
7175184,2104839471773324032,281.9156,42.7756,2.5221,0.1457,8.0082,3.0976,16.7653,-221.8776,18.0,11.4238,-242.4422,25.06,0.0658,thin,True,11.4238,-242.4422,25.06,242.71,25.071521692948757,-242.4345047074554,27.608625957312395,242.44804198118368,27.489493256337123,thin,thin,thin,0.0658,27.54100227733188,True,True
7183745,2105528350169042560,285.8693,42.728,1.1768,0.2494,7.8899,3.0447,-50.7308,-242.9486,-39.0,0.0,0.0,0.0,0.8974,thick,False,-50.7308,-242.9486,-39.0,236.9,83.64807230295268,-243.0472163893852,63.61336813415371,242.91316460381535,64.1233534849799,thick,thick,thick,0.8974,63.98917149518347,True,True
7202957,2125751461382627840,292.615,42.7643,8.8182,0.0432,8.0939,3.1283,-0.931,-231.6327,19.0,-6.1768,-254.6242,24.01,0.0982,thin,True,-6.1768,-254.6242,24.01,254.52,25.83955494972776,-254.6243991662072,24.78968231438175,254.6222341497252,24.811909974899564,thick,thin,thin,0.0982,24.791792154662804,False,True
7204233,2077802996247066368,293.0026,42.7089,2.0176,0.1157,8.0007,3.0835,11.8876,-221.5836,24.0,0.0,0.0,0.0,0.0555,thin,False,11.8876,-221.5836,24.0,221.9,24.020824298928627,-221.5757943264156,26.847297231155164,221.59426227936424,26.69443621551733,thin,thin,thin,0.0555,26.782737607645714,True,True
7204981,2077805263989929728,293.2174,42.7206,1.16,0.1814,7.9152,3.0411,-88.6585,-227.0455,-12.0,-86.0899,-205.8808,-15.86,0.9998,thick,True,-86.0899,-205.8808,-15.86,196.2,107.49642784762663,-206.1086324490382,87.00088292648107,205.8722205332974,87.5588420017611,thick,thick,thick,0.9998,87.53862280165254,True,True
7207061,2077774099706867712,293.8242,42.7796,1.0902,0.1859,7.9058,3.0344,-51.8427,-209.949,49.0,-55.9471,-235.0922,54.07,0.9952,thick,True,-55.9471,-235.0922,54.07,227.76,97.19751951567488,-235.258412351912,77.30106608357835,235.09492286919465,77.79686781051936,thick,thick,thick,0.9952,77.80515984438307,True,True
7211141,2077954724552784640,294.966,42.7086,0.4307,0.3936,7.6067,2.8748,27.544,-210.7954,28.0,0.0,0.0,0.0,0.1653,thin,False,27.544,-210.7954,28.0,210.6,40.311288741492746,-210.251187200876,42.092734297289454,210.4842300487086,40.91147639480041,thin,thin,thin,0.1653,39.27686260382823,True,True
7211221,2077954866292643840,294.9856,42.7277,1.6648,0.1222,7.982,3.0708,61.7467,-234.6208,-11.0,0.0,0.0,0.0,0.8434,thick,False,61.7467,-234.6208,-11.0,238.4,46.32493928760188,-234.5535276504524,62.96985522238758,234.67134988738908,62.529333452633374,thin,thick,thick,0.8434,62.71885650177305,False,True
7212184,2077911332502996224,295.2393,42.7265,0.5928,0.2928,7.7425,2.9448,40.0759,-221.4383,-8.0,0.0,0.0,0.0,0.1464,thin,False,40.0759,-221.4383,-8.0,225.0,8.94427190999916,-221.05858248207065,42.87310475131885,221.28777500952717,41.67398026746294,thin,thin,thin,0.1464,40.866584892917096,True,True
7215603,2077243138673356928,296.0473,42.7429,2.4915,0.0837,8.0312,3.0946,-26.4451,-225.1918,14.0,-29.2489,-237.5172,16.14,0.0821,thin,True,-29.2489,-237.5172,16.14,235.88,43.48613572162972,-237.54412712469997,33.21454603881233,237.5071731814353,33.47777004765527,thin,thin,thin,0.0821,33.40655251907925,True,True
7216284,2077232246636173056,296.2039,42.7778,0.9564,0.1824,7.8881,3.018,38.2991,-235.2731,-45.0,0.0,0.0,0.0,0.7252,thick,False,38.2991,-235.2731,-45.0,238.2,45.89117562233506,-235.15296787968813,59.56779077130821,235.2836189708985,59.049628652151895,thin,thick,thick,0.7252,59.09163274787726,False,True
7256914,2104828820254417664,281.8232,42.8112,0.7852,0.4171,7.7628,2.9992,74.7276,-211.2342,23.0,0.0,0.0,0.0,0.9966,thick,False,74.7276,-211.2342,23.0,219.7,49.64876634922564,-210.88401730632904,79.12661527415354,211.1840671089096,78.32228162751365,thin,thick,thick,0.9966,78.18704625294397,False,True
7259298,2104972581400204672,282.9569,42.8256,1.088,0.2984,7.8633,3.038,-21.276,-230.6343,-10.0,0.0,0.0,0.0,0.0466,thin,False,-21.276,-230.6343,-10.0,227.2,46.09772228646444,-230.67938134748783,23.06215560480583,230.6193900876188,23.654532665320332,thin,thin,thin,0.0466,23.508895678019417,True,True
7265298,2105535462635217792,285.7995,42.8117,0.6852,0.4091,7.7311,2.9755,-0.9261,-248.4736,-51.0,0.0,0.0,0.0,0.4986,thin,False,-0.9261,-248.4736,-51.0,244.9,66.06814663663572,-248.4746095620061,51.00370969849767,248.4747746470175,51.00290544776715,thick,thin,thin,0.4986,51.0084077501935,False,True
7266212,2105544671044929024,286.2172,42.8609,0.8473,0.3325,7.8058,3.0066,-53.1121,-218.2336,11.0,0.0,0.0,0.0,0.5359,thick,False,-53.1121,-218.2336,11.0,209.1,82.73451516749222,-218.4298783648134,53.443411544668656,218.2327201458037,54.2428784059558,thick,thick,thick,0.5359,54.23924009801391,True,True
7269974,2102587087846067712,287.7736,42.8693,1.0644,0.2536,7.8754,3.0338,0.2196,-234.3373,-18.0,0.0,0.0,0.0,0.0437,thin,False,0.2196,-234.3373,-18.0,233.0,30.80584360149873,-234.33584753839403,18.01972692530419,234.3373165672061,18.00061288070605,thin,thin,thin,0.0437,18.001339510158683,True,True
7277317,2102038912581334656,290.3272,42.8982,0.9154,0.2601,7.8483,3.0149,-41.7771,-210.164,36.0,-38.271,-182.0556,29.67,0.8343,thick,True,-38.271,-182.0556,29.67,175.76,67.8059717134118,-182.188125060274,47.92404915094247,182.05551645291837,48.42536865178391,thick,thick,thick,0.8343,48.42497641713417,True,True
7285757,2125848733801094912,292.9583,42.8549,1.012,0.2083,7.886,3.0263,27.3508,-236.2219,-35.0,34.2748,-182.8211,-46.08,0.951,thick,True,34.2748,-182.8211,-46.08,185.55,47.88409756902598,-182.7083272620698,57.78716508963227,182.81794341179253,57.43943651083829,thick,thick,thick,0.951,57.42933322823799,True,True
7286173,2077811410082955776,293.094,42.8964,1.808,0.1262,7.9894,3.077,19.0916,-233.3545,-10.0,15.2241,-254.7585,-5.65,0.0857,thin,True,15.2241,-254.7585,-5.65,255.21,5.784470589431673,-254.7407241350244,16.515679433901987,254.7673903147964,16.09910035337994,thick,thin,thin,0.0857,16.238710564881682,False,True
7286911,2077831239952281472,293.3224,42.8675,1.319,0.1624,7.9418,3.0531,29.8746,-223.6351,14.0,0.0,0.0,0.0,0.0756,thin,False,29.8746,-223.6351,14.0,225.4,17.204650534085253,-223.57139610731792,33.42141293579226,223.6439677301009,32.93228959452386,thin,thin,thin,0.0756,32.9922979672529,True,True
7287028,2077818801726978560,293.3587,42.8067,1.8606,0.1215,7.9929,3.0787,22.5971,-231.6379,-8.0,0.0,0.0,0.0,0.0475,thin,False,22.5971,-231.6379,-8.0,232.6,11.31370849898476,-231.61507532460877,24.19125632074145,231.65341630345523,23.82130800224992,thin,thin,thin,0.0475,23.971418990330967,True,True
7287415,2077819763799736192,293.469,42.8224,0.9844,0.208,7.8811,3.0226,-28.7843,-231.0486,-19.0,0.0,0.0,0.0,0.0821,thin,False,-28.7843,-231.0486,-19.0,226.0,59.13543776789008,-231.13838332925675,33.88285336180495,231.0455387081861,34.51027445622656,thin,thin,thin,0.0821,34.489649555917495,True,True
7287677,2077816637063603456,293.5474,42.8285,1.1766,0.1777,7.9197,3.0418,75.2756,-229.8435,-9.0,74.9655,-232.4674,-8.08,0.9905,thick,True,74.9655,-232.4674,-8.08,238.78,52.060842290535405,-232.31524748968832,75.86728862826764,232.51929943225824,75.23958460499239,thin,thick,thick,0.9905,75.39968561108196,False,True
7287995,2077816087307845248,293.6369,42.8248,2.8382,0.086,8.0375,3.1003,-37.4972,-231.2428,-10.0,0.0,0.0,0.0,0.1164,thin,False,-37.4972,-231.2428,-10.0,229.5,48.05205510693585,-231.26022783971013,38.703449710915336,231.21891162021635,38.94951744454057,thin,thin,thin,0.1164,38.807731289525286,True,True
7288306,2077774821262122752,293.7272,42.8067,0.7844,0.2506,7.8231,2.9924,-28.7604,-232.5561,-22.0,-25.7514,-205.6097,-27.33,0.177,thin,True,-25.7514,-205.6097,-27.33,199.5,62.3311262532613,-205.73548294358807,36.85553361394442,205.63155092309648,37.43106417084604,thick,thin,thin,0.177,37.55081226764609,False,True
7288444,2077774443305045376,293.7674,42.8292,0.4724,0.3925,7.6389,2.8972,-10.9759,-224.63,-2.0,0.0,0.0,0.0,0.0468,thin,False,-10.9759,-224.63,-2.0,215.3,65.03076195155643,-224.76626819161223,7.950766203093525,224.7074705795478,9.467981080551196,thin,thin,thin,0.0468,11.15662945561965,True,True
7289317,2078147796220283776,294.0094,42.8808,1.2893,0.1599,7.9405,3.0509,-2.5516,-214.8143,35.0,0.0,0.0,0.0,0.1047,thin,False,-2.5516,-214.8143,35.0,213.7,41.340053217188775,-214.8193833185977,35.061696345405046,214.8135810627994,35.09722768219878,thin,thin,thin,0.1047,35.09288621017086,True,True
7289338,2078147349543674240,294.0153,42.8243,0.5026,0.366,7.6684,2.9112,-47.5705,-226.3433,4.0,0.0,0.0,0.0,0.2758,thin,False,-47.5705,-226.3433,4.0,209.5,98.08159868191385,-226.93514733089327,44.840705903294754,226.63914916646056,46.313562431569125,thick,thin,thin,0.2758,47.738375236805034,False,True
7303253,2078511803294780032,297.46,42.8398,1.5821,0.1108,7.9846,3.0667,-35.3982,-236.6112,-46.0,0.0,0.0,0.0,0.6894,thick,False,-35.3982,-236.6112,-46.0,233.3,70.178344238091,-236.6583183493184,57.85093219709317,236.5869339420268,58.14217649788367,thin,thick,thick,0.6894,58.043367952247564,False,True
7303287,2078515170549178880,297.4653,42.8829,1.3763,0.1245,7.9645,3.0553,17.7944,-228.9181,-10.0,0.0,0.0,0.0,0.0435,thin,False,17.7944,-228.9181,-10.0,229.6,10.198039027185567,-228.89111448020137,20.712742744778016,228.9327790673008,20.247040981892347,thin,thin,thin,0.0435,20.411777760890892,True,True
7345248,2105722379610984448,285.4589,42.9311,0.8829,0.3288,7.8177,3.0131,32.1379,-225.3396,0.0,0.0,0.0,0.0,0.0704,thin,False,32.1379,-225.3396,0.0,227.6,3.0,-225.2075964325444,33.049939622883,225.3242321251192,32.245161144354874,thin,thin,thin,0.0704,32.1379,True,True
7345335,2105722207812298624,285.5029,42.9117,1.2599,0.2376,7.9072,3.0517,-83.1069,-236.5139,-28.0,0.0,0.0,0.0,0.9998,thick,False,-83.1069,-236.5139,-28.0,228.1,107.70329614269008,-236.696120861028,87.20410752562998,236.4918233104064,87.75663796727584,thick,thick,thick,0.9998,87.69696019594977,True,True
7347246,2105552127108243456,286.3615,42.9639,0.6149,0.4431,7.6954,2.9563,11.5906,-202.9389,39.0,0.0,0.0,0.0,0.2541,thin,False,11.5906,-202.9389,39.0,201.6,46.87216658103186,-202.8424113464038,41.16450120159734,202.90855117144469,40.83723621286335,thin,thin,thin,0.2541,40.685894464298066,True,True
7366258,2125850623586710400,292.8734,42.9662,1.0765,0.1999,7.9002,3.0328,43.3601,-221.9031,14.0,0.0,0.0,0.0,0.229,thin,False,43.3601,-221.9031,14.0,225.3,23.600847442411894,-221.7971823446206,46.07710824245709,221.92669131790453,45.44924290554806,thin,thin,thin,0.229,45.56422140243373,True,True
7366501,2125849214837441536,292.9475,42.9043,0.9553,0.2203,7.8723,3.0191,10.226,-222.2154,9.0,0.0,0.0,0.0,0.046,thin,False,10.226,-222.2154,9.0,221.8,19.235384061671343,-222.1811665703681,14.169305608615517,222.216725975239,13.600246205327911,thin,thin,thin,0.046,13.622447504028049,True,True
7373451,2077961463362645632,294.9097,42.9352,1.0831,0.1776,7.9113,3.0331,-32.0419,-222.9811,5.0,0.0,0.0,0.0,0.0735,thin,False,-32.0419,-222.9811,5.0,218.2,56.22277118748239,-223.0683028901209,31.824082794658224,222.9740563099884,32.47784187211523,thin,thin,thin,0.0735,32.42966783070711,True,True
7376983,2078000289864478976,295.8255,42.9434,1.6449,0.1189,7.9849,3.0698,-12.0297,-222.9384,18.0,0.0,0.0,0.0,0.0465,thin,False,-12.0297,-222.9384,18.0,221.5,33.28663395418648,-222.9516265966145,21.513302812998727,222.9284117174605,21.752545808029502,thin,thin,thin,0.0465,21.64979635215999,True,True
7380537,2077214654449521536,296.6831,42.9679,1.362,0.1321,7.9611,3.0548,21.936,-229.1612,-7.0,0.0,0.0,0.0,0.0459,thin,False,21.936,-229.1612,-7.0,230.2,7.280109889280518,-229.12106175520117,23.42176466813104,229.17301452367408,22.90784612598649,thin,thin,thin,0.0459,23.025813688119687,True,True
7386827,2078527986732237824,298.0145,42.9574,1.2923,0.1268,7.9583,3.0499,-15.1568,-228.2479,-13.0,0.0,0.0,0.0,0.0433,thin,False,-15.1568,-228.2479,-13.0,225.9,38.27531841800928,-228.2776271070318,19.624855728971625,228.2403246702046,20.054031874902645,thin,thin,thin,0.0433,19.96818935807651,True,True
7419318,2104847370214740352,282.1356,43.0392,3.3165,0.1165,8.036,3.1078,37.1168,-239.884,-6.0,39.1198,-232.5322,-8.8,0.1319,thin,True,39.1198,-232.5322,-8.8,233.72,32.465404664042,-232.5268247521373,40.128751172804286,232.5617960775452,39.9255795848512,thin,thin,thin,0.1319,40.09736589902135,True,True
7427764,2105726605858883456,285.7228,43.0095,1.19,0.2486,7.8969,3.0463,34.0504,-230.205,-3.0,0.0,0.0,0.0,0.08,thin,False,34.0504,-230.205,-3.0,232.4,12.36931687685298,-230.12063231378195,34.745569264370566,230.21047096171347,34.1452640872214,thin,thin,thin,0.08,34.18230156323591,True,True
7440748,2102046952760377728,290.5165,43.0839,2.2567,0.1191,8.0108,3.0901,21.5635,-224.1875,18.0,0.0,0.0,0.0,0.0568,thin,False,21.5635,-224.1875,18.0,225.0,20.591260281974,-224.17582080957305,28.1815784574641,224.2054769861067,27.94466119730908,thin,thin,thin,0.0568,28.08886847578592,True,True
7445445,2125831210335846016,291.9519,43.0746,1.6231,0.1469,7.9723,3.0698,-55.6533,-229.7863,-15.0,0.0,0.0,0.0,0.6541,thick,False,-55.6533,-229.7863,-15.0,225.2,73.54590403278758,-229.853434705901,57.37106024730676,229.74552292345996,57.80168420233039,thin,thick,thick,0.6541,57.63930777594401,False,True
7447200,2125864573640675968,292.5034,43.0832,4.2912,0.0676,8.0655,3.1144,14.3782,-234.1955,4.0,0.0,0.0,0.0,0.0438,thin,False,14.3782,-234.1955,4.0,234.5,8.94427190999916,-234.1928186733765,14.965750292550698,234.20315870881743,14.803055455292997,thin,thin,thin,0.0438,14.92422980391283,True,True
7447895,2125854987273777280,292.7207,43.0768,1.2816,0.1731,7.9365,3.0505,-19.1345,-219.3485,17.0,0.0,0.0,0.0,0.0553,thin,False,-19.1345,-219.3485,17.0,216.7,42.5440947723653,-219.3873527852581,25.260234319512787,219.34031825803305,25.66543953383197,thin,thin,thin,0.0553,25.595489646615476,True,True
7449541,2077837390345483904,293.2006,43.05,0.4205,0.4517,7.5863,2.8699,47.2064,-214.1881,3.0,0.0,0.0,0.0,0.3102,thin,False,47.2064,-214.1881,3.0,219.0,12.36931687685298,-213.2323324633744,51.43901624476277,213.62516594832476,49.782411287026974,thin,thin,thin,0.3102,47.30163000320391,True,True
7449554,2077837493424704000,293.2037,43.057,0.6271,0.3193,7.7513,2.955,-103.4619,-228.2491,5.0,0.0,0.0,0.0,1.0,thick,False,-103.4619,-228.2491,5.0,205.1,144.08677940741129,-228.96695899656345,101.98598770353712,228.4345886887338,103.17290676630668,thick,thick,thick,1.0,103.58264696178603,True,True
7455287,2077974687557384704,294.7739,43.0562,3.7102,0.068,8.0597,3.1099,-23.6337,-232.6665,-5.0,0.0,0.0,0.0,0.0481,thin,False,-23.6337,-232.6665,-5.0,231.8,31.400636936215164,-232.67254361802955,24.098287207105457,232.65260958939277,24.28998252872161,thin,thin,thin,0.0481,24.156816340114027,True,True
7455981,2077967957353259136,294.951,43.0124,1.1467,0.1696,7.9232,3.0387,17.1028,-224.1285,5.0,0.0,0.0,0.0,0.0438,thin,False,17.1028,-224.1285,5.0,224.7,7.810249675906654,-224.09159852290887,18.276910883609418,224.13990801403023,17.67460425192142,thin,thin,thin,0.0438,17.818691529963694,True,True
7456001,2077967888633787264,294.9568,43.0143,0.8983,0.21,7.8692,3.0102,-13.9459,-222.6471,6.0,0.0,0.0,0.0,0.0449,thin,False,-13.9459,-222.6471,6.0,218.9,43.41658669218482,-222.6911719995619,14.52074080278053,222.6421413231363,15.254078374278103,thin,thin,thin,0.0449,15.18183542296517,True,True
7458762,2078003897636955008,295.6514,43.0298,0.9266,0.1961,7.8815,3.0142,-49.5506,-211.3093,54.0,0.0,0.0,0.0,0.9875,thick,False,-49.5506,-211.3093,54.0,203.3,93.23089616645332,-211.4711247091468,72.82069358532993,211.2993462242569,73.31763965923626,thick,thick,thick,0.9875,73.28889384047217,True,True
7463685,2078716484251777152,296.7464,43.0454,0.6723,0.2416,7.8048,2.9672,8.2129,-213.7175,35.0,0.0,0.0,0.0,0.1153,thin,False,8.2129,-213.7175,35.0,211.9,45.45327270945405,-213.65165637989583,36.339781591623456,213.69660997898512,36.074490758561375,thin,thin,thin,0.1153,35.95068464452381,True,True
7499398,2116825419826567680,280.3603,43.1236,0.8186,0.4247,7.7766,3.0055,-17.9693,-237.2338,-20.0,0.0,0.0,0.0,0.0565,thin,False,-17.9693,-237.2338,-20.0,232.6,53.85164807134504,-237.29814620027136,26.312540924711733,237.23168822199247,26.90513154294853,thin,thin,thin,0.0565,26.886720560343537,True,True
7501646,2104860980969723776,281.5924,43.1779,0.881,0.3787,7.8081,3.0154,-7.5215,-242.6756,-28.0,0.0,0.0,0.0,0.0712,thin,False,-7.5215,-242.6756,-28.0,239.8,47.20169488482379,-242.70564785344445,28.74036360312481,242.6812951334086,28.945275821305277,thin,thin,thin,0.0712,28.992636345286023,True,True
7503885,2105168775506130048,282.6574,43.1625,0.7436,0.4279,7.7548,2.9909,70.0981,-215.2165,13.0,0.0,0.0,0.0,0.9769,thick,False,70.0981,-215.2165,13.0,223.3,39.21734310225516,-214.8260478939198,72.46143212964601,215.1258026134741,71.56660568944572,thin,thick,thick,0.9769,71.29336311053085,False,True
7504778,2105000687666286592,283.1038,43.148,0.607,0.5103,7.6752,2.9558,65.6692,-230.3341,-17.0,0.0,0.0,0.0,0.9403,thick,False,65.6692,-230.3341,-17.0,238.5,27.80287754891569,-229.84957932613156,69.4580512510996,230.1997938895589,68.288395011192,thin,thick,thick,0.9403,67.83394304210836,False,True
7509886,2105743987587112064,285.4391,43.1685,3.2419,0.1071,8.0385,3.1066,5.9809,-228.1304,11.0,0.0,0.0,0.0,0.0443,thin,False,5.9809,-228.1304,11.0,228.2,11.180339887498947,-228.1285399415453,12.554252830764362,228.1340792905385,12.453186992022882,thin,thin,thin,0.0443,12.520829238113585,True,True
7510820,2105752581821148544,285.8305,43.1984,1.4675,0.2073,7.94,3.0639,8.6224,-239.4536,-22.0,0.0,0.0,0.0,0.0525,thin,False,8.6224,-239.4536,-22.0,239.4,24.166091947189145,-239.44292944894016,23.736965621365083,239.46117698909444,23.552170069817222,thin,thin,thin,0.0525,23.629341543090025,True,True
7512982,2105604800586437760,286.7418,43.1901,1.1846,0.2419,7.9006,3.0451,30.3138,-219.7012,16.0,0.0,0.0,0.0,0.0877,thin,False,30.3138,-219.7012,16.0,221.6,18.35755975068582,-219.63659516624517,34.68899052695154,219.7171065869926,34.17532842622202,thin,thin,thin,0.0877,34.277200446360844,True,True
7515212,2102610280669509888,287.6208,43.1416,1.436,0.197,7.9404,3.0616,-17.9789,-226.26,-1.0,-19.7655,-234.7599,1.55,0.0446,thin,True,-19.7655,-234.7599,1.55,232.43,38.49122107701963,-234.7865426441288,19.507905915723335,234.74379320910847,20.01575753748329,thin,thin,thin,0.0446,19.826181938285544,True,True
7515336,2102612136095418240,287.6706,43.1972,1.3906,0.2031,7.9347,3.0587,-24.886,-231.857,-12.0,-22.9254,-221.76,-14.62,0.0563,thin,True,-22.9254,-221.76,-14.62,219.1,43.72651941328054,-221.78681103402084,26.97089081509033,221.7353998732636,27.39034397454469,thin,thin,thin,0.0563,27.190409433474883,True,True
7515762,2102974528255171968,287.8384,43.1532,0.5425,0.4678,7.6587,2.9316,-89.8755,-221.1881,15.0,0.0,0.0,0.0,0.9999,thick,False,-89.8755,-221.1881,15.0,197.6,134.8369385591352,-222.1584092624688,88.72655292509344,221.63196545524733,90.0335042550496,thick,thick,thick,0.9999,91.11863420974878,True,True
7522911,2102045097334800256,290.3265,43.1218,0.4833,0.4651,7.6244,2.9043,-82.1527,-230.3651,3.0,0.0,0.0,0.0,0.9986,thick,False,-82.1527,-230.3651,3.0,204.6,134.03357788255897,-231.448244158175,79.10670184060137,230.9091818067741,80.66665827543709,thick,thick,thick,0.9986,82.207457796054,True,True
7529266,2125913531966017408,292.2873,43.1973,0.6927,0.3059,7.7841,2.974,19.3748,-228.4685,-18.0,0.0,0.0,0.0,0.0515,thin,False,19.3748,-228.4685,-18.0,228.5,26.1725046566048,-228.33222240402537,27.597938546904164,228.4276552184704,26.796573127764447,thin,thin,thin,0.0515,26.445847973547757,True,True
7534267,2078201809729303040,293.7191,43.1246,0.8866,0.2281,7.8612,3.0092,13.1762,-220.0873,13.0,15.7102,-200.1077,9.25,0.1076,thin,True,15.7102,-200.1077,9.25,200.43,14.25780488013495,-200.0503345164056,18.85029336308113,200.10877418789607,18.219450952693546,thick,thin,thin,0.1076,18.231096621980807,False,True
7542813,2078025990949149056,295.8875,43.156,0.5918,0.2869,7.7588,2.9446,-69.1,-236.1965,-28.0,0.0,0.0,0.0,0.9889,thick,False,-69.1,-236.1965,-28.0,218.1,117.38824472663352,-236.84692564313823,72.46477636337357,236.47415437250743,73.67214068973091,thick,thick,thick,0.9889,74.55742753072963,True,True
7549209,2078729609672614784,297.3012,43.1418,0.8727,0.1867,7.8803,3.0064,-48.0315,-225.6311,-3.0,0.0,0.0,0.0,0.2875,thin,False,-48.0315,-225.6311,-3.0,217.1,78.05767098754612,-225.83563033124383,47.15589117904334,225.65904567652615,47.99380277035236,thin,thin,thin,0.2875,48.12509732197952,True,True
7582689,2116862833283266432,281.1123,43.2278,2.0249,0.1815,7.9832,3.087,-9.9152,-221.8709,10.0,-12.1081,-230.8638,13.18,0.0425,thin,True,-12.1081,-230.8638,13.18,229.86,27.9788277095378,-230.8760229770798,17.73968472907352,230.85822465611264,17.969822164613575,thin,thin,thin,0.0425,17.89744354956875,True,True
7583650,2104868299594024832,281.7309,43.2823,1.0635,0.3186,7.8618,3.0367,34.5116,-232.263,-8.0,0.0,0.0,0.0,0.0887,thin,False,34.5116,-232.263,-8.0,234.6,12.806248474865695,-232.16947677111756,36.03462301489368,232.27019299991227,35.37961904520049,thin,thin,thin,0.0887,35.42669240219866,True,True
7585481,2105192999121723392,282.6995,43.2727,0.4668,0.6609,7.5489,2.9011,32.1415,-198.2498,35.0,0.0,0.0,0.0,0.5128,thick,False,32.1415,-198.2498,35.0,200.2,38.48376280978771,-197.83630220671577,49.21216850711842,198.06992988872383,48.2632662992883,thin,thick,thick,0.5128,47.51921739938486,False,True
7592922,2105650189800713856,286.3307,43.2679,1.248,0.2355,7.9108,3.0499,-33.4691,-225.7138,-1.0,0.0,0.0,0.0,0.0768,thin,False,-33.4691,-225.7138,-1.0,221.7,54.00925846556311,-225.7686462259635,33.11205794413478,225.6852856849077,33.6755374912053,thin,thin,thin,0.0768,33.48403582022334,True,True
7596240,2102976383681783552,287.7627,43.2744,0.7058,0.3722,7.7624,2.9789,-25.2503,-235.0954,-24.0,0.0,0.0,0.0,0.0875,thin,False,-25.2503,-235.0954,-24.0,227.9,67.4166151627327,-235.2366829684145,33.86905646777996,235.12564104909305,34.63153073794238,thin,thin,thin,0.0875,34.83644140967903,True,True
7602351,2102797919200746752,290.1208,43.2436,0.8327,0.288,7.828,3.0029,-28.762,-220.6964,9.0,0.0,0.0,0.0,0.0663,thin,False,-28.762,-220.6964,9.0,214.6,59.682493245507096,-220.82793566433728,29.157894818167456,220.7195082708236,29.967627011257207,thin,thin,thin,0.0663,30.13723019787983,True,True
7603200,2102053446751282944,290.3814,43.2931,14.9019,0.036,8.1052,3.1338,-4.1677,-235.3396,14.0,2.0276,-210.3106,8.18,0.0748,thin,True,2.0276,-210.3106,8.18,210.32,8.18929178867135,-210.31057922348717,8.427761664958092,210.3109888553784,8.417533289087412,thin,thin,thin,0.0748,8.427547790431092,True,True
7604328,2126057774150666368,290.7443,43.2608,1.2223,0.1992,7.9222,3.0467,-8.1631,-230.9116,-13.0,0.0,0.0,0.0,0.0427,thin,False,-8.1631,-230.9116,-13.0,229.1,32.69556544854363,-230.92898014842152,15.08695223065098,230.90836888452,15.399194105226016,thin,thin,thin,0.0427,15.350446300026588,True,True
7609553,2125871960984455552,292.4403,43.2093,2.183,0.1129,8.0123,3.0881,-40.0715,-224.0644,8.0,0.0,0.0,0.0,0.142,thin,False,-40.0715,-224.0644,8.0,221.6,52.61178575186362,-224.09117353836305,40.714935124586056,224.03367409196184,41.03014590342825,thin,thin,thin,0.142,40.862270033002325,True,True
7609674,2125872270222128512,292.4798,43.227,0.8714,0.2467,7.8532,3.0082,16.1455,-233.0235,-24.0,0.0,0.0,0.0,0.0588,thin,False,16.1455,-233.0235,-24.0,233.1,28.30194339616981,-232.9487561594312,29.52095872043901,233.0106693219915,29.028227333365308,thin,thin,thin,0.0588,28.925372430618765,True,True
7610663,2125880825797124352,292.7846,43.216,1.9762,0.1207,8.0017,3.0823,19.6284,-229.4401,3.0,19.264,-233.2584,3.68,0.0438,thin,True,19.264,-233.2584,3.68,233.99,6.542973330222278,-233.24440739633624,19.778195527699975,233.2750125348152,19.413890050214437,thin,thin,thin,0.0438,19.612345499710123,True,True
7620413,2078019187720711424,295.5027,43.2327,0.9419,0.1959,7.8887,3.0169,-67.5445,-233.0098,-27.0,0.0,0.0,0.0,0.9815,thick,False,-67.5445,-233.0098,-27.0,222.8,99.72462083156798,-233.2645853987661,71.9199082225622,233.03462434461807,72.66157069980495,thick,thick,thick,0.9815,72.74104398652798,True,True
7626506,2078722600285671936,296.9811,43.2097,1.9409,0.0987,8.0112,3.0806,1.7687,-242.2426,-56.0,13.1133,-175.5271,-66.78,0.9974,thick,True,13.1133,-175.5271,-66.78,176.0,66.82275435807776,-175.51485784717073,68.08682086048259,175.536370772633,68.03133863134478,thick,thick,thick,0.9974,68.05532335453267,True,True
7659389,2116889775616597120,281.0492,43.3226,1.1897,0.2934,7.8884,3.0484,23.1599,-237.174,-14.0,0.0,0.0,0.0,0.0569,thin,False,23.1599,-237.174,-14.0,238.3,14.0356688476182,-237.11702435060008,27.557335921981693,237.17713890735752,27.03506574284668,thin,thin,thin,0.0569,27.062538092536702,True,True
7662502,2105196160217728256,282.9811,43.3004,1.248,0.2654,7.902,3.0513,-35.909,-224.4519,1.0,0.0,0.0,0.0,0.0927,thin,False,-35.909,-224.4519,1.0,220.3,56.00892785976178,-224.51000270091745,35.55768112847149,224.4217885159752,36.11025947415639,thin,thin,thin,0.0927,35.92292138732595,True,True
7663405,2105095348745153536,283.4782,43.3837,1.2442,0.2613,7.9042,3.0511,-18.5734,-226.8076,-3.0,0.0,0.0,0.0,0.043,thin,False,-18.5734,-226.8076,-3.0,224.2,39.11521443121589,-226.84278782996708,18.38449372510793,226.7971819610256,18.938802880263083,thin,thin,thin,0.043,18.814122024691983,True,True
7663691,2105091878412164352,283.6308,43.3794,0.7532,0.4103,7.7681,2.9922,-10.9098,-229.8836,-12.0,0.0,0.0,0.0,0.0424,thin,False,-10.9098,-229.8836,-12.0,225.7,46.57252408878007,-229.93989128165995,15.399233662049554,229.89744997632351,16.020377473200167,thin,thin,thin,0.0424,16.218006537179594,True,True
7668663,2105663727538050688,286.2859,43.3205,1.7648,0.1734,7.9727,3.077,20.499,-208.5118,43.0,0.0,0.0,0.0,0.3707,thin,False,20.499,-208.5118,43.0,209.4,43.56604182158393,-208.490948104491,47.72718888108166,208.5267613996072,47.57047172554945,thin,thin,thin,0.3707,47.63621522539338,True,True
7670943,2105620159389754624,287.3457,43.3784,3.4026,0.0974,8.0452,3.1079,-6.459,-223.6452,18.0,-7.9382,-229.9187,19.44,0.0439,thin,True,-7.9382,-229.9187,19.44,229.52,24.981787365999256,-229.9200362381976,20.983256092082268,229.91287518400225,21.061574599858577,thin,thin,thin,0.0439,20.99830038931723,True,True
7672097,2102983496146969856,287.8794,43.3641,0.9201,0.29,7.8477,3.0174,11.1221,-226.2656,-5.0,0.0,0.0,0.0,0.045,thin,False,11.1221,-226.2656,-5.0,225.9,17.72004514666935,-226.21753218366396,13.055195622164224,226.2577722626559,12.338172098822172,thin,thin,thin,0.045,12.194306393149223,True,True
7673841,2102948483573807616,288.6608,43.3682,1.4425,0.1889,7.947,3.0618,100.9829,-234.0949,-4.0,0.0,0.0,0.0,1.0,thick,False,100.9829,-234.0949,-4.0,241.4,82.09750300709517,-233.9381588155083,101.42434545024196,234.1573436068134,100.9172851150918,thick,thick,thick,1.0,101.06209028320164,True,True
7678434,2126073961886389888,290.3932,43.3639,1.5604,0.164,7.9649,3.0674,-6.3724,-224.5899,8.0,0.0,0.0,0.0,0.048,thin,False,-6.3724,-224.5899,8.0,223.5,24.35159132377184,-224.5988259682859,10.030821186106214,224.58620110757244,10.30962036493161,thin,thin,thin,0.048,10.227779903771884,True,True
7685981,2125888419299436800,292.9655,43.3463,0.4187,0.4726,7.582,2.8639,-35.1181,-223.3803,15.0,0.0,0.0,0.0,0.1127,thin,False,-35.1181,-223.3803,15.0,205.2,96.17692030835671,-223.86219541931425,35.25276531060732,223.6067546858789,36.83828523220324,thick,thin,thin,0.1127,38.18744489501752,False,True
7687365,2078219642433457152,293.4179,43.3429,1.4358,0.1535,7.9607,3.0598,63.3309,-234.1099,-13.0,0.0,0.0,0.0,0.8895,thick,False,63.3309,-234.1099,-13.0,238.5,45.880278987817846,-234.02106239252407,64.97224297093616,234.161246659266,64.46518876865566,thin,thick,thick,0.8895,64.65139514975682,False,True
7690844,2078175627609397376,294.5271,43.3681,0.5139,0.3572,7.6974,2.9155,-20.4975,-218.6621,21.0,0.0,0.0,0.0,0.0662,thin,False,-20.4975,-218.6621,21.0,208.5,72.12489168102785,-218.88701237286543,27.617491096785823,218.76852556883196,28.54088681942677,thin,thin,thin,0.0662,29.345314894374535,True,True
7691260,2077988401397704320,294.65,43.3356,1.9726,0.1109,8.0074,3.0819,42.3497,-239.4008,-24.0,0.0,0.0,0.0,0.3339,thin,False,42.3497,-239.4008,-24.0,241.5,36.87817782917155,-239.3652266738423,48.85220833677928,239.4330776418481,48.518566868289966,thin,thin,thin,0.3339,48.67748031780199,True,True
7692093,2078080348055864960,294.906,43.3818,0.9454,0.2039,7.8878,3.0171,-3.0417,-233.3842,-30.0,0.0,0.0,0.0,0.063,thin,False,-3.0417,-233.3842,-30.0,231.2,43.86342439892262,-233.39296945685672,30.08590713458273,233.3838605559533,30.156485736891455,thin,thin,thin,0.063,30.15380471665226,True,True
7697103,2078784104218434048,296.3826,43.3865,0.4652,0.3503,7.6751,2.8911,-42.3383,-225.8437,9.0,0.0,0.0,0.0,0.1768,thin,False,-42.3383,-225.8437,9.0,208.3,97.41663102366044,-226.3960058224763,40.295639312825045,226.1146673869703,41.84551579894546,thick,thin,thin,0.1768,43.2843117871822,False,True
7703882,2078630756707737600,298.0029,43.3546,0.7129,0.2146,7.8378,2.9764,8.2025,-231.6047,-32.0,0.0,0.0,0.0,0.0743,thin,False,8.2025,-231.6047,-32.0,229.8,43.86342439892262,-231.5475210238628,33.433299384054536,231.5893954623428,33.141996158750075,thin,thin,thin,0.0743,33.0345426220797,True,True
7703955,2078635910668511872,298.0231,43.3635,0.8742,0.18,7.8886,3.0062,-11.1654,-229.2045,-20.0,0.0,0.0,0.0,0.0458,thin,False,-11.1654,-229.2045,-20.0,225.6,46.51881339845203,-229.2479619894005,22.46623964321582,229.20837202197256,22.8666174813204,thin,thin,thin,0.0458,22.90559226826497,True,True
7730747,2116882456991858688,281.2903,43.4134,0.8845,0.3838,7.8112,3.0156,95.9643,-208.4923,30.0,103.4099,-169.4772,15.67,1.0,thick,True,103.4099,-169.4772,15.67,181.13,82.78655084009722,-169.08863797559604,105.217500481421,169.45220543326917,104.63097043323808,thick,thick,thick,1.0,104.59042173167674,True,True
7733731,2105104832033224448,283.1286,43.4568,0.942,0.3403,7.837,3.0225,4.1931,-245.4405,-33.0,2.5401,-254.0983,-30.4,0.1236,thin,True,2.5401,-254.0983,-30.4,252.6,41.10704197579777,-254.08736292648427,30.596746576475205,254.09742718202224,30.51305293602895,thick,thin,thin,0.1236,30.505935619318414,False,True
7747425,2102815683186036096,289.8616,43.4727,0.9582,0.2599,7.8665,3.0203,-16.6073,-227.4789,-9.0,0.0,0.0,0.0,0.0429,thin,False,-16.6073,-227.4789,-9.0,223.8,44.91102314577124,-227.52491495606972,18.326294612747983,227.47057803408228,18.988842219590527,thin,thin,thin,0.0429,18.889214205201867,True,True
7748487,2126826027838429952,290.236,43.4706,0.505,0.455,7.6527,2.9137,-13.0308,-213.7739,25.0,0.0,0.0,0.0,0.0717,thin,False,-13.0308,-213.7739,25.0,205.3,65.92419889539804,-213.91032437473524,27.13785411368329,213.83782868255204,27.703303491308105,thin,thin,thin,0.0717,28.1922285149649,True,True
7750419,2126066815061061632,290.8823,43.4718,0.8247,0.2831,7.8328,3.0008,19.8956,-211.7024,32.0,0.0,0.0,0.0,0.1407,thin,False,19.8956,-211.7024,32.0,212.4,33.52610922848042,-211.61252526988432,38.18244555947892,211.6920465039812,37.73907056296258,thin,thin,thin,0.1407,37.680696641118516,True,True
7761545,2078176589682140160,294.6324,43.4005,0.9983,0.1981,7.8982,3.0234,-1.9329,-221.171,15.0,0.0,0.0,0.0,0.0461,thin,False,-1.9329,-221.171,15.0,219.4,31.76476034853718,-221.1753295641992,15.060995722988588,221.16981509093165,15.141759892532498,thin,thin,thin,0.0461,15.12402401512243,True,True
7762723,2078080176257415168,294.9971,43.4359,1.4708,0.1389,7.9715,3.0616,-39.0985,-213.2033,44.0,-32.8576,-175.7754,37.55,0.9274,thick,True,-32.8576,-175.7754,37.55,172.59,59.994221388397065,-175.8280688546347,49.71020924166216,175.75710942757885,49.96051626696904,thick,thick,thick,0.9274,49.896135900087494,True,True
7765528,2078038738412342656,295.8287,43.4254,0.8335,0.216,7.8646,3.0005,-15.5121,-225.0172,-4.0,0.0,0.0,0.0,0.0434,thin,False,-15.5121,-225.0172,-4.0,220.6,47.16990566028302,-225.0858125485549,15.024546227982722,225.02778923533396,15.869910896351351,thin,thin,thin,0.0434,16.01952703452883,True,True
7769819,2078752149661192832,297.0201,43.4325,1.1373,0.1543,7.9369,3.0372,-3.425,-226.489,-2.0,0.0,0.0,0.0,0.0615,thin,False,-3.425,-226.489,-2.0,224.9,27.073972741361768,-226.4957740016327,3.5601066558916687,226.48652554899155,4.106549006891718,thin,thin,thin,0.0615,3.966185194869246,True,True
7778664,2075972137594356224,299.1466,43.4599,0.6045,0.2302,7.8016,2.9466,80.1106,-209.5507,31.0,0.0,0.0,0.0,0.9997,thick,False,80.1106,-209.5507,31.0,221.1,49.04079934095692,-208.87602492183123,87.52723126464443,209.31530298107432,86.47146314213174,thin,thick,thick,0.9997,85.89940763683997,False,True
7778767,2075971312960643712,299.1695,43.4411,0.6992,0.201,7.8453,2.9737,-37.7898,-225.8891,-2.0,0.0,0.0,0.0,0.1072,thin,False,-37.7898,-225.8891,-2.0,216.4,75.02666192761077,-226.16632061185243,36.14907219966733,225.9954422820492,37.20242018660869,thin,thin,thin,0.1072,37.842687325822936,True,True
7779077,2075969526254302848,299.2503,43.4104,1.6928,0.0966,8.0046,3.0712,-41.1264,-227.1548,-4.0,0.0,0.0,0.0,0.1456,thin,False,-41.1264,-227.1548,-4.0,223.7,57.14017850864661,-227.20169358337705,41.06190975643046,227.12394540591384,41.489799026404846,thin,thin,thin,0.1456,41.32046438461214,True,True
7815744,2102865436087077632,289.5685,43.5385,0.9921,0.2542,7.8763,3.0253,-59.2601,-208.08,39.0,0.0,0.0,0.0,0.9805,thick,False,-59.2601,-208.08,39.0,199.8,91.706052144883,-208.2771232815372,70.36106819518417,208.08841093029443,70.91722806557598,thick,thick,thick,0.9805,70.94194423618512,True,True
7816935,2102810838463021568,290.0078,43.5021,0.7333,0.3272,7.794,2.9842,5.8396,-228.2051,-13.0,0.0,0.0,0.0,0.0431,thin,False,5.8396,-228.2051,-13.0,226.3,32.69556544854363,-228.16681576993452,14.852413319348065,228.19614920859956,14.394703413636924,thin,thin,thin,0.0431,14.2513482927055,True,True
7831264,2078272831307891456,294.7421,43.5368,1.038,0.1913,7.9092,3.0279,-7.6576,-223.8138,4.0,0.0,0.0,0.0,0.0511,thin,False,-7.6576,-223.8138,4.0,221.5,33.24154027718932,-223.831897876513,8.156683946202483,223.8088101805466,8.767353395869208,thin,thin,thin,0.0511,8.63937716273575,True,True
7832356,2078088005976092416,295.095,43.5376,0.6606,0.2771,7.7978,2.9653,10.7918,-214.5324,24.0,0.0,0.0,0.0,0.0646,thin,False,10.7918,-214.5324,24.0,213.1,36.12478373637688,-214.4390858170755,27.064524269547885,214.49813366417703,26.592492447772507,thin,thin,thin,0.0646,26.314690711463815,True,True
7834712,2078053203862248320,295.7979,43.5704,0.5615,0.3078,7.7501,2.9345,8.5256,-225.3633,-14.0,0.0,0.0,0.0,0.0432,thin,False,8.5256,-225.3633,-14.0,222.3,40.49691346263317,-225.2590634320489,17.766382347461512,225.31885504370416,16.99127899230154,thin,thin,thin,0.0432,16.3916398008253,True,True
7836096,2079539949740168704,296.1866,43.5813,1.1937,0.1562,7.944,3.0426,-21.097,-222.7736,9.0,0.0,0.0,0.0,0.0479,thin,False,-21.097,-222.7736,9.0,219.6,43.93176527297759,-222.81981815394036,22.48307447492348,222.763588122566,23.03353656648888,thin,thin,thin,0.0479,22.936508212890647,True,True
7838675,2078801009210349440,296.9236,43.5665,1.1998,0.1485,7.9487,3.0433,17.0599,-223.9067,9.0,0.0,0.0,0.0,0.0443,thin,False,17.0599,-223.9067,9.0,224.5,10.295630140987,-223.86303313694552,19.78869360839255,223.90945742972053,19.256294387242843,thin,thin,thin,0.0443,19.28834331947666,True,True
7849854,2075964612812129792,299.5619,43.5035,0.7824,0.1786,7.8766,2.9905,-36.4395,-225.6589,0.0,0.0,0.0,0.0,0.0957,thin,False,-36.4395,-225.6589,0.0,217.6,70.0,-225.85296604248495,35.21644118607278,225.70440149320555,36.1563707608199,thin,thin,thin,0.0957,36.4395,True,True
7870032,2105262886829784960,282.0355,43.6312,1.7503,0.2023,7.9664,3.0779,5.5386,-228.1103,0.0,0.0,0.0,0.0,0.0562,thin,False,5.5386,-228.1103,0.0,228.0,9.0,-228.10411090283333,5.789178631542575,228.11376573323815,5.395357541566912,thin,thin,thin,0.0562,5.5386,True,True
7870390,2105261134483173632,282.2325,43.6656,2.516,0.1473,8.0134,3.0971,-21.67,-232.7938,-8.0,0.0,0.0,0.0,0.0467,thin,False,-21.67,-232.7938,-8.0,231.6,32.984845004941285,-232.80314178519893,23.00559008025142,232.7773114100476,23.26549575465141,thin,thin,thin,0.0467,23.099543285528398,True,True
7877496,2105678089908733824,286.1103,43.681,0.9024,0.3195,7.8398,3.0155,53.3813,-214.3894,20.0,0.0,0.0,0.0,0.6748,thick,False,53.3813,-214.3894,20.0,219.4,32.802438933713454,-214.17618056501908,57.80072385861918,214.36448590064265,57.09839914177285,thin,thick,thick,0.6748,57.00494004636791,False,True
7879433,2106001651264391040,287.1428,43.6161,3.9729,0.0873,8.0571,3.1128,18.9466,-240.9543,-8.0,0.0,0.0,0.0,0.0508,thin,False,18.9466,-240.9543,-8.0,241.4,14.422205101855956,-240.95056612351075,20.610305304863505,240.96501195227893,20.440719528384697,thin,thin,thin,0.0508,20.56632323873181,True,True
7898352,2078195212660287616,294.3169,43.6292,0.7011,0.2757,7.8119,2.9755,-85.2,-229.6491,-7.0,0.0,0.0,0.0,0.9995,thick,False,-85.2,-229.6491,-7.0,212.4,122.20065466273084,-230.23909889841707,83.88514372905922,229.84944507313128,84.94699876731146,thick,thick,thick,0.9995,85.48707504646536,True,True
7901016,2078112199533939712,295.1333,43.6314,0.8931,0.2134,7.8806,3.0101,-4.4835,-225.4336,-4.0,-6.2344,-248.119,0.3,0.0781,thin,True,-6.2344,-248.119,0.3,245.16,38.71116247285788,-248.14208428171528,5.242681406122641,248.12153024348817,6.138886676734269,thin,thin,thin,0.0781,6.241613842589111,True,True
7901948,2078097665364576384,295.4175,43.6056,1.1329,0.1706,7.9316,3.0377,12.341,-233.9823,-23.0,0.0,0.0,0.0,0.0522,thin,False,12.341,-233.9823,-23.0,234.0,25.942243542145693,-233.9502727600168,26.386926223297618,233.98598765276336,26.06832526574855,thin,thin,thin,0.0522,26.101729463773086,True,True
7902003,2078104498647097856,295.4391,43.6763,1.8242,0.1155,8.0026,3.0765,-15.0202,-230.7659,-9.0,0.0,0.0,0.0,0.0425,thin,False,-15.0202,-230.7659,-9.0,229.3,31.32091952673165,-230.7744000151299,17.397307195563656,230.7481610054607,17.741933169696924,thin,thin,thin,0.0425,17.510180125858216,True,True
7902204,2078103369081154176,295.5023,43.6098,0.6091,0.2953,7.7721,2.948,-21.6526,-232.6112,-30.0,0.0,0.0,0.0,0.1008,thin,False,-21.6526,-232.6112,-30.0,224.1,72.49827584156743,-232.75224308908616,36.09990771454893,232.6414221507072,36.80731856161822,thin,thin,thin,0.1008,36.99777137558423,True,True
7908367,2078758433192866816,297.2121,43.6438,2.4072,0.0844,8.0354,3.0922,22.2692,-227.6781,20.0,0.0,0.0,0.0,0.061,thin,False,22.2692,-227.6781,20.0,228.5,22.825424421026653,-227.66757748206683,30.012066963924585,227.69683646894703,29.78927092148426,thin,thin,thin,0.061,29.931877131914064,True,True
7918992,2075987599477644672,299.7854,43.6707,1.0857,0.1351,7.9465,3.0318,-10.414,-224.8962,-3.0,0.0,0.0,0.0,0.0471,thin,False,-10.414,-224.8962,-3.0,222.4,35.12833614050059,-224.9214378020487,10.300816329744832,224.89106948870423,10.943804833183805,thin,thin,thin,0.0471,10.83749952710495,True,True
7938496,2105275015817638272,281.9606,43.703,0.675,0.4843,7.7276,2.9759,-64.074,-217.0433,11.0,0.0,0.0,0.0,0.9042,thick,False,-64.074,-217.0433,11.0,203.5,99.60923651951158,-217.44560974234275,63.65262605565296,217.1506783849116,64.65162702494572,thick,thick,thick,0.9042,65.01136420657545,True,True
7939330,2105221139747765504,282.4391,43.7344,0.3905,0.7808,7.4692,2.8601,-52.3827,-225.6322,6.0,0.0,0.0,0.0,0.4474,thin,False,-52.3827,-225.6322,6.0,202.2,113.1591799192624,-226.72559725804052,47.8052669481595,226.3273254485221,49.656638582557726,thick,thin,thin,0.4474,52.72520516119402,False,True
7939761,2105313086406540160,282.6726,43.7882,0.6758,0.4736,7.7327,2.9753,-134.3121,-263.0591,-62.0,0.0,0.0,0.0,1.0,thick,False,-134.3121,-263.0591,-62.0,237.2,186.60117898877277,-263.8802407577889,146.46179890200492,263.2574306091606,147.57833590694457,thick,thick,thick,1.0,147.9315389171964,True,True
7948784,2106006156689931648,287.3613,43.7388,0.7757,0.351,7.8012,2.9937,38.9837,-220.9678,3.0,0.0,0.0,0.0,0.1258,thin,False,38.9837,-220.9678,3.0,224.3,6.708203932499369,-220.7799556357162,40.14599842439098,220.94260080733247,39.24101360173714,thin,thin,thin,0.1258,39.098962463088455,True,True
7950644,2103014626070505344,288.2546,43.7048,0.9742,0.2747,7.8683,3.0235,-7.6158,-232.9188,-19.0,0.0,0.0,0.0,0.0442,thin,False,-7.6158,-232.9188,-19.0,230.4,39.82461550347976,-232.9419675692841,20.203953696011613,232.91839894015425,20.47387201179023,thin,thin,thin,0.0442,20.46949949656806,True,True
7951018,2103062523544455296,288.4357,43.7635,0.5443,0.4633,7.68,2.9313,-8.8258,-226.9408,-10.0,0.0,0.0,0.0,0.0439,thin,False,-8.8258,-226.9408,-10.0,220.1,56.88585061331157,-227.01893012843885,11.93379082014562,226.9761988682252,12.7206582900371,thin,thin,thin,0.0439,13.337718906919578,True,True
7955580,2126835717285958912,290.2884,43.7553,1.6758,0.1571,7.9785,3.0723,-36.2489,-228.66,-5.0,0.0,0.0,0.0,0.0959,thin,False,-36.2489,-228.66,-5.0,225.6,52.23983154643591,-228.6966484167444,36.36210944029504,228.62895551878805,36.78533265294763,thin,thin,thin,0.0959,36.592113237827625,True,True
7960980,2125965007156694528,292.1685,43.7796,0.9281,0.2428,7.8748,3.0154,-60.8871,-227.2677,-6.0,0.0,0.0,0.0,0.7882,thick,False,-60.8871,-227.2677,-6.0,217.8,89.20201791439474,-227.4512545547499,60.496006491919424,227.24191785974776,61.27765308351541,thick,thick,thick,0.7882,61.18201489334917,True,True
7977197,2078852754973778560,297.2789,43.724,1.1751,0.1495,7.9479,3.0407,-19.2116,-227.1909,-9.0,0.0,0.0,0.0,0.0443,thin,False,-19.2116,-227.1909,-9.0,224.1,42.95346318982906,-227.23211237718183,20.76961975106441,227.17999580730975,21.33212378059691,thin,thin,thin,0.0443,21.215220351436372,True,True
7984047,2078982634786330112,298.9259,43.7503,1.2801,0.1253,7.9702,3.0489,-32.0422,-227.9436,-9.0,0.0,0.0,0.0,0.075,thin,False,-32.0422,-227.9436,-9.0,224.0,53.75872022286245,-228.0133936175259,32.800797719250575,227.93331976245457,33.352687179096066,thin,thin,thin,0.075,33.28216610799243,True,True
7984574,2078984490212273920,299.0617,43.7203,0.7426,0.1964,7.8642,2.9826,-53.1497,-230.7216,-18.0,0.0,0.0,0.0,0.5906,thick,False,-53.1497,-230.7216,-18.0,219.4,90.80198235721508,-231.03385836046428,54.81529249285232,230.8045643840508,55.77287028196191,thick,thick,thick,0.5906,56.11497670043177,True,True
7987866,2075993990389052160,299.8518,43.7321,2.0031,0.0833,8.0266,3.082,-64.4691,-228.9494,-11.0,0.0,0.0,0.0,0.9004,thick,False,-64.4691,-228.9494,-11.0,224.7,78.77182237323191,-229.00139430434723,65.21848976068732,228.89850193919895,65.57869936183943,thin,thick,thick,0.9004,65.40080163736526,False,True
8004903,2116961690548889088,280.2584,43.8357,0.721,0.4798,7.7505,2.9886,-6.0136,-216.8511,10.0,0.0,0.0,0.0,0.0539,thin,False,-6.0136,-216.8511,10.0,213.4,40.26164427839479,-216.88493208115065,11.022079484137986,216.86287234852716,11.447907963747369,thin,thin,thin,0.0539,11.668906759418382,True,True
8007174,2105279757461326720,281.8277,43.8087,1.3595,0.2557,7.9244,3.0597,33.0035,-230.8736,-2.0,0.0,0.0,0.0,0.0742,thin,False,33.0035,-230.8736,-2.0,232.8,14.142135623730953,-230.81125489529356,33.496337317083544,230.88561024227164,32.97991787518339,thin,thin,thin,0.0742,33.06404410004923,True,True
8007644,2105273705848965888,282.1406,43.8965,0.7103,0.458,7.754,2.985,-58.5303,-231.9703,-15.0,0.0,0.0,0.0,0.7656,thick,False,-58.5303,-231.9703,-15.0,220.0,95.1892851112981,-232.36073007608005,58.90238635667553,232.10645570480145,59.89652093531863,thick,thick,thick,0.7656,60.421817401415524,True,True
8008067,2105362903731391744,282.3919,43.8894,2.5495,0.1461,8.0158,3.0974,33.3455,-233.4549,2.0,35.1909,-227.8779,-0.39,0.0861,thin,True,35.1909,-227.8779,-0.39,229.21,25.093030905014245,-227.8714052319921,35.23502487010981,227.9126542553523,34.9672179373802,thin,thin,thin,0.0861,35.19306100369787,True,True
8008206,2105316247502568576,282.4682,43.8899,2.1354,0.1689,7.9963,3.0891,31.6961,-241.0687,-13.0,0.0,0.0,0.0,0.0944,thin,False,31.6961,-241.0687,-13.0,242.4,23.021728866442675,-241.049205054086,34.39535932060018,241.093867459245,34.08089015187253,thin,thin,thin,0.0944,34.258469831707316,True,True
8009350,2105327723655307648,283.1296,43.8881,1.6876,0.2035,7.9644,3.0748,-70.8856,-228.841,-10.0,0.0,0.0,0.0,0.9746,thick,False,-70.8856,-228.841,-10.0,223.6,86.57944328765345,-228.90478615618147,71.38318341733456,228.7770104565532,71.79163939179922,thick,thick,thick,0.9746,71.58748694681215,True,True
8009811,2105137405065307136,283.3738,43.8014,1.2999,0.2515,7.9204,3.0559,31.007,-232.3988,-7.0,35.7887,-211.3021,-13.75,0.1504,thin,True,35.7887,-211.3021,-13.75,213.59,22.310701468129597,-211.20464081865205,38.87229343200848,211.290027456679,38.40546572241803,thin,thin,thin,0.1504,38.33919075423997,True,True
8013419,2105835869827307008,285.1674,43.8763,1.9158,0.17,7.9866,3.0823,-12.3783,-213.2093,28.0,0.0,0.0,0.0,0.0826,thin,False,-12.3783,-213.2093,28.0,212.1,37.53664875824692,-213.2185938933936,30.548997006843106,213.19882110168405,30.686685726095007,thin,thin,thin,0.0826,30.61408680477012,True,True
8013439,2105835281411929728,285.1829,43.831,3.7357,0.0979,8.0517,3.1111,-12.6359,-241.8973,-18.0,-14.7822,-248.6158,-15.58,0.0671,thin,True,-14.7822,-248.6158,-15.58,248.05,27.24442878828624,-248.6175256770556,21.456638278597836,248.60554342545925,21.59502669903605,thin,thin,thin,0.0671,21.476727796384626,True,True
8015907,2105694410784851072,286.5285,43.8734,1.7123,0.1784,7.9738,3.0749,-3.6871,-229.9566,-4.0,0.0,0.0,0.0,0.0563,thin,False,-3.6871,-229.9566,-4.0,229.2,19.4164878389476,-229.960522872878,5.272373282739083,229.95395903268397,5.551281401144707,thin,thin,thin,0.0563,5.440101691145121,True,True
8016691,2106018801073572224,286.9453,43.8228,2.6878,0.1198,8.0275,3.0991,12.7908,-230.2645,7.0,0.0,0.0,0.0,0.0429,thin,False,12.7908,-230.2645,7.0,230.6,7.615773105863909,-230.257928025325,14.684909992378197,230.2724567779743,14.455298317085273,thin,thin,thin,0.0429,14.580965833579064,True,True
8016692,2106021236315316096,286.9454,43.8992,1.3156,0.222,7.9313,3.0545,16.2713,-220.9219,15.0,0.0,0.0,0.0,0.0485,thin,False,16.2713,-220.9219,15.0,221.5,15.297058540778355,-220.89368417195976,22.410495151568725,220.93252087055748,22.0243324934191,thin,thin,thin,0.0485,22.130413545390425,True,True
8018547,2103032733652556800,287.8524,43.8981,1.7587,0.1659,7.9811,3.0764,26.7745,-226.0363,8.0,0.0,0.0,0.0,0.0555,thin,False,26.7745,-226.0363,8.0,227.3,14.422205101855956,-226.00463622476497,28.19919156486003,226.05194314269704,27.817422623436634,thin,thin,thin,0.0555,27.944120137338373,True,True
8022244,2102880210775046528,289.5532,43.8761,0.7723,0.3217,7.8154,2.9925,-65.6762,-222.5235,4.0,0.0,0.0,0.0,0.9102,thick,False,-65.6762,-222.5235,4.0,210.3,98.08159868191385,-222.8806641061793,64.57785663513839,222.61115291337663,65.50087479245796,thick,thick,thick,0.9102,65.79789697581526,True,True
8022489,2102877015319104640,289.6513,43.8244,1.1587,0.2218,7.9154,3.0422,42.6953,-226.5816,0.0,40.4042,-243.412,4.66,0.1704,thin,True,40.4042,-243.412,4.66,246.22,16.71281245033283,-243.3005775013445,41.33322498320537,243.41169998763476,40.67371152390331,thin,thin,thin,0.1704,40.672041719589146,True,True
8025596,2126110795526604928,290.6852,43.8596,0.6168,0.3769,7.7462,2.9535,-28.3344,-220.1798,9.0,0.0,0.0,0.0,0.0655,thin,False,-28.3344,-220.1798,9.0,211.0,69.58448102845921,-220.37959303400245,28.21054721495945,220.2362222709442,29.308810958878336,thin,thin,thin,0.0655,29.72941680154523,True,True
8036287,2078291832243170048,294.3854,43.8254,1.906,0.1176,8.0065,3.0798,-10.8809,-228.8097,-1.0,0.0,0.0,0.0,0.0458,thin,False,-10.8809,-228.8097,-1.0,227.7,25.019992006393608,-228.8182320671256,10.747403113080065,228.80017456313428,11.125202015212029,thin,thin,thin,0.0458,10.926755456676059,True,True
8037038,2078284547978727808,294.6326,43.8077,0.7304,0.263,7.8299,2.9821,9.2803,-221.3366,7.0,0.0,0.0,0.0,0.0486,thin,False,9.2803,-221.3366,7.0,220.0,26.92582403567252,-221.27063538632703,12.818186912786151,221.31613802403143,12.006958404519544,thin,thin,thin,0.0486,11.6242835516861,True,True
8037145,2078286197246582016,294.6679,43.8532,1.9091,0.1156,8.008,3.08,-39.5043,-220.5486,22.0,0.0,0.0,0.0,0.2251,thin,False,-39.5043,-220.5486,22.0,217.7,57.38466694161429,-220.58834726733625,45.023005784432726,220.52296976131183,45.34214163062366,thin,thin,thin,0.2251,45.217139654007305,True,True
8042453,2079548917633369472,296.308,43.8214,0.664,0.2611,7.8136,2.9649,77.4079,-222.9633,-19.0,0.0,0.0,0.0,0.997,thick,False,77.4079,-222.9633,-19.0,233.1,41.593268686170845,-222.41319871719008,81.22794492283879,222.79772781313508,80.16721575122943,thin,thick,thick,0.997,79.70560195124305,False,True
8042644,2079572866369677568,296.3595,43.8667,0.4597,0.3589,7.6898,2.8913,4.457,-219.3287,9.0,0.0,0.0,0.0,0.0528,thin,False,4.457,-219.3287,9.0,213.6,50.80354318352215,-219.22397779705065,12.116416914181585,219.2759354940844,11.13661138740671,thin,thin,thin,0.0528,10.04314935665103,True,True
8051946,2078999608496984448,298.6635,43.8941,1.0372,0.1538,7.9349,3.0268,-8.4125,-223.8374,6.0,0.0,0.0,0.0,0.0483,thin,False,-8.4125,-223.8374,6.0,221.4,34.52535300326414,-223.85826426095832,9.871044629163745,223.83273940559468,10.433828165498198,thin,thin,thin,0.0483,10.332964543150238,True,True
8053552,2078990090849722240,299.0558,43.8972,0.5382,0.265,7.7724,2.9221,46.8381,-209.9386,35.0,0.0,0.0,0.0,0.7617,thick,False,46.8381,-209.9386,35.0,215.1,35.0,-209.50912025182453,59.99115377542356,209.80037856400097,58.96449062276285,thin,thick,thick,0.7617,58.470570474470314,False,True
8054719,2076007356327376384,299.3495,43.8502,0.8635,0.1705,7.9031,3.0043,-77.5187,-228.0547,1.0,-75.8921,-195.1828,-3.43,0.9974,thick,True,-75.8921,-195.1828,-3.43,182.96,101.947716992584,-195.50549979388168,75.13519914357403,195.22178105657608,75.86932714278068,thick,thick,thick,0.9974,75.96957116115637,True,True
8073806,2116970280483501952,280.3148,43.9857,0.6799,0.5129,7.7276,2.9772,-38.2121,-179.067,67.0,0.0,0.0,0.0,0.9996,thick,False,-38.2121,-179.067,67.0,170.4,94.75230867899737,-179.2570471317702,76.68814154481987,179.0836409687038,77.09221450569702,thick,thick,thick,0.9996,77.13082773061625,True,True
8077137,2105318412166111232,282.4923,43.9802,2.5134,0.1458,8.0165,3.0974,26.4084,-234.8622,-1.0,26.4978,-233.0364,-1.98,0.0527,thin,True,26.4978,-233.0364,-1.98,233.98,16.290773462300677,-233.01434732298264,26.764596795849613,233.0460314210929,26.48729768925069,thin,thin,thin,0.0527,26.571672977816057,True,True
8078502,2105329819599365248,283.1319,43.956,0.8054,0.3977,7.7988,3.0018,61.765,-237.9133,-23.0,0.0,0.0,0.0,0.9196,thick,False,61.765,-237.9133,-23.0,244.2,36.23534186398688,-237.63951152935908,66.88873268411957,237.88220655599525,66.02041959917251,thin,thick,thick,0.9196,65.90838508869717,False,True
8081239,2106597487787652352,284.5321,43.9899,0.9665,0.3212,7.8562,3.0241,-23.4194,-219.6581,9.0,0.0,0.0,0.0,0.054,thin,False,-23.4194,-219.6581,9.0,215.4,49.8196748283246,-219.72570867488145,24.49026229588262,219.6508871936038,25.15249003702675,thin,thin,thin,0.054,25.089206770242857,True,True
8081899,2105848204973534592,284.9031,43.9541,1.8544,0.1766,7.9824,3.0804,73.4432,-233.9468,1.0,63.8735,-279.2167,15.65,0.9955,thick,True,63.8735,-279.2167,15.65,282.6,49.23357492606036,-279.161658305315,65.99601072963858,279.26699769789,65.54882834045733,thick,thick,thick,0.9955,65.76280485388378,True,True
8082001,2105847174181385600,284.9631,43.913,0.7487,0.4001,7.7805,2.9893,57.6427,-223.9472,-4.0,0.0,0.0,0.0,0.6631,thick,False,57.6427,-223.9472,-4.0,230.1,23.345235059857504,-223.68835576850364,58.7752455850534,223.9343769251012,57.83082941793865,thin,thick,thick,0.6631,57.781319328049264,False,True
8091197,2126899901276505088,289.6053,43.9528,1.3277,0.199,7.9413,3.0542,10.8328,-238.1636,-25.0,0.0,0.0,0.0,0.0584,thin,False,10.8328,-238.1636,-25.0,238.2,26.92582403567252,-238.14714953378905,27.38932582104047,238.17298925779104,27.16371086593566,thin,thin,thin,0.0584,27.246092487547642,True,True
8098212,2125971501147572992,292.0283,43.9464,1.9935,0.1266,8.0067,3.083,9.3583,-227.843,6.0,0.0,0.0,0.0,0.0457,thin,False,9.3583,-227.843,6.0,228.0,7.211102550927978,-227.8355402441966,11.267945759323576,227.8502584990388,10.966298460338106,thin,thin,thin,0.0457,11.116554272345365,True,True
8098960,2125975143279715072,292.3034,43.9838,0.9717,0.2318,7.8909,3.0218,13.5746,-221.5655,9.0,0.0,0.0,0.0,0.0454,thin,False,13.5746,-221.5655,9.0,221.6,15.811388300841896,-221.51578003717012,16.950492456682476,221.56190812182052,16.336488895045576,thin,thin,thin,0.0454,16.287104259505433,True,True
8099138,2125962155298608000,292.3696,43.9109,1.0762,0.2114,7.9112,3.0329,74.9504,-216.6464,27.0,0.0,0.0,0.0,0.9973,thick,False,74.9504,-216.6464,27.0,223.5,57.706152185014034,-216.461968672944,80.16524258201555,216.68492605471565,79.56062355626942,thin,thick,thick,0.9973,79.66531528940308,False,True
8107150,2078125668551521024,295.0809,43.9532,0.6058,0.307,7.7768,2.9482,22.6243,-224.8425,-14.0,0.0,0.0,0.0,0.0529,thin,False,22.6243,-224.8425,-14.0,225.0,25.238858928247925,-224.65768087558783,28.123414152668897,224.78550080567535,27.082810554699023,thin,thin,thin,0.0529,26.60561877667949,True,True
8107225,2078125359313871488,295.11,43.9151,1.804,0.119,8.003,3.0762,-31.6439,-235.9729,-29.0,0.0,0.0,0.0,0.1791,thin,False,-31.6439,-235.9729,-29.0,233.4,55.22680508593631,-236.00295905907825,42.75702650277553,235.94738056384557,43.062670667991,thin,thin,thin,0.1791,42.92244642619989,True,True
8110767,2079576783379820928,296.1883,43.9368,0.8328,0.2163,7.8759,3.0004,-27.804,-223.6385,7.0,0.0,0.0,0.0,0.0588,thin,False,-27.804,-223.6385,7.0,217.5,59.4138031100518,-223.766725537387,27.65325554569901,223.66097740539328,28.495915252263146,thin,thin,thin,0.0588,28.671630856998696,True,True
8115647,2078862547499570048,297.4686,43.982,0.9806,0.1738,7.9201,3.0213,45.3838,-233.8441,-43.0,0.0,0.0,0.0,0.8362,thick,False,45.3838,-233.8441,-43.0,237.6,46.238512086787566,-233.6763451804605,63.14369092080588,233.82747865311129,62.58170840372431,thin,thick,thick,0.8362,62.51951137397029,False,True
8120608,2079000330051813504,298.6527,43.955,5.6336,0.0458,8.0871,3.1204,-8.0371,-234.3229,3.0,0.0,0.0,0.0,0.0504,thin,False,-8.0371,-234.3229,3.0,234.1,13.341664064126334,-234.32368946286223,8.556784238959635,234.31917416337063,8.679551796951952,thin,thin,thin,0.0504,8.578751448200373,True,True
8125917,2076089991495033344,299.988,43.9178,1.937,0.0856,8.0251,3.0798,15.9454,-225.2452,22.0,0.0,0.0,0.0,0.0539,thin,False,15.9454,-225.2452,22.0,225.8,22.09072203437452,-225.23326816124063,27.26930350057848,225.25957798641176,27.051109503746563,thin,thin,thin,0.0539,27.170862723881257,True,True
8126558,2076050683953049728,300.1705,43.9849,1.0434,0.1382,7.9464,3.0275,-33.325,-227.4715,-11.0,0.0,0.0,0.0,0.0855,thin,False,-33.325,-227.4715,-11.0,222.2,60.01666435249463,-227.56883063954209,34.456745658164266,227.46639168666192,35.12663737180227,thin,thin,thin,0.0855,35.09352682475787,True,True
8151055,2105886790959182976,285.5578,44.0108,1.8396,0.1737,7.9834,3.0799,24.5479,-218.9027,22.0,0.0,0.0,0.0,0.0815,thin,False,24.5479,-218.9027,22.0,220.0,24.596747752497688,-218.87724162615467,33.13235726787202,218.9182430951807,32.86035362133765,thin,thin,thin,0.0815,32.963607120732405,True,True
8158127,2103078397743762432,289.0968,44.0044,0.784,0.3252,7.8191,2.9946,-7.9154,-212.8537,25.0,0.0,0.0,0.0,0.0681,thin,False,-7.9154,-212.8537,25.0,209.4,46.32493928760188,-212.89057029192296,25.92228926579977,212.8608288648441,26.165388110470158,thin,thin,thin,0.0681,26.223149260910674,True,True
8164012,2126198756455621376,291.1452,44.0625,0.8924,0.2646,7.8663,3.0117,-58.0062,-227.5344,-9.0,0.0,0.0,0.0,0.6966,thick,False,-58.0062,-227.5344,-9.0,218.1,87.46427842267951,-227.7702904881105,57.778064790729736,227.5640907129944,58.58493507692974,thick,thick,thick,0.6966,58.70024904921614,True,True
8164257,2126194667646233984,291.243,44.0086,1.4085,0.1767,7.9572,3.0587,-61.4469,-214.4277,25.0,0.0,0.0,0.0,0.9314,thick,False,-61.4469,-214.4277,25.0,208.6,82.86132994346639,-214.50667745968207,66.0821104778585,214.36906683568603,66.52716125010262,thick,thick,thick,0.9314,66.33793424285987,True,True
8167504,2126338909828624512,292.4638,44.0901,1.3131,0.1776,7.9514,3.0526,28.2203,-226.2875,5.0,0.0,0.0,0.0,0.0574,thin,False,28.2203,-226.2875,5.0,227.9,9.433981132056603,-226.2348742018504,29.07218077256904,226.30342623053812,28.5336516471232,thin,thin,thin,0.0574,28.65982086632783,True,True
8167996,2126336710805475712,292.6423,44.0876,4.1695,0.0703,8.0678,3.1135,-15.5961,-228.4276,12.0,0.0,0.0,0.0,0.0431,thin,False,-15.5961,-228.4276,12.0,227.9,25.059928172283332,-228.43082308300995,19.64100469982696,228.41919160017025,19.775816259379305,thin,thin,thin,0.0431,19.67837227033781,True,True
8168187,2126342380162345344,292.7145,44.0823,0.7625,0.2831,7.834,2.989,-27.3351,-243.3798,-53.0,0.0,0.0,0.0,0.7847,thick,False,-27.3351,-243.3798,-53.0,236.4,83.09632964216891,-243.52966746903644,59.01915843538034,243.4175719148956,59.4797922243902,thick,thick,thick,0.7847,59.633947479686434,True,True
8174625,2078310008545447808,294.8438,44.0777,1.2982,0.1602,7.9578,3.0506,2.4802,-225.2068,4.0,0.0,0.0,0.0,0.0598,thin,False,2.4802,-225.2068,4.0,224.5,18.43908891458577,-225.2026701823278,4.899728844508238,225.2089496171432,4.602066095034407,thin,thin,thin,0.0598,4.706526536629747,True,True
8180290,2078830077549240192,296.5694,44.0172,0.92,0.1941,7.9027,3.0139,16.629,-223.704,1.0,0.0,0.0,0.0,0.0439,thin,False,16.629,-223.704,1.0,224.0,12.041594578792296,-223.6315417380273,17.604929419710054,223.6919184750705,16.82039265125489,thin,thin,thin,0.0439,16.65904081872663,True,True
8182107,2078908074154314496,297.0672,44.0676,1.4169,0.1317,7.9798,3.0577,29.2013,-228.0556,-4.0,0.0,0.0,0.0,0.0595,thin,False,29.2013,-228.0556,-4.0,229.7,10.770329614269007,-228.01498877429395,29.786824172083303,228.08110665828104,29.27624951276736,thin,thin,thin,0.0595,29.473987203803965,True,True
8191672,2079018300195390464,299.407,44.035,1.1139,0.1386,7.9539,3.0348,3.097,-225.8571,-1.0,2.8208,-227.878,-0.74,0.0648,thin,True,2.8208,-227.878,-0.74,226.88,21.502737035084625,-227.8701517353845,3.4779373330803174,227.8790501166746,2.8355983358183683,thin,thin,thin,0.0648,2.9162497561080056,True,True
8193178,2076107343163028992,299.7965,44.0892,0.8668,0.1675,7.9102,3.0042,-32.2528,-234.0225,-48.0,0.0,0.0,0.0,0.6709,thick,False,-32.2528,-234.0225,-48.0,227.4,80.0,-234.14097894723253,57.34772861789386,234.02177975046763,57.83222806034386,thick,thick,thick,0.6709,57.82943115611635,True,True
8197343,2075875277491246848,300.9296,44.0287,0.8699,0.1519,7.9193,3.0055,-93.5448,-230.8276,-19.0,0.0,0.0,0.0,1.0,thick,False,-93.5448,-230.8276,-19.0,216.0,125.4472000484666,-231.27139586802653,94.37447458531648,230.9244332877892,95.22030303834052,thick,thick,thick,1.0,95.45485638269012,True,True
8197793,2075875895966608768,301.0482,44.0377,0.6877,0.1853,7.8663,2.9685,62.5105,-218.1947,-3.0,0.0,0.0,0.0,0.8461,thick,False,62.5105,-218.1947,-3.0,225.7,24.186773244895647,-217.83538289774572,63.82190813343397,218.1349436308329,62.79041620481063,thin,thick,thick,0.8461,62.58244650259368,False,True
8212002,2105291955168605440,281.8353,44.1559,2.3473,0.158,8.0096,3.0944,-17.163,-230.1657,-1.0,-19.1634,-240.3814,2.41,0.0492,thin,True,-19.1634,-240.3814,2.41,239.21,30.57512878141317,-240.39951691237025,19.087557944876565,240.3751603895793,19.39187633221801,thin,thin,thin,0.0492,19.314346987666966,True,True
8216763,2106615011253873920,284.2686,44.1975,2.4914,0.1405,8.0186,3.0962,4.6705,-235.2302,-7.0,10.7977,-208.7851,-15.82,0.0682,thin,True,10.7977,-208.7851,-15.82,209.06,15.874974015726766,-208.77942341347477,19.215898603422804,208.79251961457285,19.073074031162925,thin,thin,thin,0.0682,19.153660884802154,True,True
8218379,2105933417124075264,285.122,44.1105,1.5983,0.2007,7.962,3.0703,-24.4465,-219.2974,12.0,-23.2858,-215.8962,11.05,0.0607,thin,True,-23.2858,-215.8962,11.05,213.69,40.15049812891491,-215.9189452715836,25.58295668617838,215.8741577633241,25.95817038959919,thin,thin,thin,0.0607,25.77461894267304,True,True
8222395,2106045532950223104,287.3703,44.1879,1.8574,0.1628,7.9893,3.0797,-60.052,-227.35,-6.0,-54.3229,-198.2198,-13.9,0.7991,thick,True,-54.3229,-198.2198,-13.9,194.48,67.91760007538548,-198.2613022386644,55.92608366968822,198.17091834539,56.24551468468172,thick,thick,thick,0.7991,56.07305470910248,True,True
8222813,2106043093408840960,287.5932,44.1794,1.2385,0.2307,7.9246,3.0485,15.5554,-220.5086,14.0,0.0,0.0,0.0,0.0477,thin,False,15.5554,-220.5086,14.0,221.0,14.866068747318506,-220.4826803671944,21.198765485225533,220.52221867881264,20.78343255994866,thin,thin,thin,0.0477,20.927744005506185,True,True
8223445,2103129971711533184,287.9186,44.1213,0.535,0.4859,7.6785,2.9279,-24.6882,-225.769,-2.0,0.0,0.0,0.0,0.049,thin,False,-24.6882,-225.769,-2.0,215.4,72.02777242147643,-226.01038653716617,22.46030225354784,225.87125703273176,23.81880027317961,thin,thin,thin,0.049,24.76907788432989,True,True
8226050,2102899314789524480,289.1926,44.1493,1.7049,0.1633,7.9818,3.0737,10.0344,-221.4292,16.0,0.0,0.0,0.0,0.0458,thin,False,10.0344,-221.4292,16.0,221.6,16.76305461424021,-221.41886324428563,19.00649887823476,221.4372546847193,18.79101481279658,thin,thin,thin,0.0458,18.88621675614256,True,True
8226994,2126903680847794048,289.5948,44.1418,1.2825,0.2056,7.938,3.0515,-83.7986,-239.3145,-36.0,0.0,0.0,0.0,0.9999,thick,False,-83.7986,-239.3145,-36.0,230.8,111.0,-239.4788557102208,90.7717889419574,239.27355278143105,91.31159257921055,thick,thick,thick,0.9999,91.20419596685231,True,True
8227086,2126902821854330496,289.6228,44.1044,0.4491,0.5346,7.6081,2.8846,-3.4922,-191.2711,76.0,0.0,0.0,0.0,0.9982,thick,False,-3.4922,-191.2711,76.0,184.1,92.0869154657707,-191.29943227247543,76.00879693975277,191.286088945289,76.04237092578701,thick,thick,thick,0.9982,76.08019098845638,True,True
8227464,2126905841211988992,289.7712,44.1398,1.5271,0.1767,7.966,3.0651,-61.7629,-240.9265,-38.0,-63.2837,-249.7386,-35.53,0.9888,thick,True,-63.2837,-249.7386,-35.53,244.17,89.54092360479648,-249.7801285888423,72.43240477950046,249.65006866571872,72.87941489338345,thick,thick,thick,0.9888,72.57553021294437,True,True
8229696,2126870661139070080,290.5036,44.1436,1.194,0.211,7.9277,3.0444,49.2689,-226.9891,3.0,0.0,0.0,0.0,0.3239,thin,False,49.2689,-226.9891,3.0,230.7,27.16615541441225,-226.88248348298663,49.84805601618081,227.01357207639128,49.247620177193234,thin,thin,thin,0.3239,49.36015100473256,True,True
8233326,2126170989485948416,291.7947,44.1936,1.2851,0.1873,7.9463,3.0507,32.4829,-224.2778,8.0,29.2038,-248.0233,13.06,0.1021,thin,True,29.2038,-248.0233,13.06,249.65,14.623952953972466,-247.9705689314272,32.397213519441856,248.04293704652008,31.838402619102744,thin,thin,thin,0.1021,31.99102271638092,True,True
8233702,2126166733179219072,291.9337,44.1155,0.9972,0.2327,7.8958,3.0243,-4.7789,-232.9588,-24.0,0.0,0.0,0.0,0.0487,thin,False,-4.7789,-232.9588,-24.0,230.8,40.0,-232.97101104797196,24.354630181666625,232.95654395906143,24.492623923333998,thin,thin,thin,0.0487,24.471164361550105,True,True
8242434,2078316296378319488,294.9551,44.15,4.606,0.0604,8.0755,3.1159,18.9356,-231.1904,17.0,22.5319,-213.0622,14.01,0.0684,thin,True,22.5319,-213.0622,14.01,213.57,22.07540939597724,-213.0591746302512,26.556669706047728,213.074418727555,26.4340818625226,thin,thin,thin,0.0684,26.532369242304764,True,True
8247638,2078832551450444032,296.5662,44.1058,1.1123,0.1659,7.9405,3.0355,-41.0765,-228.0339,-10.0,0.0,0.0,0.0,0.1592,thin,False,-41.0765,-228.0339,-10.0,222.4,65.76473218982953,-228.14322901383048,41.68245500378908,228.02524150889812,42.32315246775309,thin,thin,thin,0.1592,42.27622088420393,True,True
8247770,2078833028186158592,296.603,44.1408,1.3539,0.1406,7.9725,3.0542,-20.4002,-225.3422,2.0,0.0,0.0,0.0,0.0443,thin,False,-20.4002,-225.3422,2.0,222.7,40.049968789001575,-225.3767643070699,20.114773438332843,225.32879837269715,20.645159818136698,thin,thin,thin,0.0443,20.498003806224645,True,True
8247771,2078832929407597312,296.6034,44.1293,1.6634,0.1186,7.9998,3.0704,8.1505,-226.6946,6.0,0.0,0.0,0.0,0.0473,thin,False,8.1505,-226.6946,6.0,226.7,10.0,-226.6850850399852,10.33258053027754,226.70078726943484,9.982136615897168,thin,thin,thin,0.0473,10.120802846118483,True,True
8255887,2079056714383865856,298.6356,44.1709,0.9181,0.1736,7.9154,3.0119,13.8104,-221.8772,9.0,0.0,0.0,0.0,0.0452,thin,False,13.8104,-221.8772,9.0,221.8,17.4928556845359,-221.8327447963002,17.072590200070255,221.88256193743172,16.412455882096534,thin,thin,thin,0.0452,16.48414839049928,True,True
8257205,2079028676836456960,298.9721,44.1323,1.7487,0.0993,8.0136,3.0736,-21.8407,-223.9009,18.0,0.0,0.0,0.0,0.0576,thin,False,-21.8407,-223.9009,18.0,221.9,41.14608122288197,-223.9275493183924,28.09025909917772,223.8877173935381,28.405985290272795,thin,thin,thin,0.0576,28.302229178812045,True,True
8260902,2076102635879020928,299.9657,44.1609,1.0953,0.1363,7.9555,3.0327,-15.4675,-226.6224,-4.0,0.0,0.0,0.0,0.0428,thin,False,-15.4675,-226.6224,-4.0,223.6,40.19950248448356,-226.6601748953845,15.431303133362244,226.6151874963439,16.078457512985683,thin,thin,thin,0.0428,15.97634364458902,True,True
8265218,2081878404818555008,301.1479,44.1045,1.2367,0.1131,7.9791,3.0447,-19.9683,-228.8032,-15.0,0.0,0.0,0.0,0.0487,thin,False,-19.9683,-228.8032,-15.0,225.8,44.59820624195552,-228.8396062008377,24.638884590125468,228.78776291647168,25.115722957469103,thin,thin,thin,0.0487,24.974647242553797,True,True
8278073,2117304222780856832,281.5526,44.2286,1.3681,0.2596,7.9287,3.0597,66.9556,-204.6101,42.0,74.9369,-168.346,29.0,1.0,thick,True,74.9369,-168.346,29.0,173.91,67.47033718605533,-168.2458345925712,80.56223459071359,168.41255441993448,80.21312868697122,thick,thick,thick,1.0,80.35259162970414,True,True
8288947,2106046632461881856,287.4775,44.2375,1.0572,0.2672,7.8922,3.0327,0.0952,-240.2112,-30.0,0.0,0.0,0.0,0.0703,thin,False,0.0952,-240.2112,-30.0,238.8,39.698866482558415,-240.21030057937807,30.007523982575428,240.21123647444512,30.000031190287373,thin,thin,thin,0.0703,30.000151050286398,True,True
8292840,2126918008858627712,289.3474,44.2084,4.3258,0.0773,8.0665,3.1148,-19.6009,-238.9115,-14.0,-17.3254,-227.8965,-17.15,0.0478,thin,True,-17.3254,-227.8965,-17.15,227.35,29.035967350856417,-227.89803372077645,24.36382823375336,227.88572070261097,24.478729539164732,thin,thin,thin,0.0478,24.378104626077885,True,True
8301878,2126348977232798592,292.6297,44.283,0.7695,0.2829,7.841,2.991,-41.0488,-236.1277,-31.0,0.0,0.0,0.0,0.414,thin,False,-41.0488,-236.1277,-31.0,227.3,82.0792300158816,-236.3732258496861,50.29898708138483,236.20517597023692,51.08233398024604,thick,thin,thin,0.414,51.439323298814884,False,True
8313667,2079678110250309248,296.5486,44.2646,1.1931,0.1576,7.9541,3.0425,-19.7684,-225.762,-1.0,0.0,0.0,0.0,0.0437,thin,False,-19.7684,-225.762,-1.0,222.7,42.01190307520001,-225.80632094015937,19.28199739315784,225.7536801567326,19.888838470149143,thin,thin,thin,0.0437,19.7936767317242,True,True
8320630,2079066403829880064,298.2821,44.272,0.9392,0.1737,7.9211,3.0161,-14.9218,-233.2029,-36.0,0.0,0.0,0.0,0.1199,thin,False,-14.9218,-233.2029,-36.0,229.5,56.85068161420758,-233.2632737590861,38.60693092170947,233.2138284596006,38.90450122050141,thin,thin,thin,0.1199,38.96998993122785,True,True
8321314,2079071626510258432,298.4501,44.284,1.3421,0.1278,7.9806,3.0531,17.0378,-225.9785,6.0,0.0,0.0,0.0,0.043,thin,False,17.0378,-225.9785,6.0,226.6,6.708203932499369,-225.94640509393744,18.460282368542604,225.9875517101739,17.949553533206817,thin,thin,thin,0.043,18.06340579292842,True,True
8324518,2079025996777083776,299.2766,44.2919,0.9195,0.1659,7.9234,3.0131,-34.6735,-231.1467,-30.0,-33.6177,-217.9325,-31.3,0.2519,thin,True,-33.6177,-217.9325,-31.3,211.83,68.79300545840398,-218.07566737664013,45.24853365837437,217.95913893140496,45.80655254743049,thin,thin,thin,0.2519,45.9329919914869,True,True
8326342,2076116620292487680,299.7915,44.2812,1.2494,0.1242,7.9769,3.0465,3.2882,-224.0999,10.0,0.0,0.0,0.0,0.0479,thin,False,3.2882,-224.0999,10.0,223.4,20.591260281974,-224.0914786489664,10.7037001508758,224.1005826373802,10.511368207171795,thin,thin,thin,0.0479,10.526740200080935,True,True
8331612,2081880913079644288,301.2787,44.2505,0.6688,0.1893,7.8655,2.9634,-8.2145,-225.2211,-7.0,0.0,0.0,0.0,0.047,thin,False,-8.2145,-225.2211,-7.0,220.2,48.507731342539614,-225.2644217021338,9.84785840694453,225.22803662464247,10.647606219648766,thin,thin,thin,0.047,10.792497868890221,True,True
8344004,2117317829237452160,281.2797,44.3155,1.0241,0.3403,7.8668,3.0327,-46.2052,-239.843,-24.0,-44.5883,-232.8256,-26.51,0.4187,thin,True,-44.5883,-232.8256,-26.51,226.6,74.50581856472687,-232.9506207393888,51.30969983476268,232.8176654720423,51.90964885402514,thin,thin,thin,0.4187,51.87385272842186,True,True
8346392,2105358166383528192,282.7241,44.3465,2.2545,0.161,8.0065,3.0918,23.7881,-236.1083,-7.0,0.0,0.0,0.0,0.0511,thin,False,23.7881,-236.1083,-7.0,237.0,13.892443989449804,-236.0946393332285,24.926316978501387,236.1263922662301,24.62370555652449,thin,thin,thin,0.0511,24.796646983211257,True,True
8349399,2106621092927625216,284.3825,44.3083,0.7642,0.4018,7.7948,2.9936,26.5757,-218.9748,9.0,25.5951,-227.7251,11.44,0.0553,thin,True,25.5951,-227.7251,11.44,229.01,14.110322462651231,-227.5903569729172,29.108602043727693,227.69891640827544,28.24685409912408,thin,thin,thin,0.0553,28.035383785673417,True,True
8351704,2105915343901864832,285.6285,44.3108,3.5131,0.1019,8.0502,3.1092,-34.5569,-230.3403,-1.0,0.0,0.0,0.0,0.0824,thin,False,-34.5569,-230.3403,-1.0,229.1,42.01190307520001,-230.34888003488797,34.51381559133686,230.31908553100035,34.71208492965769,thin,thin,thin,0.0824,34.571365862661544,True,True
8355131,2106047319656671488,287.5076,44.3142,0.513,0.5139,7.6647,2.9202,-32.4691,-238.2475,-27.0,0.0,0.0,0.0,0.174,thin,False,-32.4691,-238.2475,-27.0,225.3,88.23264701911646,-238.6177947485453,40.082889483433,238.4268083934147,41.20372603697294,thick,thin,thin,0.174,42.22845551059143,False,True
8355239,2106137960646125312,287.5646,44.3051,1.6934,0.1753,7.9785,3.0738,36.2457,-209.0245,44.0,0.0,0.0,0.0,0.7177,thick,False,36.2457,-209.0245,44.0,211.0,49.193495504995376,-208.98515252724252,57.150730731681534,209.0515690941655,56.907305851422485,thin,thick,thick,0.7177,57.006585308102785,False,True
8359498,2126912305142208384,289.6079,44.3454,1.562,0.1738,7.9725,3.0675,4.59,-224.0745,9.0,4.3572,-226.4783,9.71,0.0466,thin,True,4.3572,-226.4783,9.71,226.18,15.757290376203644,-226.4722119574172,10.771342122256948,226.48110016938685,10.582809932345208,thin,thin,thin,0.0466,10.642804698010766,True,True
8360041,2126932508668444928,289.808,44.3625,1.8472,0.1498,7.9955,3.0787,23.0426,-222.7925,17.0,0.0,0.0,0.0,0.0593,thin,False,23.0426,-222.7925,17.0,223.8,19.235384061671343,-222.7742729777024,28.776089019464475,222.8131491615387,28.473506294762995,thin,thin,thin,0.0593,28.63496839111229,True,True
8360640,2126892067256468736,290.0439,44.3705,1.652,0.1629,7.9819,3.0715,-18.2104,-225.9318,4.0,-20.8777,-242.3291,8.53,0.0549,thin,True,-20.8777,-242.3291,8.53,240.27,38.76025025719004,-242.35413826705647,22.28231506896177,242.31470320916287,22.70714664274946,thin,thin,thin,0.0549,22.5530321085658,True,True
8361905,2126970579257130112,290.4715,44.387,2.1637,0.1277,8.0155,3.0879,11.2481,-246.4516,-39.0,26.0605,-169.1748,-57.87,0.9969,thick,True,26.0605,-169.1748,-57.87,170.33,60.29842866941061,-169.15757187651735,63.51318978638118,169.19506259986497,63.41324933976955,thick,thick,thick,0.9969,63.46720854307364,True,True
8364232,2126228889946456832,291.3128,44.3819,2.1028,0.1264,8.0142,3.0862,9.4729,-224.9206,15.0,0.0,0.0,0.0,0.0434,thin,False,9.4729,-224.9206,15.0,225.1,15.297058540778355,-224.91366474752064,17.828443842351408,224.9277353120973,17.650039302253532,thin,thin,thin,0.0434,17.74079576597397,True,True
8367113,2126360831342941696,292.4274,44.3812,0.8168,0.2739,7.8551,2.9984,-32.6491,-229.1014,-13.0,0.0,0.0,0.0,0.0857,thin,False,-32.6491,-229.1014,-13.0,222.1,66.2872536767062,-229.2345700787592,34.262543408311714,229.1079502752849,35.09924672493087,thin,thin,thin,0.0857,35.14205074849787,True,True
8367644,2126373303927596160,292.6141,44.3947,2.9762,0.0908,8.0478,3.1023,8.0813,-231.1609,4.0,0.0,0.0,0.0,0.0486,thin,False,8.0813,-231.1609,4.0,231.3,4.123105625617661,-231.15727857752785,9.110574110955405,231.1657264554049,8.893644491709722,thin,thin,thin,0.0486,9.017062142959869,True,True
8374077,2078322756008492928,294.8566,44.322,0.6297,0.3064,7.7944,2.9545,-4.9795,-215.5899,25.0,0.0,0.0,0.0,0.0607,thin,False,-4.9795,-215.5899,25.0,210.9,51.47815070493501,-215.61648319005977,25.265434426320013,215.59477187909212,25.45003611789625,thin,thin,thin,0.0607,25.491085113231254,True,True
8378278,2079599765744934272,296.1849,44.343,0.6297,0.2807,7.8105,2.9568,51.7744,-222.5765,-14.0,0.0,0.0,0.0,0.4914,thin,False,51.7744,-222.5765,-14.0,228.3,17.204650534085253,-222.09884971741928,55.57869154810349,222.37361198547535,54.46895163791246,thin,thin,thin,0.4914,53.63383722390185,True,True
8379705,2079680137473255808,296.6014,44.3252,0.5412,0.3136,7.7651,2.927,-24.0911,-227.551,-11.0,0.0,0.0,0.0,0.0517,thin,False,-24.0911,-227.551,-11.0,217.2,72.83543093852057,-227.8145895078966,24.111258933298203,227.68147070024276,25.337480138610967,thin,thin,thin,0.0517,26.483600571108152,True,True
8380709,2078933569080413056,296.8949,44.3717,0.4898,0.3364,7.7351,2.906,-39.4663,-233.9793,-24.0,0.0,0.0,0.0,0.2419,thin,False,-39.4663,-233.9793,-24.0,218.3,96.04686356149271,-234.5336299760513,43.28817864332765,234.28942867153296,44.59095886798867,thick,thin,thin,0.2419,46.19078734650449,False,True
8395660,2082074942519913344,300.864,44.3375,2.2598,0.0741,8.0438,3.0884,9.3867,-232.7301,-9.0,14.1304,-193.3622,-14.07,0.1694,thin,True,14.1304,-193.3622,-14.07,193.84,14.581968317068858,-193.3554233608615,20.00649037042772,193.37535144586428,19.81294660540117,thick,thin,thin,0.1694,19.940739809746276,False,True
8395870,2082072361233825024,300.9324,44.3445,1.6116,0.0951,8.0127,3.0668,11.0151,-227.2123,1.0,7.8644,-254.7448,4.26,0.0961,thin,True,7.8644,-254.7448,4.26,254.62,11.982804346228807,-254.739491492228,9.095244597102004,254.75501189829555,8.649619222791832,thick,thin,thin,0.0961,8.944069955003707,False,True
8396288,2081884933168896640,301.0552,44.3062,0.7369,0.1776,7.8885,2.9801,-8.9045,-225.1629,-6.0,0.0,0.0,0.0,0.0471,thin,False,-8.9045,-225.1629,-6.0,220.8,45.39823785126467,-225.20558446367917,9.802281692171764,225.16916835981533,10.605923823465314,thin,thin,thin,0.0471,10.737323700531713,True,True
8396405,2082073190173330176,301.0857,44.3802,0.8302,0.1597,7.917,2.9991,48.097,-222.5243,-11.0,0.0,0.0,0.0,0.3311,thin,False,48.097,-222.5243,-11.0,227.1,19.4164878389476,-222.2725695932793,50.46102264521424,222.4635953486268,49.61208264689599,thin,thin,thin,0.3311,49.338842801589905,True,True
8409295,2117323498594316544,281.2958,44.4654,0.8087,0.4257,7.8021,3.0029,41.5347,-218.0522,11.0,0.0,0.0,0.0,0.1887,thin,False,41.5347,-218.0522,11.0,221.7,15.556349186104043,-217.89495781023624,43.757026417198055,218.0561140300048,42.94672437024209,thin,thin,thin,0.1887,42.96663012257303,True,True
8410415,2105396099534835456,282.0333,44.478,1.3405,0.2602,7.9299,3.0583,16.4367,-244.8816,-27.0,0.0,0.0,0.0,0.0887,thin,False,16.4367,-244.8816,-27.0,245.4,27.29468812791236,-244.85042702265943,31.85009241464338,244.88825219607764,31.557945692809124,thin,thin,thin,0.0887,31.609573026062847,True,True
8410727,2105415306628609024,282.2001,44.4223,1.0318,0.3282,7.8732,3.0332,26.0965,-230.6304,-7.0,0.0,0.0,0.0,0.0529,thin,False,26.0965,-230.6304,-7.0,232.1,7.071067811865476,-230.55014613240007,27.695489133231938,230.62926667032775,27.02871353037082,thin,thin,thin,0.0529,27.01901760334746,True,True
8415200,2106703212701656576,284.6754,44.4177,1.2186,0.2614,7.9158,3.0482,-15.8603,-227.3708,-4.0,-9.0979,-189.987,-15.64,0.2135,thin,True,-9.0979,-189.987,-15.64,188.31,31.01254584841432,-190.00192583790147,17.9360608241774,189.97899034778868,18.177385027413077,thick,thin,thin,0.2135,18.093683550067965,False,True
8426567,2126890417989112832,290.2481,44.4353,2.3403,0.1208,8.0235,3.092,23.3484,-228.524,8.0,0.0,0.0,0.0,0.0482,thin,False,23.3484,-228.524,8.0,229.4,14.422205101855956,-228.509140951042,24.817987465078616,228.54012189392617,24.53105551559823,thin,thin,thin,0.0482,24.68091940264787,True,True
8430053,2126189170089061120,291.5392,44.447,1.014,0.2351,7.9034,3.0268,-27.846,-221.1467,9.0,0.0,0.0,0.0,0.0628,thin,False,-27.846,-221.1467,9.0,216.5,53.75872022286245,-221.22913919388628,28.634209811553884,221.1425539573897,29.29540628158246,thin,thin,thin,0.0628,29.264307885203777,True,True
8430964,2126561732730882432,291.8863,44.479,0.6156,0.3634,7.7701,2.953,79.2283,-217.7052,0.0,0.0,0.0,0.0,0.9969,thick,False,79.2283,-217.7052,0.0,228.7,37.0,-217.09422484562597,80.88749927323018,217.5163793246947,79.74531162065593,thin,thick,thick,0.9969,79.2283,False,True
8443812,2079683951404129536,296.3842,44.4334,0.9366,0.198,7.9104,3.0153,1.8976,-229.2874,-16.0,0.0,0.0,0.0,0.0424,thin,False,1.8976,-229.2874,-16.0,227.7,31.38470965295043,-229.28008380968012,16.21521409744651,229.2877959308184,16.105795142971736,thin,thin,thin,0.0424,16.11213473627874,True,True
8463346,2081897989863673216,301.7208,44.4121,1.711,0.0858,8.0232,3.0716,17.0948,-229.5666,-4.0,0.0,0.0,0.0,0.0424,thin,False,17.0948,-229.5666,-4.0,230.2,4.123105625617661,-229.5459411811291,17.824165822545663,229.5781701130988,17.404131909436185,thin,thin,thin,0.0424,17.556542570791095,True,True
8480285,2106710978002603904,284.7883,44.5916,0.9088,0.3414,7.8504,3.0162,-35.8433,-235.3322,-20.0,-34.2112,-222.2957,-24.02,0.158,thin,True,-34.2112,-222.2957,-24.02,216.27,66.25724790541787,-222.3973659563959,41.257089277564496,222.28034253699025,41.88299322682509,thin,thin,thin,0.158,41.80151439170595,True,True
8480582,2105983066946463488,284.9725,44.5675,1.1212,0.2782,7.9026,3.0406,-33.1464,-218.3564,13.0,0.0,0.0,0.0,0.0994,thin,False,-33.1464,-218.3564,13.0,213.9,56.51548460377917,-218.44350423597365,35.06630087574337,218.35229836006388,35.62981617799404,thin,thin,thin,0.0994,35.60454792523,True,True
8481129,2105969082532659328,285.2956,44.5528,2.1312,0.1561,8.0056,3.0883,8.2473,-210.8601,36.0,0.0,0.0,0.0,0.1367,thin,False,8.2473,-210.8601,36.0,211.0,36.12478373637688,-210.8540308243313,36.96725152255632,210.865848966772,36.89977966766882,thin,thin,thin,0.1367,36.932613734882075,True,True
8488381,2127116848663090688,289.2034,44.5051,1.1593,0.23,7.923,3.0423,28.1446,-242.2031,-36.0,35.2518,-192.1823,-49.19,0.9347,thick,True,35.2518,-192.1823,-49.19,194.73,51.73603193133389,-192.0870531016697,60.81902605859701,192.1836614093625,60.51305798992093,thick,thick,thick,0.9347,60.51731573062374,True,True
8490993,2126985280924750720,290.2633,44.5564,0.8039,0.3072,7.8432,2.9977,-31.1267,-224.4848,0.0,0.0,0.0,0.0,0.0666,thin,False,-31.1267,-224.4848,0.0,217.7,63.0,-224.6309764742872,30.053525720092264,224.50949843215247,30.94794199528184,thin,thin,thin,0.0666,31.1267,True,True
8491277,2126984220073270784,290.3582,44.5187,1.0713,0.2356,7.9114,3.0336,7.5384,-227.2115,-6.0,5.8887,-238.4347,-2.91,0.058,thin,True,5.8887,-238.4347,-2.91,237.68,20.06216837732153,-238.41636665830765,7.204797669012974,238.4348428733838,6.564960315553209,thin,thin,thin,0.058,6.568476816583887,True,True
8492026,2126979031752904192,290.6011,44.5564,0.9355,0.2645,7.8825,3.0174,-26.1441,-218.421,14.0,0.0,0.0,0.0,0.0677,thin,False,-26.1441,-218.421,14.0,213.5,54.81788029466298,-218.5066651278456,29.018740405254587,218.4187480177081,29.6732289172738,thin,thin,thin,0.0677,29.6566006954607,True,True
8493354,2126246928809071616,291.0994,44.5457,1.2171,0.205,7.9383,3.0457,-4.6887,-222.8721,10.0,0.0,0.0,0.0,0.048,thin,False,-4.6887,-222.8721,10.0,221.4,27.85677655436824,-222.88033000820968,10.877430552825604,222.86843749572176,11.118433712334152,thin,thin,thin,0.048,11.044632528518095,True,True
8494142,2126237131982289280,291.3877,44.529,1.7925,0.1438,7.998,3.0769,-25.3156,-228.1121,-2.0,-23.375,-217.224,-4.95,0.0551,thin,True,-23.375,-217.224,-4.95,215.26,37.68649758202532,-217.25574427112755,23.602569377049697,217.2150241369759,23.974423646314744,thin,thin,thin,0.0551,23.89336989627039,True,True
8494263,2126237376801984768,291.4452,44.5287,0.4837,0.4609,7.6779,2.9041,-44.1528,-221.4014,17.0,0.0,0.0,0.0,0.2741,thin,False,-44.1528,-221.4014,17.0,204.8,96.5090669315583,-221.9622745637298,44.60704731873007,221.6809339658149,45.98481832131141,thick,thin,thin,0.2741,47.31246926382093,False,True
8494410,2126237857838346368,291.4946,44.5234,0.7035,0.3275,7.8117,2.9769,-72.7145,-233.3827,-17.0,0.0,0.0,0.0,0.9887,thick,False,-72.7145,-233.3827,-17.0,218.3,111.30588483993108,-233.8396855467454,73.23176539862483,233.5108790947652,74.27354404086265,thick,thick,thick,0.9887,74.67528714541378,True,True
8494542,2126190991155243264,291.5494,44.5273,0.7592,0.3035,7.8359,2.9896,12.4861,-226.8244,-9.0,0.0,0.0,0.0,0.0429,thin,False,12.4861,-226.8244,-9.0,226.1,23.769728648009423,-226.7414050343588,16.569406840464694,226.7983093934938,15.771393605292015,thin,thin,thin,0.0429,15.39164361626139,True,True
8494617,2126191334752646016,291.5788,44.5317,1.1769,0.2066,7.9337,3.0423,-42.8471,-205.4584,50.0,0.0,0.0,0.0,0.9463,thick,False,-42.8471,-205.4584,50.0,200.2,80.43009387039157,-205.54308920177417,65.58260807097797,205.42785651936973,65.94267029668455,thick,thick,thick,0.9463,65.84735361736263,True,True
8505670,2079662785806103936,295.5793,44.5459,2.622,0.0886,8.0444,3.0965,-17.675,-229.4301,1.0,0.0,0.0,0.0,0.0424,thin,False,-17.675,-229.4301,1.0,228.4,28.0178514522438,-229.4385999304179,17.5922955287149,229.41731845116576,17.867680170530743,thin,thin,thin,0.0424,17.703265941627834,True,True
8507475,2079700100481104000,296.159,44.563,0.9811,0.1926,7.9217,3.0217,-29.5014,-223.3314,6.0,0.0,0.0,0.0,0.0636,thin,False,-29.5014,-223.3314,6.0,218.2,56.32051136131489,-223.43567085007683,29.32134021111807,223.34021286061943,30.03979559473053,thin,thin,thin,0.0636,30.105358359601038,True,True
8509442,2078938242004818304,296.7373,44.5015,2.4223,0.0889,8.0403,3.0926,13.3156,-230.8249,3.0,0.0,0.0,0.0,0.0434,thin,False,13.3156,-230.8249,3.0,231.2,3.605551275463989,-230.81734939753207,13.776473318582234,230.83472496627064,13.4822012203563,thin,thin,thin,0.0434,13.649366408738539,True,True
8525101,2082090747999807616,300.8352,44.5606,0.6063,0.2172,7.844,2.9465,-96.8487,-237.1804,-26.0,0.0,0.0,0.0,1.0,thick,False,-96.8487,-237.1804,-26.0,213.9,143.37712509323097,-237.9172921262074,98.51686204570724,237.4044264297244,99.74642004389716,thick,thick,thick,1.0,100.27796712982368,True,True
8540376,2105414310196331264,282.3775,44.6946,0.9303,0.3597,7.8525,3.0215,9.0824,-233.8961,-15.0,0.0,0.0,0.0,0.0434,thin,False,9.0824,-233.8961,-15.0,233.3,24.20743687382041,-233.85864159605487,18.028470563194364,233.89068386556224,17.6078959816226,thin,thin,thin,0.0434,17.53539248947682,True,True
8543100,2106679126525940096,283.8451,44.609,0.6254,0.4956,7.7291,2.9612,-84.6175,-221.5778,8.0,0.0,0.0,0.0,0.9994,thick,False,-84.6175,-221.5778,8.0,202.8,123.25988804148736,-222.19004253237196,83.38120291446239,221.76618833366544,84.50205744215476,thick,thick,thick,0.9994,84.99483105607071,True,True
8547140,2106293816419205504,286.0752,44.6646,2.2559,0.1455,8.0137,3.0909,-4.7023,-223.2245,13.0,0.0,0.0,0.0,0.0452,thin,False,-4.7023,-223.2245,13.0,222.7,20.615528128088304,-223.2270375690469,13.783312306819733,223.220620969899,13.886841750833105,thin,thin,thin,0.0452,13.824312832470191,True,True
8552202,2127129355607745664,288.7266,44.6075,0.8487,0.3137,7.8493,3.0052,-7.2215,-234.1577,-23.0,0.0,0.0,0.0,0.0487,thin,False,-7.2215,-234.1577,-23.0,231.0,45.27692569068709,-234.1815790411113,23.874422250847108,234.1559224129724,24.124759043978813,thin,thin,thin,0.0487,24.107054201001002,True,True
8554701,2126944603296783232,289.8312,44.6098,1.5724,0.1725,7.9767,3.0679,6.3908,-236.0698,-20.0,0.0,0.0,0.0,0.0462,thin,False,6.3908,-236.0698,-20.0,235.9,22.825424421026653,-236.0612373362767,21.092705546374496,236.0741152728364,20.948081013485467,thin,thin,thin,0.0462,20.99624548913448,True,True
8557374,2127001056345369984,290.8242,44.6473,1.5949,0.1641,7.9815,3.0686,72.2997,-220.8144,27.0,79.4041,-175.3751,15.84,0.9999,thick,True,79.4041,-175.3751,15.84,180.7,68.26320824573074,-175.28232274720264,81.16934724602304,175.43874646811147,80.83069860948689,thick,thick,thick,0.9999,80.9686155050832,True,True
8558011,2126248505058677120,291.0571,44.6323,1.9499,0.1367,8.0075,3.082,-38.4986,-227.699,-3.0,0.0,0.0,0.0,0.1138,thin,False,-38.4986,-227.699,-3.0,225.0,52.08646657242167,-227.7348553262491,38.403589279289946,227.67315106787956,38.76772217737995,thin,thin,thin,0.1138,38.61531046048963,True,True
8559152,2126615024685005568,291.4742,44.6834,1.1137,0.2184,7.9255,3.037,-57.5955,-227.2526,-7.0,-61.835,-258.0433,-0.31,0.9256,thick,True,-61.835,-258.0433,-0.31,250.18,88.43054336596605,-258.1977213430504,61.187662917098784,258.0220512010855,61.92426417798119,thick,thick,thick,0.9256,61.83577706312099,True,True
8559644,2126569051355142656,291.6532,44.6883,1.5087,0.1658,7.9771,3.0645,-2.6134,-225.872,2.0,0.0,0.0,0.0,0.0643,thin,False,-2.6134,-225.872,2.0,225.0,20.09975124224178,-225.87596916655548,3.0077488374682506,225.87078072548164,3.3749688089512984,thin,thin,thin,0.0643,3.2908751966612164,True,True
8561231,2126579050039312640,292.2906,44.6532,0.8272,0.2751,7.8624,3.0002,6.3978,-229.4879,-17.0,0.0,0.0,0.0,0.0425,thin,False,6.3978,-229.4879,-17.0,228.1,31.064449134018133,-229.46064611078964,18.50464499575621,229.48730111729407,18.171093139940197,thin,thin,thin,0.0425,18.164026118677544,True,True
8564587,2126418658780855296,293.6413,44.6571,1.5232,0.1508,7.984,3.0645,30.6811,-228.4156,0.0,30.2545,-230.4244,0.4,0.0622,thin,True,30.2545,-230.4244,0.4,232.07,12.426439554433925,-230.38254570853505,30.574236423086237,230.44567212031865,30.094742082540197,thin,thin,thin,0.0622,30.257144119199353,True,True
8565266,2078399790542181376,293.8829,44.6381,1.0463,0.2066,7.9229,3.0292,-2.684,-225.9257,-3.0,-2.1411,-217.8942,-4.17,0.0684,thin,True,-2.1411,-217.8942,-4.17,216.28,26.8853584688767,-217.89903155845855,4.457908241077522,217.89318613671784,4.735011635638003,thin,thin,thin,0.0684,4.68755898202892,True,True
8570333,2079669589034384000,295.6293,44.6906,0.9216,0.2106,7.9081,3.0142,-9.4836,-225.029,-4.0,0.0,0.0,0.0,0.0477,thin,False,-9.4836,-225.029,-4.0,222.0,38.2099463490856,-225.06507526396385,9.471636417551478,225.03367318514464,10.19048246166539,thin,thin,thin,0.0477,10.292651211422642,True,True
8573193,2079691991583086592,296.5167,44.6086,0.6976,0.257,7.8448,2.9724,40.2938,-218.0282,8.0,0.0,0.0,0.0,0.1584,thin,False,40.2938,-218.0282,8.0,221.7,8.54400374531753,-217.802321436888,42.2615519911719,217.99298520067737,41.266795408624205,thin,thin,thin,0.1584,41.080291119221634,True,True
8578780,2079270981709055232,297.9542,44.6674,1.1142,0.157,7.9547,3.0351,-13.4569,-231.6422,-23.0,0.0,0.0,0.0,0.0523,thin,False,-13.4569,-231.6422,-23.0,228.9,44.41846462902562,-231.67517062997783,26.359539327739647,231.6369702369552,26.6931455516942,thin,thin,thin,0.0523,26.647479385675485,True,True
8583696,2079139864948330752,299.2217,44.6939,1.5491,0.1107,8.0062,3.0648,33.8263,-231.1869,-18.0,33.6783,-230.5664,-18.02,0.1101,thin,True,33.6783,-230.5664,-18.02,232.47,24.031862183359824,-230.5140336778696,38.51118769342216,230.58400416004497,38.09000296036144,thin,thin,thin,0.1101,38.19618162709461,True,True
8591173,2081919842663938688,301.3429,44.6722,2.33,0.0714,8.0498,3.0902,2.766,-228.7604,7.0,0.0,0.0,0.0,0.0513,thin,False,2.766,-228.7604,7.0,228.6,11.40175425099138,-228.75847890920917,7.584083803922129,228.7622696627171,7.468867301158276,thin,thin,thin,0.0513,7.526669648656037,True,True
8591693,2081915204099064960,301.543,44.6056,1.2312,0.1135,7.987,3.0447,34.4822,-230.6456,-30.0,0.0,0.0,0.0,0.2249,thin,False,34.4822,-230.6456,-30.0,232.9,32.31098884280702,-230.5660921074229,46.10517509251424,230.6571489629289,45.647449351450334,thin,thin,thin,0.2249,45.705821476481525,True,True
8609450,2106739943262307200,284.6772,44.7976,0.7451,0.4112,7.7979,2.9895,-21.383,-210.2687,24.0,0.0,0.0,0.0,0.1005,thin,False,-21.383,-210.2687,24.0,204.6,58.180752831155424,-210.37751888633957,31.42386906839833,210.2896781595944,32.00642528515532,thin,thin,thin,0.1005,32.143937048843284,True,True
8611781,2106306082845810048,286.003,44.7566,0.7325,0.3969,7.799,2.9866,-8.9159,-240.8652,-34.0,0.0,0.0,0.0,0.1003,thin,False,-8.9159,-240.8652,-34.0,236.6,57.20139858430037,-240.9142022468289,34.81245690516593,240.87955195155945,35.0514115495508,thin,thin,thin,0.1003,35.149584248039126,True,True
8611832,2106306495162679552,286.0261,44.7829,1.0799,0.2782,7.9012,3.0363,5.4772,-232.7123,-13.0,8.0421,-214.6328,-18.79,0.0552,thin,True,8.0421,-214.6328,-18.79,214.29,23.76481853496887,-214.60776786436853,20.699678071730894,214.6320136568749,20.44674579474844,thin,thin,thin,0.0552,20.438675896691546,True,True
8612275,2106316012810255104,286.2847,44.7816,1.1261,0.2668,7.9097,3.04,5.5381,-221.8829,7.0,4.5465,-225.663,8.57,0.0483,thin,True,4.5465,-225.663,8.57,224.96,20.270712863636543,-225.65242118591252,9.94425527304825,225.66555169124064,9.641689680133698,thin,thin,thin,0.0483,9.701317552270929,True,True
8612847,2106132875405444352,286.5748,44.7952,0.9459,0.3093,7.8718,3.0205,-17.0144,-224.4976,-1.0,0.0,0.0,0.0,0.0435,thin,False,-17.0144,-224.4976,-1.0,220.8,44.01136216933077,-224.55005781967228,16.33742737342187,224.49454044200115,17.083363595460746,thin,thin,thin,0.0435,17.04376153787655,True,True
8613446,2106117482242718464,286.916,44.7045,0.8041,0.3525,7.8292,2.9994,3.3131,-220.7578,6.0,0.0,0.0,0.0,0.0577,thin,False,3.3131,-220.7578,6.0,219.0,28.635642126552707,-220.73988083997733,7.409791275913565,220.75531271265515,6.934833028835738,thin,thin,thin,0.0577,6.853950073497764,True,True
8613535,2106208363750121728,286.9712,44.7083,0.6305,0.4372,7.7543,2.9618,10.9059,-216.5411,12.0,12.5011,-202.3368,7.92,0.0956,thin,True,12.5011,-202.3368,7.92,201.31,25.16860147088034,-202.2213515528068,16.3002937444734,202.29102995179065,15.411482765903315,thick,thin,thin,0.0956,14.79878039603264,False,True
8616637,2127179245948119424,288.584,44.7338,2.2955,0.1317,8.0203,3.0913,-11.8297,-222.3765,16.0,0.0,0.0,0.0,0.0455,thin,False,-11.8297,-222.3765,16.0,221.5,28.0178514522438,-222.38291182782743,19.826510711083724,222.36695341462303,20.00470017518023,thin,thin,thin,0.0455,19.898286410894784,True,True
8617363,2127133753654360192,288.9555,44.7057,0.6968,0.3722,7.7961,2.9759,77.3907,-232.4192,-28.0,0.0,0.0,0.0,0.9986,thick,False,77.3907,-232.4192,-28.0,242.0,47.20169488482379,-231.97842692642652,83.5344805498938,232.33793315177175,82.5292967300874,thin,thick,thick,0.9986,82.30018497239237,False,True
8620402,2126997654731597440,290.2167,44.7796,1.0974,0.2348,7.9183,3.0356,-50.19,-227.6888,-7.0,0.0,0.0,0.0,0.3681,thin,False,-50.19,-227.6888,-7.0,221.1,74.33034373659252,-227.7996294973631,50.17508147341766,227.6552364589492,50.826206948974,thin,thin,thin,0.3681,50.675794024366304,True,True
8625925,2126580149550929280,292.2203,44.7,0.8931,0.257,7.8826,3.0112,-14.9451,-224.4482,0.0,0.0,0.0,0.0,0.0439,thin,False,-14.9451,-224.4482,0.0,220.6,44.0,-224.5063311894072,14.045186217071322,224.4544833875851,14.850753759061677,thin,thin,thin,0.0439,14.9451,True,True
8626325,2126393885411135488,292.4031,44.782,1.3521,0.1784,7.9628,3.0546,-16.0421,-218.8223,20.0,-6.6557,-153.7101,5.76,0.9777,thick,True,-6.6557,-153.7101,5.76,152.55,20.803309832812666,-153.7178265498452,8.6666026095417,153.70222812955916,8.938974662059856,thick,thick,thick,0.9777,8.802041950025005,True,True
8628665,2126430409811576704,293.3452,44.7007,0.9024,0.2412,7.8911,3.0122,24.0096,-223.2684,-1.0,0.0,0.0,0.0,0.0491,thin,False,24.0096,-223.2684,-1.0,224.5,5.0990195135927845,-223.16985572887253,24.929209653621648,223.25708973117088,24.13549014973425,thin,thin,thin,0.0491,24.03041597975366,True,True
8628973,2126432196518051200,293.4548,44.7928,1.1275,0.1987,7.9369,3.0373,-17.7071,-224.6642,2.0,0.0,0.0,0.0,0.0435,thin,False,-17.7071,-224.6642,2.0,221.6,41.04875150354759,-224.70124384503436,17.34678686369389,224.65155234615548,17.97887728593044,thin,thin,thin,0.0435,17.81969108626746,True,True
8630788,2078404532186285568,294.1081,44.7707,0.587,0.3443,7.778,2.9424,-50.9902,-222.486,15.0,0.0,0.0,0.0,0.4719,thin,False,-50.9902,-222.486,15.0,208.0,95.1892851112981,-222.8840053491592,51.45600217191353,222.60872561371104,52.63416457624762,thick,thin,thin,0.4719,53.15073373002484,False,True
8631504,2079893820684922112,294.3909,44.763,2.6411,0.0935,8.0439,3.097,-5.2342,-219.1513,34.0,-6.9751,-227.4672,35.91,0.096,thin,True,-6.9751,-227.4672,35.91,226.93,39.77788581611647,-227.4706046297749,36.55993885887452,227.4622798404621,36.61169689838651,thin,thin,thin,0.096,36.581144323407926,True,True
8636333,2079750265699679872,295.9483,44.7531,0.6319,0.2895,7.8181,2.957,-1.7041,-225.1379,-9.0,0.0,0.0,0.0,0.0494,thin,False,-1.7041,-225.1379,-9.0,221.0,43.93176527297759,-225.14433379121743,9.001608840027153,225.1422390594218,9.053849529906431,thin,thin,thin,0.0494,9.159910305783567,True,True
8636539,2079749922102309376,296.0054,44.7185,0.6447,0.2842,7.8225,2.9598,-3.0506,-221.1983,5.0,0.0,0.0,0.0,0.0598,thin,False,-3.0506,-221.1983,5.0,217.0,43.28972164382672,-221.21460896324928,5.205456871083261,221.2045179499393,5.617938993527895,thin,thin,thin,0.0598,5.857146093448583,True,True
8636600,2079749303627032448,296.0223,44.7327,2.0243,0.1069,8.0242,3.0831,14.4846,-230.1468,-1.0,0.0,0.0,0.0,0.0429,thin,False,14.4846,-230.1468,-1.0,230.6,1.4142135623730951,-230.1358882764486,14.691253425421325,230.15855916171336,14.331700687779472,thin,thin,thin,0.0429,14.51907838535215,True,True
8644288,2079295583282164992,298.0794,44.7462,2.2916,0.0874,8.0406,3.0897,-35.9839,-232.3816,-12.0,-35.2663,-225.5751,-12.86,0.1047,thin,True,-35.2663,-225.5751,-12.86,223.44,48.66009145079775,-225.59797097279505,37.40044910101927,225.5490386387864,37.69441960183545,thin,thin,thin,0.1047,37.5378677563071,True,True
8644365,2079295514562689280,298.0954,44.7371,1.6105,0.1149,8.0069,3.0679,4.8995,-229.2618,-9.0,0.0,0.0,0.0,0.0467,thin,False,4.8995,-229.2618,-9.0,229.0,15.0,-229.254935476684,10.400699956322384,229.2648359497894,10.180127549110669,thin,thin,thin,0.0467,10.247199629654924,True,True
8651389,2076155515517119744,299.9572,44.7719,1.5617,0.1057,8.0104,3.0652,8.3119,-226.5263,3.0,0.0,0.0,0.0,0.0493,thin,False,8.3119,-226.5263,3.0,226.5,9.486832980505138,-226.5144601494121,9.135061205071398,226.5317185547407,8.696579134105441,thin,thin,thin,0.0493,8.836723465742265,True,True
8653134,2082142734285082368,300.431,44.751,2.9127,0.0649,8.0625,3.1004,3.5332,-231.6508,3.0,0.0,0.0,0.0,0.0588,thin,False,3.5332,-231.6508,3.0,231.6,6.708203932499369,-231.64937215060576,4.704081443827231,231.653194679097,4.51191699484619,thin,thin,thin,0.0588,4.635029907131129,True,True
8676148,2106311477324720384,285.8032,44.8734,0.8548,0.3489,7.8442,3.0083,-24.626,-222.6484,2.0,0.0,0.0,0.0,0.0506,thin,False,-24.626,-222.6484,2.0,217.4,54.037024344425184,-222.74585663313968,23.812672104759315,222.6568533484846,24.630989768002408,thin,thin,thin,0.0506,24.707081494988437,True,True
8681734,2127139491730929536,288.834,44.8382,1.342,0.2071,7.9518,3.0557,-27.5438,-227.9044,-5.0,0.0,0.0,0.0,0.0552,thin,False,-27.5438,-227.9044,-5.0,224.7,47.265209192385896,-227.95429452818937,27.58495253132584,227.890297079189,28.10876192860489,thin,thin,thin,0.0552,27.99394431729834,True,True
8681833,2127136605512921600,288.8866,44.8395,0.764,0.3431,7.8272,2.991,-82.8417,-227.205,-4.0,0.0,0.0,0.0,0.9988,thick,False,-82.8417,-227.205,-4.0,212.2,116.06894502837528,-227.63643015031576,81.74653306667155,227.293143329778,82.6962332592543,thick,thick,thick,0.9988,82.93821350191962,True,True
8684730,2127045311688712832,290.1175,44.873,1.5409,0.1756,7.9764,3.0659,20.5536,-218.1705,26.0,18.366,-232.3063,30.0,0.0871,thin,True,18.366,-232.3063,30.0,233.03,30.00937353561384,-232.28872999672112,35.29149070966536,232.32607887037167,35.04477816619534,thin,thin,thin,0.0871,35.17541692716662,True,True
8685497,2127019915540964224,290.4121,44.8993,1.2974,0.2014,7.9512,3.0518,21.1912,-235.4483,-20.0,0.0,0.0,0.0,0.0611,thin,False,21.1912,-235.4483,-20.0,236.4,20.0,-235.4143376043892,29.41172640778966,235.4660650040913,28.994693160802008,thin,thin,thin,0.0611,29.138753532709664,True,True
8686442,2127005042075085568,290.755,44.8516,1.0738,0.2339,7.9177,3.0334,28.6568,-226.832,-3.0,26.1207,-246.6416,1.99,0.0716,thin,True,26.1207,-246.6416,1.99,248.02,2.0965924735150607,-246.5704877516189,26.85722751753688,246.6485997927376,26.13014198740532,thin,thin,thin,0.0716,26.196394188704673,True,True
8689031,2126577881808038016,291.7173,44.8873,1.3308,0.1856,7.9605,3.0541,26.8758,-214.8736,30.0,0.0,0.0,0.0,0.1589,thin,False,26.8758,-214.8736,30.0,216.4,31.04834939252005,-214.8208475445261,40.55814912260541,214.88512736069208,40.216191256497126,thin,thin,thin,0.1589,40.277892517359945,True,True
8689373,2126576679217244160,291.8419,44.8581,1.1797,0.2048,7.9406,3.0431,1.0132,-213.5363,32.0,0.0,0.0,0.0,0.0887,thin,False,1.0132,-213.5363,32.0,212.6,37.73592452822641,-213.5329388455654,32.03816517805009,213.5363735103104,32.01526492261516,thin,thin,thin,0.0887,32.01603620437733,True,True
8689793,2126597054542193536,292.0204,44.8762,1.0395,0.2272,7.9179,3.0299,32.5022,-217.935,18.0,0.0,0.0,0.0,0.1132,thin,False,32.5022,-217.935,18.0,220.2,19.697715603592208,-217.8253178538617,37.79114845918464,217.92621176513416,37.20492206278473,thin,thin,thin,0.1132,37.15364053279302,True,True
8692861,2126436800722944000,293.2609,44.8689,1.365,0.1699,7.9691,3.0556,-23.3273,-218.4106,23.0,-21.239,-200.2542,18.96,0.1355,thin,True,-21.239,-200.2542,18.96,197.69,42.7898492635812,-200.2878678622683,28.23255722010568,200.238669025846,28.57941088891977,thick,thin,thin,0.1355,28.47062909385741,False,True
8702537,2079731436563423104,296.5477,44.898,1.4944,0.1341,7.9937,3.0623,12.0728,-227.6591,1.0,20.3415,-159.1487,-11.47,0.9371,thick,True,20.3415,-159.1487,-11.47,160.26,13.798181039542856,-159.120663775292,23.542976865945896,159.16422500502918,23.24665306121387,thick,thick,thick,0.9371,23.35246287332452,True,True
8709688,2079299809530106496,298.4013,44.8382,0.9143,0.1825,7.9246,3.012,-14.3408,-214.9559,39.0,0.0,0.0,0.0,0.1777,thin,False,-14.3408,-214.9559,39.0,211.3,57.3149195236284,-215.00732561582316,41.28607430516264,214.95805610089693,41.5418357481184,thin,thin,thin,0.1777,41.55308104870203,True,True
8733898,2106929849536047744,282.2501,44.921,10.3822,0.0523,8.0975,3.1308,-19.483,-233.6236,6.0,0.0,0.0,0.0,0.0444,thin,False,-19.483,-233.6236,6.0,233.4,22.80350850198276,-233.6243373052289,20.37716905491644,233.61880277815857,20.44052319535535,thin,thin,thin,0.0444,20.385958132989483,True,True
8738735,2106748052160620928,284.7549,44.9561,0.7969,0.3876,7.8211,2.9989,59.1436,-221.8446,4.0,0.0,0.0,0.0,0.7276,thick,False,59.1436,-221.8446,4.0,228.0,27.29468812791236,-221.592001957342,60.2161495658544,221.8276316033671,59.3422434463076,thin,thick,thick,0.7276,59.2787096769152,False,True
8742590,2106221351731318784,286.9668,44.9924,1.4948,0.2028,7.9653,3.0648,-17.838,-224.5285,4.0,-16.4151,-217.3383,2.36,0.0498,thin,True,-16.4151,-217.3383,2.36,215.44,33.114203901045244,-217.3596450045052,16.301190861881597,217.325681733306,16.747900141623376,thin,thin,thin,0.0498,16.583880969483587,True,True
8745553,2127190000546917632,288.5152,44.9233,0.9045,0.2996,7.8713,3.0143,34.4888,-214.2548,23.0,36.3267,-197.5058,18.21,0.3267,thin,True,36.3267,-197.5058,18.21,200.52,21.248684665173982,-197.3711818702468,41.28430170345574,197.49989886187976,40.66407443367248,thick,thin,thin,0.3267,40.635369235310264,False,True
8750043,2127020229079881856,290.4868,44.9325,2.5524,0.113,8.0349,3.096,-19.5133,-230.728,-3.0,-21.4461,-243.0087,0.07,0.0547,thin,True,-21.4461,-243.0087,0.07,241.78,32.49007540773028,-243.0193359478436,21.32547198701873,242.99321768564303,21.62104434983856,thin,thin,thin,0.0547,21.446214239580843,True,True
8752940,2126623958217136128,291.5887,44.9075,2.386,0.1144,8.0307,3.0926,9.1645,-227.7244,8.0,0.0,0.0,0.0,0.0447,thin,False,9.1645,-227.7244,8.0,227.9,8.246211251235321,-227.71985088212423,12.250694438402618,227.7317891247356,12.026729482571367,thin,thin,thin,0.0447,12.165034329996772,True,True
8753657,2126601108991279872,291.8482,44.9683,2.7425,0.1017,8.0431,3.0988,20.2834,-240.0522,-17.0,27.4621,-199.8785,-26.72,0.2461,thin,True,27.4621,-199.8785,-26.72,200.87,32.72293538177772,-199.8709662103019,38.355498512734265,199.9020936884613,38.19293572075417,thin,thin,thin,0.2461,38.316123713262016,True,True
8757824,2126457313486865792,293.5005,44.9324,0.8407,0.2566,7.8801,3.0031,16.6653,-220.9151,10.0,0.0,0.0,0.0,0.0464,thin,False,16.6653,-220.9151,10.0,221.1,17.204650534085253,-220.83045029154852,20.374548437497083,220.896750893686,19.64269443362673,thin,thin,thin,0.0464,19.435334421871932,True,True
8760040,2079897050500386944,294.3364,44.9182,0.8959,0.2339,7.8977,3.0104,-64.7686,-227.7286,-5.0,0.0,0.0,0.0,0.8912,thick,False,-64.7686,-227.7286,-5.0,217.3,94.13288479590966,-227.95900630994103,64.14812111187871,227.72795042952524,64.9636097609092,thick,thick,thick,0.8912,64.9613080684187,True,True
8760760,2079899451380066816,294.5991,44.9278,0.865,0.238,7.8918,3.0058,64.3529,-197.709,75.0,0.0,0.0,0.0,1.0,thick,False,64.3529,-197.709,75.0,204.6,83.6301381082203,-197.45067457085767,99.33977607943991,197.69183123541907,98.85898979246444,thick,thick,thick,1.0,98.82457051973462,True,True
8766650,2079733154550359424,296.5476,44.9418,3.5237,0.0694,8.0672,3.1079,-15.9492,-239.1733,-22.0,0.0,0.0,0.0,0.0595,thin,False,-15.9492,-239.1733,-22.0,238.5,32.55764119219941,-239.17733357943544,27.1376694252006,239.16304193072116,27.263333883516925,thin,thin,thin,0.0595,27.173092953140245,True,True
8773015,2079298435140815360,298.2026,44.9259,1.7724,0.1069,8.0188,3.0744,24.5075,-229.973,-3.0,0.0,0.0,0.0,0.0483,thin,False,24.5075,-229.973,-3.0,231.1,9.486832980505138,-229.94984170208463,24.905427143219534,229.99400926865445,24.49419728282805,thin,thin,thin,0.0483,24.69043450913734,True,True
8802165,2106784610922074496,283.8996,45.0169,1.5404,0.2186,7.9637,3.0683,16.2913,-222.003,10.0,0.0,0.0,0.0,0.0454,thin,False,16.2913,-222.003,10.0,222.6,10.0,-221.9794839371987,19.387333776848973,222.01207053696257,19.01053749610335,thin,thin,thin,0.0454,19.115607646371068,True,True
8802693,2106805501643509888,284.1833,45.0741,1.0035,0.3195,7.8823,3.0289,-5.51,-226.9596,-4.0,0.0,0.0,0.0,0.0533,thin,False,-5.51,-226.9596,-4.0,224.9,31.25699921617557,-226.97531690733612,6.262229220838531,226.9592786078716,6.818786827180682,thin,thin,thin,0.0533,6.808825155634414,True,True
8803757,2106751178896557568,284.728,45.065,1.0683,0.2975,7.8971,3.035,14.2123,-236.1286,-22.0,15.2091,-231.818,-23.35,0.0553,thin,True,15.2091,-231.818,-23.35,232.12,25.227465191731017,-231.78372549825107,28.150026539088472,231.82854520927248,27.77849935025831,thin,thin,thin,0.0553,27.86645335901216,True,True
8804283,2106371744306291328,285.036,45.071,1.139,0.2779,7.9117,3.0414,-44.4396,-217.7383,13.0,0.0,0.0,0.0,0.2621,thin,False,-44.4396,-217.7383,13.0,212.2,67.26812023536856,-217.82163875842335,45.90831829412746,217.70066335925364,46.47860984303335,thin,thin,thin,0.2621,46.30203071313395,True,True
8804845,2106374557504930944,285.3874,45.049,1.5039,0.2132,7.9632,3.0659,-14.4505,-219.3216,14.0,0.0,0.0,0.0,0.0484,thin,False,-14.4505,-219.3216,14.0,217.6,34.0147027033899,-219.34061707200613,19.91114518232326,219.3111197184136,20.233456646249422,thin,thin,thin,0.0484,20.120063375894222,True,True
8806072,2106333879874204288,286.0158,45.0077,1.3046,0.2367,7.9405,3.054,-17.369,-213.8377,22.0,0.0,0.0,0.0,0.071,thin,False,-17.369,-213.8377,22.0,211.5,42.190046219457976,-213.867477605532,27.80201472280886,213.8264020248496,28.11618390015617,thin,thin,thin,0.071,28.030022493747662,True,True
8806123,2106339927188171776,286.0471,45.0532,0.6723,0.4309,7.7782,2.9729,33.0531,-235.7976,-25.0,41.1853,-143.6852,-52.18,1.0,thick,True,41.1853,-143.6852,-52.18,148.56,54.72058844712838,-143.3887855002215,67.11238777432574,143.586805251937,66.68767320534076,thick,thick,thick,1.0,66.47541903658825,True,True
8806985,2106418164312004096,286.5135,45.0381,0.8944,0.3273,7.8621,3.0138,18.0863,-219.2828,10.0,15.482,-203.012,18.54,0.0995,thin,True,15.482,-203.012,18.54,203.33,21.311773741291454,-202.9527355942457,24.646860141044613,203.00871629121835,24.18143316248286,thin,thin,thin,0.0995,24.15416990914819,True,True
8807057,2106230182184380160,286.5536,45.0023,1.0391,0.2837,7.8981,3.0321,-30.6148,-215.638,19.0,-29.1137,-206.5998,15.96,0.1252,thin,True,-29.1137,-206.5998,15.96,202.18,53.9354428924061,-206.6954015843964,32.600542386057114,206.6086588828884,33.14583645971644,thin,thin,thin,0.1252,33.2013422573546,True,True
8811490,2127167116961134976,288.8576,45.0977,0.8235,0.3228,7.8527,3.0018,40.5346,-223.5329,-2.0,0.0,0.0,0.0,0.1391,thin,False,40.5346,-223.5329,-2.0,227.0,9.219544457292889,-223.3443263278643,41.609036243975446,223.50331675843532,40.746378955417605,thin,thin,thin,0.1391,40.5839105700769,True,True
8812045,2127168044673646848,289.0985,45.0231,0.5874,0.4365,7.7464,2.9453,31.3679,-229.4896,-19.0,0.0,0.0,0.0,0.0966,thin,False,31.3679,-229.4896,-19.0,231.2,23.600847442411894,-229.2410177623288,38.19680320775062,229.41898200733144,37.11294510975552,thin,thin,thin,0.0966,36.67349383969299,True,True
8822421,2126508509497526272,293.247,45.0564,1.0867,0.209,7.9331,3.0335,-18.2579,-230.4128,-15.0,0.0,0.0,0.0,0.0468,thin,False,-18.2579,-230.4128,-15.0,227.1,45.5411901469428,-230.45520939117324,23.21220507557396,230.40216625164996,23.73292621121703,thin,thin,thin,0.0468,23.62945010807488,True,True
8826168,2079902101382181248,294.613,45.0602,1.0331,0.204,7.9307,3.0279,13.1688,-221.1335,15.0,0.0,0.0,0.0,0.0465,thin,False,13.1688,-221.1335,15.0,221.2,19.209372712298546,-221.0929469126916,20.404627550184028,221.1348095538141,19.94582672135563,thin,thin,thin,0.0465,19.960393118373194,True,True
8827575,2079880695265507328,295.0902,45.0811,1.866,0.1209,8.0161,3.0782,-25.4941,-229.8758,-7.0,-25.4177,-232.8169,-6.37,0.0518,thin,True,-25.4177,-232.8169,-6.37,230.74,40.61267043669992,-232.83775492788703,26.01761864854704,232.79460015945676,26.400960902942305,thin,thin,thin,0.0518,26.203747313886236,True,True
8832512,2079728790863754752,296.753,45.0411,1.3059,0.1495,7.9778,3.0508,3.669,-227.7058,-1.0,0.0,0.0,0.0,0.0616,thin,False,3.669,-227.7058,-1.0,227.1,17.029386365926403,-227.6992904391445,4.176497756507423,227.70854987751724,3.6367997852863647,thin,thin,thin,0.0616,3.8028359154715052,True,True
8836888,2079315305772225920,297.9074,45.0323,0.9029,0.1915,7.9226,3.0107,8.6572,-226.7088,-11.0,0.0,0.0,0.0,0.0435,thin,False,8.6572,-226.7088,-11.0,225.9,23.706539182259394,-226.67246948116832,14.574003544284748,226.70523816396096,14.055069868975174,thin,thin,thin,0.0435,13.99811100970413,True,True
8866137,2106904698207543936,283.1619,45.1983,1.1118,0.3012,7.9044,3.0405,35.9297,-215.3729,19.0,0.0,0.0,0.0,0.162,thin,False,35.9297,-215.3729,19.0,217.9,23.600847442411894,-215.27783022776717,41.144450566567,215.37834922867324,40.61498102340625,thin,thin,thin,0.162,40.64410587145447,True,True
8873090,2106233205841766784,286.5801,45.1638,1.728,0.1801,7.9881,3.0759,-33.4551,-222.7751,5.0,-32.9462,-219.8454,4.44,0.0815,thin,True,-32.9462,-219.8454,4.44,217.21,47.50793196930382,-219.8984801369648,32.89142948326996,219.8399125761621,33.280633084504124,thin,thin,thin,0.0815,33.244032463586606,True,True
8874090,2106246984096567552,287.0545,45.1803,1.5852,0.1928,7.9761,3.0692,-10.7698,-224.6684,4.0,0.0,0.0,0.0,0.0464,thin,False,-10.7698,-224.6684,4.0,223.3,27.29468812791236,-224.68069532482912,11.246117034395146,224.6597123278789,11.65777237531753,thin,thin,thin,0.0464,11.488628814614911,True,True
8880123,2127063316192062464,289.8287,45.1027,0.5301,0.4604,7.7206,2.9269,-109.2684,-240.5022,-18.0,0.0,0.0,0.0,1.0,thick,False,-109.2684,-240.5022,-18.0,211.7,159.02201105507376,-241.83395487485856,107.80180086429388,241.18310688128105,109.25016684240146,thick,thick,thick,1.0,110.74106392192554,True,True
8881169,2127073039997726080,290.2126,45.135,0.7748,0.3236,7.8437,2.9922,0.4424,-231.4109,-18.0,0.0,0.0,0.0,0.0427,thin,False,0.4424,-231.4109,-18.0,228.9,38.47076812334269,-231.40587452070707,18.07017535351473,231.41047159319317,18.011208649503335,thin,thin,thin,0.0427,18.00543578367377,True,True
8883593,2126639557538793088,291.0924,45.1155,0.5764,0.4085,7.7572,2.9407,-7.569,-238.5048,-36.0,0.0,0.0,0.0,0.1079,thin,False,-7.569,-238.5048,-36.0,232.2,65.73431371817918,-238.55986438362595,36.42843813926127,238.52494849257687,36.65636297579916,thin,thin,thin,0.1079,36.78708687841428,True,True
8884274,2126643543268551936,291.35,45.1723,0.8933,0.271,7.8862,3.0116,-11.638,-227.2268,-6.0,0.0,0.0,0.0,0.044,thin,False,-11.638,-227.2268,-6.0,223.8,41.43669871020132,-227.2710061832888,12.301615683947173,227.23114419656665,13.01718506894477,thin,thin,thin,0.044,13.093626082945853,True,True
8885643,2126604991642285312,291.8413,45.1792,1.1846,0.2067,7.9447,3.043,31.8817,-230.9839,-11.0,0.0,0.0,0.0,0.0777,thin,False,31.8817,-230.9839,-11.0,233.0,14.212670403551895,-230.91493077188963,34.19495206332972,231.00084782725403,33.60964598281013,thin,thin,thin,0.0777,33.72599583244355,True,True
8890150,2126465903421535744,293.5112,45.1366,2.4364,0.1045,8.0381,3.0935,23.4165,-236.7476,-12.0,24.3458,-234.0097,-12.33,0.0549,thin,True,24.3458,-234.0097,-12.33,234.91,17.96086022438792,-233.99338678478247,27.42982940135059,234.02475214572496,27.16092750868389,thin,thin,thin,0.0549,27.290050891121478,True,True
8890783,2126454633427425664,293.7471,45.1072,1.572,0.1482,7.993,3.0669,8.2704,-231.1273,-9.0,0.0,0.0,0.0,0.0446,thin,False,8.2704,-231.1273,-9.0,231.1,12.727922061357855,-231.11589827480023,12.435898223778496,231.132723177344,12.119169799341076,thin,thin,thin,0.0446,12.222909480152424,True,True
8890924,2127956360152391168,293.7969,45.1607,0.97,0.2245,7.9166,3.0213,21.7937,-221.8884,8.0,21.3268,-226.0243,9.28,0.0467,thin,True,21.3268,-226.0243,9.28,226.95,11.029052543169788,-225.9420847026916,24.04406080930849,226.0141425452699,23.357009002147805,thin,thin,thin,0.0467,23.258349000735198,True,True
8905246,2079320872050034688,298.0759,45.1891,2.9173,0.0747,8.0601,3.1007,13.5062,-232.0417,3.0,0.0,0.0,0.0,0.0435,thin,False,13.5062,-232.0417,3.0,232.4,5.0,-232.03734410915425,13.9079451670606,232.05195565366816,13.661986579851384,thin,thin,thin,0.0435,13.835369111086266,True,True
8934495,2106989772919325440,283.5442,45.2257,1.5549,0.2206,7.9661,3.0689,76.3657,-236.3789,-5.0,74.3093,-250.2749,-0.78,0.993,thick,True,74.3093,-250.2749,-0.78,255.01,55.94543770496393,-250.1861894612991,74.6114113446123,250.33239127096417,74.11940353619215,thick,thick,thick,0.993,74.31339358749538,True,True
8935810,2106814984930919296,284.2097,45.2581,0.763,0.4113,7.8136,2.9937,56.3267,-222.0241,1.0,0.0,0.0,0.0,0.6076,thick,False,56.3267,-222.0241,1.0,227.9,23.021728866442675,-221.7193036271198,57.523563859561605,221.95448444250025,56.60933523601855,thin,thick,thick,0.6076,56.33557608554297,False,True
8949925,2127406192019886336,290.7345,45.2977,0.5685,0.4239,7.7531,2.9375,-86.3879,-238.8621,-19.0,0.0,0.0,0.0,0.9998,thick,False,-86.3879,-238.8621,-19.0,216.4,134.35028842544403,-239.53310670488895,86.61899787173863,239.0502774347665,87.94273624558843,thick,thick,thick,0.9998,88.45263854973463,True,True
8950568,2127398083121764736,290.9734,45.2903,1.259,0.2045,7.9527,3.0488,-8.8978,-228.1064,-6.0,0.0,0.0,0.0,0.0461,thin,False,-8.8978,-228.1064,-6.0,226.3,30.59411708155671,-228.12009513658128,10.436100558979176,228.0979404376996,10.909608979227746,thin,thin,thin,0.0461,10.73176802022854,True,True
8950853,2127396880530950272,291.0747,45.2425,1.0689,0.2333,7.9246,3.0333,-22.0266,-232.2414,-18.0,0.0,0.0,0.0,0.057,thin,False,-22.0266,-232.2414,-18.0,228.5,50.32891812864648,-232.31077951513663,27.87385371758932,232.24651745751095,28.40431532105749,thin,thin,thin,0.057,28.445933058347723,True,True
8951205,2126645673572302080,291.2042,45.2383,1.2238,0.2067,7.9488,3.0464,-25.1171,-231.5335,-13.0,0.0,0.0,0.0,0.0563,thin,False,-25.1171,-231.5335,-13.0,228.1,48.76474136094644,-231.5848957446697,27.857603323517623,231.52039775646537,28.3886495397028,thin,thin,thin,0.0563,28.28195029360599,True,True
8951215,2126647151041055616,291.208,45.2444,0.8477,0.2877,7.8732,3.004,6.1767,-219.6279,8.0,0.0,0.0,0.0,0.0524,thin,False,6.1767,-219.6279,8.0,218.4,25.29822128134704,-219.60365347127012,10.620517034038622,219.6284424603984,10.0949126999435,thin,thin,thin,0.0524,10.107008602450083,True,True
8958939,2127954813964235776,294.0078,45.2327,0.5796,0.3575,7.7833,2.9392,-30.4972,-229.5117,-14.0,0.0,0.0,0.0,0.0764,thin,False,-30.4972,-229.5117,-14.0,218.7,77.27871634544663,-229.7265454560236,32.05314825163858,229.56200921466493,33.211051252950256,thin,thin,thin,0.0764,33.55710368670097,True,True
8959839,2079920552562267904,294.2663,45.2042,0.7934,0.2634,7.8752,2.9942,-75.1816,-235.7998,-29.0,-75.7627,-234.8145,-29.27,0.9982,thick,True,-75.7627,-234.8145,-29.27,221.14,113.27690762022064,-235.19204840227533,80.12027064570961,234.8872059091344,81.00961609710224,thick,thick,thick,0.9982,81.2201921401938,True,True
8962094,2079885608708649344,294.9735,45.2137,2.0378,0.1138,8.0256,3.0835,15.4214,-230.794,-2.0,0.0,0.0,0.0,0.0426,thin,False,15.4214,-230.794,-2.0,231.3,2.8284271247461903,-230.78411357127047,15.696589537951462,230.80798604375545,15.341563754246888,thin,thin,thin,0.0426,15.550549120851006,True,True
8972058,2079368391569401600,297.7119,45.262,1.6111,0.1201,8.0103,3.0679,54.0928,-230.2432,-5.0,57.6039,-197.6564,-10.64,0.8667,thick,True,57.6039,-197.6564,-10.64,201.36,44.1997692301668,-197.57940704387525,58.83746350915092,197.69376284406536,58.45207723044965,thin,thick,thick,0.8667,58.57831420594144,False,True
8973129,2079323758268003968,297.9197,45.2742,1.1701,0.1547,7.9705,3.0405,45.1131,-216.8546,32.0,0.0,0.0,0.0,0.589,thick,False,45.1131,-216.8546,32.0,220.3,39.408120990476064,-216.7358645063129,55.77324660355688,216.8605561569547,55.2864285634035,thin,thick,thick,0.589,55.30996105232764,False,True
9002538,2106994445843935872,283.3504,45.339,3.0783,0.1228,8.0434,3.1051,-21.8299,-224.4453,9.0,-21.7933,-223.8036,8.91,0.0481,thin,True,-21.7933,-223.8036,8.91,222.86,31.237664765471827,-223.81441110047285,23.44100432465595,223.79313998244385,23.64321883327842,thin,thin,thin,0.0481,23.544341674593493,True,True
9003401,2106827216998206336,283.7548,45.3351,1.3612,0.2467,7.9466,3.0587,-20.1643,-228.3533,-5.0,-21.3011,-234.2376,-3.2,0.0456,thin,True,-21.3011,-234.2376,-3.2,231.67,40.74585132255798,-234.27524939616328,21.126306358791076,234.22750867199696,21.649191239156885,thin,thin,thin,0.0456,21.54012212616261,True,True
9006449,2106402496271967360,285.3458,45.3678,0.5788,0.5153,7.7254,2.9447,31.6748,-209.8588,18.0,0.0,0.0,0.0,0.1366,thin,False,31.6748,-209.8588,18.0,212.0,20.591260281974,-209.61889002880565,37.78784120707978,209.79851324042585,36.77749097079434,thin,thin,thin,0.1366,36.43203199164164,True,True
9008220,2106436649851315712,286.152,45.3326,0.587,0.4925,7.7355,2.9474,-3.1635,-206.6974,30.0,0.0,0.0,0.0,0.1047,thin,False,-3.1635,-206.6974,30.0,202.2,52.43090691567332,-206.7157999057307,30.040274122150016,206.7042962062462,30.119328177773905,thin,thin,thin,0.1047,30.166334418520258,True,True
9009036,2106427750679026688,286.5437,45.3049,0.8526,0.3427,7.8552,3.0079,50.5284,-240.6115,-35.0,70.3946,-296.2598,-55.86,1.0,thick,True,70.3946,-296.2598,-55.86,303.0,63.53434110778202,-295.9475483485422,90.888179245088,296.2109562509649,90.02600678075741,thick,thick,thick,1.0,89.86511731011093,True,True
9011825,2130211080541825024,287.8055,45.3405,0.8686,0.3239,7.8644,3.0088,-8.1859,-218.1055,12.0,0.0,0.0,0.0,0.0496,thin,False,-8.1859,-218.1055,12.0,215.1,38.897300677553446,-218.1315820836843,14.12879675233891,218.1029446209249,14.564187161725776,thin,thin,thin,0.0496,14.52614741801831,True,True
9018021,2127082969962587648,290.3903,45.39,0.4808,0.4956,7.6951,2.9052,48.7644,-210.9462,11.0,0.0,0.0,0.0,0.426,thin,False,48.7644,-210.9462,11.0,216.5,11.180339887498947,-210.21104310483685,52.99591830298278,210.55371322812795,51.61766989943717,thin,thin,thin,0.426,49.98966600568562,True,True
9019191,2127396536933491200,290.8243,45.3549,1.6982,0.1587,7.9961,3.0728,-52.8705,-222.0566,9.0,0.0,0.0,0.0,0.493,thin,False,-52.8705,-222.0566,9.0,217.9,68.59300255857006,-222.1038507717683,53.43490874280676,222.00623413570108,53.83903792680807,thin,thin,thin,0.493,53.63105229482263,True,True
9021075,2126669411851377792,291.508,45.3701,1.2779,0.1977,7.9581,3.0501,-71.36,-218.1358,16.0,0.0,0.0,0.0,0.9842,thick,False,-71.36,-218.1358,16.0,210.7,92.39588735436226,-218.2504344152996,72.78899557991593,218.07395578748148,73.31602694636126,thick,thick,thick,0.9842,73.13172772470236,True,True
9022166,2126660856277325696,291.88,45.3878,1.3022,0.1921,7.9621,3.0514,-62.7107,-227.9788,-9.0,-64.0584,-239.8284,-6.13,0.8953,thick,True,-64.0584,-239.8284,-6.13,233.08,85.62969695146656,-239.908596382124,64.05151662497242,239.7528973674763,64.63187761391751,thick,thick,thick,0.8953,64.35103348478562,True,True
9025739,2126521703637204992,293.2014,45.3546,1.1527,0.2001,7.948,3.0401,-50.0003,-229.4498,-11.0,0.0,0.0,0.0,0.3874,thin,False,-50.0003,-229.4498,-11.0,223.2,73.824115301167,-229.5712291564804,50.64869932765074,229.43369723806703,51.268104818405,thin,thin,thin,0.3874,51.19599593806141,True,True
9026749,2127973677460755584,293.5739,45.3845,0.6661,0.3221,7.8277,2.9663,-15.8397,-231.6143,-20.0,0.0,0.0,0.0,0.05,thin,False,-15.8397,-231.6143,-20.0,225.3,59.46427498927402,-231.71108754480468,24.618324654693183,231.63881835397228,25.28928293913127,thin,thin,thin,0.05,25.512665405441275,True,True
9027909,2127964572129949056,293.9739,45.3507,0.7547,0.2815,7.8636,2.9866,33.6921,-222.1619,-2.0,0.0,0.0,0.0,0.0812,thin,False,33.6921,-222.1619,-2.0,224.7,2.23606797749979,-221.9809053748936,34.92230875733334,222.127750389662,33.975763520898575,thin,thin,thin,0.0812,33.7514088951854,True,True
9030537,2079934640055270144,294.816,45.3061,0.9406,0.2208,7.918,3.0171,-13.4971,-222.3957,7.0,-14.2659,-224.709,6.99,0.0435,thin,True,-14.2659,-224.709,6.99,221.2,42.627017254318886,-224.76364572599448,15.09324882057027,224.71664363384403,15.777600385988183,thin,thin,thin,0.0435,15.886346427357047,True,True
9031209,2079981712895637248,295.0485,45.3427,1.1612,0.1819,7.9571,3.0404,9.7897,-225.0626,0.0,8.9866,-234.6729,1.9,0.0496,thin,True,8.9866,-234.6729,1.9,234.38,14.891705745145517,-234.6492447186591,9.771348574421213,234.6747576539233,9.138130009600358,thin,thin,thin,0.0496,9.185258818345838,True,True
9031703,2079978002044359296,295.2142,45.3245,0.7561,0.2642,7.8711,2.9861,-11.3879,-217.9915,17.0,0.0,0.0,0.0,0.0501,thin,False,-11.3879,-217.9915,17.0,213.6,48.104053883222775,-218.04563855025788,19.87610397463021,217.99967878578727,20.374004252810597,thin,thin,thin,0.0501,20.461775739412257,True,True
9032900,2079971473693847168,295.5866,45.3649,0.8704,0.2277,7.9074,3.007,-13.9033,-225.3013,-1.0,0.0,0.0,0.0,0.044,thin,False,-13.9033,-225.3013,-1.0,221.4,44.01136216933077,-225.36331060170008,12.897218097003204,225.3141812349688,13.72879216885608,thin,thin,thin,0.044,13.939216293967176,True,True
9034103,2079804588446924672,295.9261,45.3839,0.5401,0.3413,7.7869,2.9276,46.9044,-215.8629,1.0,0.0,0.0,0.0,0.2884,thin,False,46.9044,-215.8629,1.0,220.9,1.0,-215.2856866555578,49.49629401525913,215.57831178570697,48.20582420853857,thin,thin,thin,0.2884,46.91505876965306,True,True
9070666,2106958363820214016,282.6999,45.4258,1.8795,0.1911,7.9936,3.082,5.9553,-217.3311,19.0,6.8795,-212.3372,17.06,0.0587,thin,True,6.8795,-212.3372,17.06,212.37,18.012551179663586,-212.3294690501905,18.48419521819061,212.34065981427003,18.355192443569177,thin,thin,thin,0.0587,18.394866682039314,True,True
9072190,2107016126838707200,283.5967,45.4079,1.0101,0.3247,7.8882,3.0303,21.5268,-237.5791,-22.0,36.9736,-258.4724,-106.38,1.0,thick,True,36.9736,-258.4724,-106.38,260.98,106.68263823134484,-258.34669010079494,112.91028922982986,258.4617298156157,112.64670399403472,thick,thick,thick,1.0,112.62216254787509,True,True
9072639,2106832847695272448,283.853,45.4853,1.1966,0.2792,7.9233,3.0464,46.5215,-234.741,-12.0,46.291,-234.2206,-12.25,0.2875,thin,True,46.291,-234.2206,-12.25,237.56,26.78534860702769,-234.15517514669108,48.20334482193546,234.27467763554623,47.61915495639217,thin,thin,thin,0.2875,47.88443568634802,True,True
9073549,2107192942052870400,284.3249,45.4823,0.8936,0.3562,7.8614,3.015,-30.4996,-227.6725,-5.0,-28.832,-215.1921,-9.51,0.0765,thin,True,-28.832,-215.1921,-9.51,209.83,56.57502098983261,-215.30087617535327,29.578617583065128,215.20158196474003,30.29259018098794,thin,thin,thin,0.0765,30.359913109230074,True,True
9076513,2106443453079518336,286.0049,45.4803,0.7111,0.4131,7.806,2.9823,-107.9464,-229.6274,-5.0,0.0,0.0,0.0,1.0,thick,False,-107.9464,-229.6274,-5.0,209.6,143.0873858870865,-230.33668691026867,106.54187281628226,229.86013377221067,107.56616058139016,thick,thick,thick,1.0,108.06213616692943,True,True
9077124,2106432870280171136,286.3601,45.4143,0.5155,0.5504,7.6892,2.9214,-42.3101,-209.2937,33.0,0.0,0.0,0.0,0.5853,thick,False,-42.3101,-209.2937,33.0,195.0,93.04837451562494,-209.7339432263253,51.91024040337845,209.48123684059075,52.920803203809385,thick,thick,thick,0.5853,53.657660795174436,True,True
9085563,2127412273694062848,290.5904,45.4397,0.5438,0.4425,7.743,2.9304,13.4725,-215.464,14.0,0.0,0.0,0.0,0.0531,thin,False,13.4725,-215.464,14.0,213.5,34.92849839314596,-215.3125612864409,21.04164804079363,215.4018279920037,20.107274745804165,thin,thin,thin,0.0531,19.42957169497053,True,True
9086251,2127402790405934464,290.8714,45.4103,1.6793,0.1606,7.995,3.0718,1.2335,-232.8803,-9.0,0.0,0.0,0.0,0.0489,thin,False,1.2335,-232.8803,-9.0,232.4,17.4928556845359,-232.87938364906,9.107835705256472,232.8815872979893,9.051314687323208,thin,thin,thin,0.0489,9.084135745903405,True,True
9092504,2126524001437900928,293.2045,45.4354,0.7403,0.2965,7.8571,2.9849,4.0186,-224.1179,-4.0,0.0,0.0,0.0,0.0577,thin,False,4.0186,-224.1179,-4.0,222.0,31.25699921617557,-224.08770275288637,6.760286601473931,224.10927994383852,6.002553044679664,thin,thin,thin,0.0577,5.670021689552871,True,True
9093086,2128022090332078080,293.4032,45.4937,0.8861,0.2521,7.8998,3.0093,-32.947,-230.0547,-13.0,-32.71,-233.5036,-12.66,0.0874,thin,True,-32.71,-233.5036,-12.66,227.15,64.47514249693442,-233.6209603329568,34.284302429931955,233.50410934919907,35.07131900908901,thin,thin,thin,0.0874,35.07448787936896,True,True
9099607,2079975047106629248,295.5013,45.4339,0.5824,0.3285,7.8064,2.942,17.013,-220.2999,1.0,0.0,0.0,0.0,0.0465,thin,False,17.013,-220.2999,1.0,219.3,27.018512172212592,-220.12663748082295,19.1508086353123,220.229492376767,17.92932479128875,thin,thin,thin,0.0465,17.04236394987503,True,True
9099773,2079975425063780864,295.5529,45.4734,0.5037,0.3745,7.7605,2.9115,30.1228,-211.9147,22.0,0.0,0.0,0.0,0.1356,thin,False,30.1228,-211.9147,22.0,213.2,29.068883707497267,-211.5343829853363,39.40107631795173,211.73970686076063,38.282326712454974,thin,thin,thin,0.1356,37.30124769816688,True,True
9100484,2079807440305520896,295.7609,45.4574,1.2221,0.1689,7.9695,3.0451,22.5493,-233.0115,-22.0,22.6739,-235.1293,-21.95,0.0699,thin,True,22.6739,-235.1293,-21.95,236.22,21.95014578539286,-235.0780589955299,31.937493309497103,235.13798295730865,31.493273420977037,thin,thin,thin,0.0699,31.55801389837453,True,True
9100953,2079807646464016256,295.905,45.4054,1.1279,0.1802,7.9562,3.0366,5.9449,-218.581,20.0,0.0,0.0,0.0,0.0497,thin,False,5.9449,-218.581,20.0,218.0,26.248809496813376,-218.56815411373884,20.99909539272827,218.5854607176979,20.818173859196577,thin,thin,thin,0.0497,20.8648468963949,True,True
9101496,2079810120364906880,296.0643,45.4286,0.7909,0.2424,7.8909,2.9936,-6.0658,-223.7417,-2.0,0.0,0.0,0.0,0.056,thin,False,-6.0658,-223.7417,-2.0,220.4,39.05124837953327,-223.77180920847243,5.228518295560663,223.75022818383505,6.082383388257146,thin,thin,thin,0.056,6.387012575531694,True,True
9110610,2079411719197446400,298.4096,45.4617,1.2455,0.1446,7.9833,3.046,9.1205,-220.9377,22.0,9.6367,-216.1566,21.5,0.0562,thin,True,9.6367,-216.1566,21.5,216.09,24.164248384752213,-216.13790248366251,23.731963887609425,216.16310172840963,23.50132871037778,thin,thin,thin,0.0562,23.560899534822518,True,True
9112931,2079247239132750720,299.0771,45.4406,1.7758,0.1041,8.0261,3.0743,-45.8221,-227.295,2.0,-41.0012,-187.5811,-4.29,0.5431,thick,True,-41.0012,-187.5811,-4.29,184.4,53.69166136375369,-187.61893463023648,41.052282131631344,187.5451201836966,41.38819149567677,thick,thick,thick,0.5431,41.22502275851403,True,True
9115800,2085193569812098944,299.9059,45.4396,1.3,0.1271,7.9959,3.0501,-37.0461,-231.0508,-20.0,-38.5325,-257.5374,-16.41,0.3271,thin,True,-38.5325,-257.5374,-16.41,252.94,64.03825497310181,-257.61896492640267,41.37644994739042,257.52416701460004,41.96242489938319,thick,thin,thin,0.3271,41.88128049916812,False,True
9119458,2082189051213230208,300.9077,45.4578,1.3981,0.1132,8.0084,3.0558,-58.5424,-229.5615,-16.0,-60.6504,-255.347,-12.18,0.9124,thick,True,-60.6504,-255.347,-12.18,249.21,83.20630084314529,-255.42884294167555,61.52250639787736,255.28936485042493,62.09873424045484,thick,thick,thick,0.9124,61.86132410610041,True,True
9139084,2106821925598401152,284.0611,45.5068,3.9291,0.0998,8.0611,3.1127,-12.2825,-232.4524,1.0,-16.2523,-250.4948,7.35,0.0695,thin,True,-16.2523,-250.4948,7.35,249.92,24.613057510191616,-250.49636274902653,17.81519715041404,250.48388262865203,17.989817766604684,thin,thin,thin,0.0695,17.8370332535991,True,True
9140402,2107151229330376192,284.7594,45.599,1.0871,0.2952,7.9091,3.0369,-71.6697,-217.3825,10.0,0.0,0.0,0.0,0.9812,thick,False,-71.6697,-217.3825,10.0,208.7,94.5304183847718,-217.54333494270168,71.87897760825136,217.33891186391008,72.49474042860994,thick,thick,thick,0.9812,72.36398204970482,True,True
9153570,2126680651786377984,291.3978,45.5886,0.8711,0.2794,7.8886,3.0086,-33.3744,-218.1499,16.0,0.0,0.0,0.0,0.1114,thin,False,-33.3744,-218.1499,16.0,211.8,64.03124237432849,-218.29761747927773,36.13018409683142,218.1773652588332,36.849386544604506,thin,thin,thin,0.1114,37.01149247679699,True,True
9153823,2126677250172291328,291.4849,45.5457,1.8166,0.1466,8.0077,3.0772,36.1071,-218.129,31.0,0.0,0.0,0.0,0.2951,thin,False,36.1071,-218.129,31.0,220.0,38.01315561749642,-218.09858834975287,47.72845859489953,218.1609252219032,47.44270972787242,thin,thin,thin,0.2951,47.58910243333026,True,True
9157634,2126537234238972544,293.0572,45.5511,1.4327,0.1678,7.983,3.0598,-19.7852,-223.7644,7.0,-21.1501,-232.6958,8.76,0.0464,thin,True,-21.1501,-232.6958,8.76,230.19,41.035907447015234,-232.7288288230338,22.55380310854543,232.6823107088174,23.02876642821671,thin,thin,thin,0.0464,22.892451376163276,True,True
9159288,2127981855078642048,293.6898,45.5493,0.677,0.3178,7.8365,2.9688,-18.2474,-221.1315,11.0,0.0,0.0,0.0,0.0475,thin,False,-18.2474,-221.1315,11.0,214.7,57.0701322935211,-221.2364004435195,20.187746748824544,221.15326035234392,21.079028334541068,thin,thin,thin,0.0475,21.306515594061832,True,True
9183378,2082286632869692928,300.9354,45.5965,1.4774,0.1089,8.0159,3.0604,-30.5582,-228.6315,-6.0,-31.7473,-243.4869,-3.85,0.0867,thin,True,-31.7473,-243.4869,-3.85,240.11,51.53401401016614,-243.5264313110187,31.677183475171635,243.45743067350944,32.203200925581086,thin,thin,thin,0.0867,31.979893015612166,True,True
9202151,2107020078208649856,283.5555,45.6144,2.618,0.1407,8.0314,3.0985,35.6819,-224.0713,17.0,0.0,0.0,0.0,0.1257,thin,False,35.6819,-224.0713,17.0,225.4,31.064449134018133,-224.05234071099693,39.63216650554647,224.0934629350303,39.398983105991725,thin,thin,thin,0.1257,39.52465037935187,True,True
9205907,2106494580370491392,285.6738,45.6398,0.6674,0.4482,7.7851,2.9707,1.0803,-223.876,-3.0,1.8279,-213.1528,-5.92,0.0735,thin,True,1.8279,-213.1528,-5.92,210.36,34.94509979954271,-213.1381579709264,6.679462310727528,213.15044906450447,6.2750030757043085,thin,thin,thin,0.0735,6.195774238140057,True,True
9210387,2130247467504662016,288.2076,45.6834,0.8518,0.325,7.8694,3.007,-16.1921,-215.8233,18.0,0.0,0.0,0.0,0.0578,thin,False,-16.1921,-215.8233,18.0,211.7,48.46648326421054,-215.89459771599343,23.56719493383449,215.8365019114245,24.09345227732268,thin,thin,thin,0.0578,24.211239175432553,True,True
9214942,2127461236320786688,290.4799,45.6006,2.1236,0.1337,8.0224,3.0868,-49.7028,-225.8616,2.0,0.0,0.0,0.0,0.3374,thin,False,-49.7028,-225.8616,2.0,222.8,62.03224967708329,-225.8958523535559,49.58733597865952,225.82290104888352,49.91850720791001,thin,thin,thin,0.3374,49.743022906132275,True,True
9216775,2127432099262972416,291.2503,45.6551,1.2671,0.2028,7.9595,3.0494,0.5551,-234.143,-16.0,0.0,0.0,0.0,0.0435,thin,False,0.5551,-234.143,-16.0,233.2,26.40075756488817,-234.14169840767,16.02825838236052,234.1433431989918,16.0042130577896,thin,thin,thin,0.0435,16.009626354478108,True,True
9221528,2128039098402521472,293.1341,45.6268,0.5779,0.3783,7.7865,2.9398,0.7908,-233.377,-31.0,0.0,0.0,0.0,0.0662,thin,False,0.7908,-233.377,-31.0,228.8,55.47071299343465,-233.36363725730837,31.11033278573885,233.3746151272212,31.027874793826264,thin,thin,thin,0.0662,31.010084886049572,True,True
9221627,2128039441999929984,293.1719,45.6774,0.3207,0.6335,7.5496,2.7945,1.6806,-236.8566,-34.0,0.0,0.0,0.0,0.0848,thin,False,1.6806,-236.8566,-34.0,223.3,86.00581375697809,-236.68799240109328,35.19494641479111,236.7658326967766,34.66742660484053,thick,thin,thin,0.0848,34.04151019505451,False,True
9225395,2080048680026646912,294.5694,45.6712,1.3124,0.1696,7.9775,3.052,-54.3377,-233.2995,-21.0,0.0,0.0,0.0,0.6861,thick,False,-54.3377,-233.2995,-21.0,227.5,77.88452991448301,-233.40295768666323,57.83864921588055,233.27147266688365,58.36668604455232,thick,thick,thick,0.6861,58.25449031010399,True,True
9229657,2079813934296000512,296.0756,45.627,0.914,0.2156,7.9237,3.0127,-41.3743,-217.6222,24.0,-41.3178,-216.6569,24.21,0.3117,thin,True,-41.3178,-216.6569,24.21,209.55,72.95420824051207,-216.8088093624134,47.195965747642994,216.66481000934212,47.85268125837555,thin,thin,thin,0.3117,47.888252179840514,True,True
9244756,2082208254002842240,300.4175,45.6055,1.0321,0.1506,7.9691,3.0264,-12.1464,-225.6907,-4.0,0.0,0.0,0.0,0.0447,thin,False,-12.1464,-225.6907,-4.0,222.8,38.2099463490856,-225.7278095914473,12.115938966803135,225.69092196363437,12.784668286847602,thin,thin,thin,0.0447,12.788081676310954,True,True
9266431,2107201909944691968,284.3861,45.7197,2.5273,0.1421,8.0296,3.0966,7.3015,-229.0033,4.0,9.3613,-217.8294,0.38,0.056,thin,True,9.3613,-217.8294,0.38,218.03,0.5813776741499453,-217.8255452133704,9.4578407947027,217.8367257085877,9.196729449186018,thin,thin,thin,0.056,9.369009429496803,True,True
9267996,2107167893804088320,285.2226,45.7088,1.0487,0.3014,7.9043,3.0327,57.5711,-222.8619,5.0,63.0899,-184.0116,-7.35,0.9823,thick,True,63.0899,-184.0116,-7.35,189.78,43.33781951136905,-183.8683244488541,63.93007323921139,184.0562893135238,63.3868863735744,thick,thick,thick,0.9823,63.51659611479507,True,True
9269281,2106499562532338944,285.9679,45.7391,0.8684,0.3492,7.8638,3.0097,48.6436,-222.2334,4.0,0.0,0.0,0.0,0.3151,thin,False,48.6436,-222.2334,4.0,226.7,19.4164878389476,-222.06929481000265,49.54915037201084,222.24671902947625,48.74716279572616,thin,thin,thin,0.3151,48.80778442994519,True,True
9271752,2130282789316404736,287.4528,45.7044,0.9606,0.2996,7.8948,3.0226,21.0578,-218.2435,14.0,0.0,0.0,0.0,0.0561,thin,False,21.0578,-218.2435,14.0,219.2,14.866068747318506,-218.1637190971317,25.96597138001608,218.23426414496168,25.366236478971143,thin,thin,thin,0.0561,25.286971760968136,True,True
9272070,2130236678547566976,287.6355,45.716,0.438,0.6167,7.6354,2.8813,-21.644,-221.84,7.0,0.0,0.0,0.0,0.0484,thin,False,-21.644,-221.84,7.0,208.8,78.31347265956222,-222.1076503597301,19.965761985957275,221.9650395640964,21.49328293465496,thick,thin,thin,0.0484,22.747807278944492,False,True
9278725,2127431274629643008,290.9536,45.7196,1.583,0.1689,7.9915,3.068,22.096,-231.8029,-9.0,0.0,0.0,0.0,0.0474,thin,False,22.096,-231.8029,-9.0,232.8,10.295630140987,-231.77467441464407,24.13172807707182,231.81864459320377,23.70561155021907,thin,thin,thin,0.0474,23.858608844607854,True,True
9279354,2127435363438637952,291.2244,45.7781,1.7851,0.1512,8.0071,3.0762,15.2285,-232.5018,-6.0,0.0,0.0,0.0,0.0428,thin,False,15.2285,-232.5018,-6.0,233.0,6.0,-232.48764565416465,16.567879109396586,232.5144086822112,16.187950925354233,thin,thin,thin,0.0428,16.36787134144205,True,True
9279669,2126684019040772480,291.3546,45.7479,0.6878,0.3509,7.8294,2.9724,-44.6147,-231.7225,-14.0,0.0,0.0,0.0,0.2516,thin,False,-44.6147,-231.7225,-14.0,220.9,84.17244204607586,-231.9670116641829,45.53147811776842,231.76231160570472,46.56222631254037,thick,thin,thin,0.2516,46.75972044495134,False,True
9285265,2127985806448631808,293.6298,45.7406,0.449,0.4676,7.7025,2.883,29.1705,-223.6778,-19.0,29.8909,-232.5796,-16.95,0.0822,thin,True,29.8909,-232.5796,-16.95,232.49,34.9633937139975,-232.19832035140703,36.85076696603952,232.426782842793,35.38120429478272,thin,thin,thin,0.0822,34.362310789730074,True,True
9285568,2128008479575522432,293.7432,45.7615,0.7811,0.2788,7.8796,2.9926,-36.3122,-216.1851,24.0,0.0,0.0,0.0,0.2071,thin,False,-36.3122,-216.1851,24.0,208.4,72.11102550927978,-216.3849930239595,42.52169792025,216.2386896483333,43.25955500432007,thin,thin,thin,0.2071,43.52672591454588,True,True
9288237,2080050329294150016,294.7168,45.7813,1.2133,0.1824,7.9666,3.0438,33.9186,-222.8532,7.0,32.7622,-229.8093,8.39,0.0779,thin,True,32.7622,-229.8093,8.39,231.91,13.18411923489772,-229.76434650408345,34.123513528818826,229.8505464944305,33.53796917244169,thin,thin,thin,0.0779,33.819430049011764,True,True
9305831,2085222191474854656,300.1024,45.7622,0.8719,0.1788,7.9423,3.0058,56.5302,-214.3206,30.0,0.0,0.0,0.0,0.8912,thick,False,56.5302,-214.3206,30.0,220.0,40.36087214122113,-214.0689265052532,64.83436361134821,214.28058154103505,64.13136810045317,thin,thick,thick,0.8912,63.9973711338208,False,True
9334289,2130250731680096384,288.1647,45.8164,0.7408,0.3703,7.836,2.9874,-82.4767,-231.206,-8.0,0.0,0.0,0.0,0.9988,thick,False,-82.4767,-231.206,-8.0,215.8,117.27318534089538,-231.71370090602295,81.43341336597736,231.3635978066505,82.42284640779218,thick,thick,thick,0.9988,82.86378004224764,True,True
9336200,2127307888808670976,289.1472,45.8661,0.9357,0.2904,7.8976,3.018,-18.3008,-225.8776,-3.0,0.0,0.0,0.0,0.0432,thin,False,-18.3008,-225.8776,-3.0,221.9,46.09772228646444,-225.93619150315928,17.817052759863053,225.87544154404108,18.57134640472984,thin,thin,thin,0.0432,18.545060815214384,True,True
9340411,2127438107916651264,291.0528,45.8352,1.1312,0.228,7.9414,3.0381,39.233,-232.4906,-14.0,40.5527,-224.2903,-16.22,0.1855,thin,True,40.5527,-224.2903,-16.22,227.28,23.612581392130764,-224.21906432939755,44.04047673730932,224.3328508326434,43.45715634160799,thin,thin,thin,0.1855,43.67619348443726,True,True
9347009,2128009617747394432,293.6819,45.8175,1.3063,0.1787,7.9749,3.0515,-32.3493,-231.0462,-16.0,0.0,0.0,0.0,0.0927,thin,False,-32.3493,-231.0462,-16.0,227.2,55.36244214266564,-231.0994621576337,35.74742774595711,231.0210024749906,36.251019509117,thin,thin,thin,0.0927,36.0898491336553,True,True
9347899,2128013019361703936,294.023,45.8531,0.6013,0.3489,7.8148,2.9492,-19.5997,-228.8704,-14.0,-19.4005,-257.6636,-8.14,0.1056,thin,True,-19.4005,-257.6636,-8.14,249.2,68.79328237553432,-257.8332565591207,18.845888467213086,257.7383725025848,20.10191631956616,thick,thin,thin,0.1056,21.038987624170517,False,True
9349757,2080057269961317120,294.694,45.8668,0.8909,0.2379,7.9156,3.0104,4.866,-220.2574,8.0,4.6902,-221.2187,8.32,0.0516,thin,True,4.6902,-221.2187,8.32,219.93,25.684867140010677,-221.1961245060415,10.059413676143327,221.2150671198896,9.633866261410416,thin,thin,thin,0.0516,9.550935872468205,True,True
9351316,2080018374737161984,295.2512,45.843,2.1289,0.1104,8.0352,3.0862,-0.1327,-232.2641,-6.0,-0.5765,-232.9297,-5.48,0.0567,thin,True,-0.5765,-232.9297,-5.48,232.54,14.551316091680508,-232.9300599936129,5.493591846131842,232.9292299563504,5.528673615038822,thin,thin,thin,0.0567,5.5102406707874385,True,True
9351920,2080016106994504704,295.4634,45.8128,1.128,0.187,7.9595,3.0367,26.7389,-225.3389,1.0,22.5996,-274.3718,10.32,0.3584,thin,True,22.5996,-274.3718,10.32,275.23,12.065027973444572,-274.3244271837617,25.36190943720514,274.3890559473369,24.652865479072965,thick,thin,thin,0.3584,24.84440218962815,False,True
9364290,2085261705174452736,299.1362,45.87,1.074,0.16,7.9713,3.0309,64.4352,-226.7716,-14.0,66.2112,-198.7441,-18.85,0.981,thick,True,66.2112,-198.7441,-18.85,204.84,47.73910451610922,-198.56430724932687,69.35894741556362,198.76361038434365,68.785717172832,thin,thick,thick,0.981,68.84217824444546,False,True
9364609,2085258750237006208,299.2371,45.8348,2.3751,0.084,8.0529,3.0912,50.7887,-232.838,-4.0,48.5384,-250.5638,-0.91,0.4325,thin,True,48.5384,-250.5638,-0.91,252.69,35.87154443287883,-250.5378947182392,48.6802538012333,250.6029282675553,48.344349656671454,thick,thin,thin,0.4325,48.546929610017564,False,True
9366617,2085225627448615424,299.8618,45.8274,1.0611,0.1541,7.9733,3.0298,40.6315,-209.474,66.0,0.0,0.0,0.0,0.9961,thick,False,40.6315,-209.474,66.0,212.7,68.15423684555495,-209.34813009288845,77.84375650372385,209.47259712684053,77.50819990772806,thin,thick,thick,0.9961,77.5043146686041,False,True
9390228,2107188470987780736,284.6723,45.9738,0.8601,0.3705,7.86,3.0089,-12.6984,-229.9004,-10.0,0.0,0.0,0.0,0.0424,thin,False,-12.6984,-229.9004,-10.0,226.2,44.14748010928823,-229.9391745662372,15.601794762061738,229.894058322474,16.25305965112185,thin,thin,thin,0.0424,16.163210156401483,True,True
9390653,2107186134525176960,284.922,45.9723,10.0632,0.051,8.0992,3.1303,-11.2775,-241.0428,-5.0,0.0,0.0,0.0,0.0513,thin,False,-11.2775,-241.0428,-5.0,240.9,14.866068747318506,-241.04326192221632,12.327038650779503,241.03990116827524,12.392580231255245,thin,thin,thin,0.0513,12.336207125774113,True,True
9391506,2106520040936657536,285.4355,45.976,0.845,0.365,7.8602,3.0069,-25.3025,-215.4479,16.0,0.0,0.0,0.0,0.0742,thin,False,-25.3025,-215.4479,16.0,210.1,56.32051136131489,-215.54889655256756,29.20073963053895,215.4566162737108,29.87401050885105,thin,thin,thin,0.0742,29.936875358827947,True,True
9395024,2130309796070517888,287.4053,45.918,0.8153,0.3516,7.8583,3.0009,-11.0782,-199.9281,47.0,0.0,0.0,0.0,0.5107,thick,False,-11.0782,-199.9281,47.0,196.4,61.07372593840988,-199.97430638537492,48.09612027688102,199.93317540851243,48.266814386998696,thick,thick,thick,0.5107,48.28795414220818,True,True
9401997,2127452543307810432,290.9834,45.9733,1.2054,0.2159,7.9546,3.0449,50.9559,-225.0327,2.0,0.0,0.0,0.0,0.3821,thin,False,50.9559,-225.0327,2.0,228.9,29.068883707497267,-224.93004016460696,51.44596224727744,225.06409757136075,50.856287560035256,thin,thin,thin,0.3821,50.9951345209521,True,True
9405595,2126749165104841088,292.4642,45.9683,0.736,0.3158,7.8599,2.9832,20.2609,-221.9826,-1.0,0.0,0.0,0.0,0.0461,thin,False,20.2609,-221.9826,-1.0,222.4,15.033296378372908,-221.8732776536731,21.447812550842286,221.96458331888715,20.481302499421343,thin,thin,thin,0.0461,20.285563063666732,True,True
9406990,2128047069862606208,293.0182,45.9147,1.0511,0.2224,7.9392,3.0306,-7.2033,-206.1672,50.0,0.0,0.0,0.0,0.4997,thin,False,-7.2033,-206.1672,50.0,204.1,58.30951894845301,-206.1885206932828,50.42919724044494,206.16765544356525,50.51443208532934,thin,thin,thin,0.4997,50.516210575319285,True,True
9410930,2080061942886335744,294.5132,45.9816,0.9283,0.234,7.923,3.0146,39.7198,-224.2757,-4.0,39.8219,-222.075,-4.02,0.1344,thin,True,39.8219,-222.075,-4.02,225.33,12.06916732836197,-221.9542208767608,40.68903457923408,222.09274853156967,39.92599090433404,thin,thin,thin,0.1344,40.02429411757314,True,True
9411412,2080058266393766656,294.7095,45.9696,2.661,0.0953,8.052,3.0972,31.4717,-235.436,-8.0,34.4773,-217.0045,-11.66,0.1089,thin,True,34.4773,-217.0045,-11.66,218.32,27.422399603244063,-216.9877203451928,36.49574796324087,217.02844361985183,36.25279382261145,thin,thin,thin,0.1089,36.39560159263753,True,True
9415108,2080390353264322944,296.0423,45.9851,1.2978,0.1621,7.9848,3.0502,-9.8489,-221.3216,19.0,0.0,0.0,0.0,0.0474,thin,False,-9.8489,-221.3216,19.0,219.5,35.510561809129406,-221.3369140919808,21.241950481043883,221.3128632381795,21.49108106445246,thin,thin,thin,0.0474,21.40095397897019,True,True
9415172,2080202611655694336,296.0643,45.9768,0.9487,0.2128,7.9353,3.0168,-46.6783,-238.4655,-40.0,-410.6876,-242.0965,-299.4,1.0,thick,True,-410.6876,-242.0965,-299.4,189.09,530.2455816883343,-243.26323583738392,507.67942945319874,241.87308442832295,508.3432069272976,thick,thick,thick,1.0,508.23681959669153,True,True
9450647,2107236613280607104,284.5558,46.0639,1.8192,0.189,7.9973,3.079,37.7763,-234.8961,-7.0,96.6665,-238.3269,-24.78,1.0,thick,True,96.6665,-238.3269,-24.78,243.91,85.24131627327209,-238.256798469153,99.95933214677554,238.4192093422969,99.5713348137606,thick,thick,thick,1.0,99.79208697211418,True,True
9451706,2107266570672734592,285.1899,46.0281,2.8235,0.1262,8.0426,3.1015,32.0964,-226.3958,15.0,32.2316,-228.0217,15.23,0.0891,thin,True,32.2316,-228.0217,15.23,229.13,27.64376602418708,-228.0002051493097,35.78604688803558,228.0349061158204,35.564255830102454,thin,thin,thin,0.0891,35.648687753688776,True,True
9455325,2130326460543631360,287.2567,46.0667,2.2243,0.1454,8.0243,3.0899,-22.3101,-226.7561,4.0,-25.0417,-241.3068,7.93,0.0603,thin,True,-25.0417,-241.3068,7.93,239.69,38.309728529447966,-241.32179508115013,26.12896130372143,241.2871222605191,26.447231069382337,thin,thin,thin,0.0603,26.26731122307725,True,True
9455556,2130315224909221120,287.392,46.0593,0.7278,0.3928,7.8295,2.9837,-6.818,-237.0201,-27.0,0.0,0.0,0.0,0.0588,thin,False,-6.818,-237.0201,-27.0,233.0,51.62363799656123,-237.0507612963526,27.5850787350638,237.0238678981187,27.815212503505567,thin,thin,thin,0.0588,27.847533535306138,True,True
9457728,2127348089702807424,288.5996,46.0318,3.3756,0.0992,8.0585,3.1072,6.7152,-224.3017,17.0,7.0712,-223.5991,17.0,0.0442,thin,True,7.0712,-223.5991,17.0,223.71,17.01130212535184,-223.59803015501535,18.424695677183514,223.60440114028205,18.347214793963445,thin,thin,thin,0.0442,18.412003406473723,True,True
9457948,2127347161989889152,288.7086,46.0182,0.7614,0.3557,7.8501,2.9911,52.1198,-217.0398,8.0,0.0,0.0,0.0,0.4811,thin,False,52.1198,-217.0398,8.0,222.4,20.615528128088304,-216.73550257965547,53.96741536838836,216.9565800944428,53.07167185725016,thin,thin,thin,0.4811,52.73019582781767,True,True
9458343,2127359737653864832,288.9241,46.0576,1.4376,0.2007,7.9759,3.061,-9.8477,-238.1671,-24.0,0.0,0.0,0.0,0.0553,thin,False,-9.8477,-238.1671,-24.0,236.6,37.64306044943742,-238.1795003036307,25.828000989483733,238.158175927948,26.023897453543903,thin,thin,thin,0.0553,25.94180400993732,True,True
9466429,2126749714860677632,292.4779,46.0228,0.7496,0.3084,7.8678,2.9874,6.146,-221.7887,3.0,0.0,0.0,0.0,0.0566,thin,False,6.146,-221.7887,3.0,220.1,28.16025568065745,-221.74517262635229,8.129478267959664,221.7754741142066,7.255968675433012,thin,thin,thin,0.0566,6.8391019878343675,True,True
9466668,2128250926189039488,292.5804,46.0974,0.9736,0.2447,7.9254,3.0217,5.9373,-224.9039,-2.0,0.0,0.0,0.0,0.0556,thin,False,5.9373,-224.9039,-2.0,224.0,21.095023109728988,-224.88302301198289,6.973231746614062,224.90370385557813,6.2708844705060685,thin,thin,thin,0.0556,6.265104252125418,True,True
9468551,2128074351495006720,293.3117,46.0417,0.746,0.3009,7.87,2.985,-22.1456,-231.5894,-19.0,0.0,0.0,0.0,0.0589,thin,False,-22.1456,-231.5894,-19.0,225.3,61.032778078668514,-231.6996530238129,28.29064843096917,231.60725174933987,29.037405826242583,thin,thin,thin,0.0589,29.17923232986091,True,True
9472000,2080062664440262784,294.5669,46.0757,0.925,0.2341,7.9249,3.0146,-73.5074,-229.6583,-6.0,0.0,0.0,0.0,0.9852,thick,False,-73.5074,-229.6583,-6.0,218.5,102.1763181955584,-229.91272195213023,72.95471392968673,229.6593276479481,73.7485133700499,thick,thick,thick,0.9852,73.75186678830578,True,True
9474756,2080024971807131392,295.5538,46.0291,0.7043,0.2838,7.8714,2.9753,24.0596,-215.8952,14.0,23.9803,-224.426,16.1,0.0589,thin,True,23.9803,-224.426,16.1,225.3,21.00452570280986,-224.27451170187004,30.03703548767382,224.38824243046105,29.175276502008398,thin,thin,thin,0.0589,28.883642223410813,True,True
9475552,2080388566557873280,295.8216,46.0531,2.0651,0.1114,8.0353,3.0842,18.7549,-239.218,-31.0,0.0,0.0,0.0,0.1048,thin,False,18.7549,-239.218,-31.0,239.9,31.400636936215164,-239.2048565894009,36.31868092379115,239.2335887536689,36.12893593839219,thin,thin,thin,0.1048,36.23184061029745,True,True
9479273,2080165846735990144,297.0456,46.0274,0.8512,0.2211,7.9231,3.0035,18.7867,-215.1617,26.0,0.0,0.0,0.0,0.0847,thin,False,18.7867,-215.1617,26.0,215.7,28.231188426986208,-215.0703030613403,32.68416651994101,215.14374776349,32.197170656438395,thin,thin,thin,0.0847,32.07709614179563,True,True
9479306,2080262805615534208,297.0566,46.0836,0.5342,0.3361,7.811,2.9236,-2.4682,-206.2124,58.0,0.0,0.0,0.0,0.7784,thick,False,-2.4682,-206.2124,58.0,200.8,74.65252842335616,-206.22696158907783,58.00069235566941,206.22149639715727,58.020120852315245,thick,thick,thick,0.7784,58.05249358330786,True,True
9480310,2080249100380387712,297.3523,46.0959,0.7039,0.2588,7.886,2.9747,4.7519,-220.8787,5.0,0.0,0.0,0.0,0.0574,thin,False,4.7519,-220.8787,5.0,218.6,32.38826948140329,-220.84462837699877,7.912655497702638,220.87043261124532,7.156255873103187,thin,thin,thin,0.0574,6.897865873587279,True,True
9489524,2085281530744134272,299.8966,46.0519,3.9913,0.0574,8.0824,3.1115,-16.8377,-238.115,-20.0,-17.4297,-242.3747,-19.16,0.0613,thin,True,-17.4297,-242.3747,-19.16,241.74,31.27593323947345,-242.3771979068289,25.878669495047333,242.36329831639563,26.008522241715585,thin,thin,thin,0.0613,25.9017382059583,True,True
9509343,2107100995392951424,282.7606,46.1778,1.0834,0.3176,7.9119,3.0378,1.049,-222.3884,5.0,0.0,0.0,0.0,0.0608,thin,False,1.049,-222.3884,5.0,221.3,22.56102834535696,-222.38489841566212,5.258037338744242,222.38862653186231,5.09792009273023,thin,thin,thin,0.0608,5.108855155511849,True,True
9512687,2107285644626768640,284.6888,46.1721,1.4036,0.2367,7.9631,3.0607,-72.6389,-217.6851,12.0,-78.5679,-251.7058,22.73,0.9992,thick,True,-78.5679,-251.7058,22.73,244.53,101.24449861597418,-251.8268838442908,81.41615302428674,251.6546940665661,81.94683858614101,thick,thick,thick,0.9992,81.78977815356879,True,True
9513865,2106546978971754368,285.3913,46.1809,0.987,0.319,7.8995,3.026,8.1383,-217.4129,14.0,0.0,0.0,0.0,0.0498,thin,False,8.1383,-217.4129,14.0,216.9,22.02271554554524,-217.38975972365893,16.501586811267995,217.41630909900564,16.148019623645848,thin,thin,thin,0.0498,16.19357671701962,True,True
9517393,2130321925058256384,287.4776,46.1412,0.714,0.3972,7.8278,2.9815,27.8128,-222.4105,0.0,26.9416,-241.2909,5.44,0.0636,thin,True,26.9416,-241.2909,5.44,242.5,13.057201078332216,-241.1260843217632,28.8955352892786,241.2498881558045,27.84298771345876,thin,thin,thin,0.0636,27.485330825005548,True,True
9518318,2130363259822710272,288.0119,46.1176,1.0495,0.2757,7.9201,3.0314,19.848,-224.8812,1.0,0.0,0.0,0.0,0.0441,thin,False,19.848,-224.8812,1.0,225.7,5.0990195135927845,-224.8371251201256,20.365587831363573,224.8970688386999,19.692598298880625,thin,thin,thin,0.0441,19.873175488582593,True,True
9527334,2126801563705846528,292.2491,46.1648,1.4298,0.1768,7.9869,3.06,-15.8941,-235.0774,-22.0,-4.6176,-142.0589,-44.26,0.9993,thick,True,-4.6176,-142.0589,-44.26,141.21,47.124728115926565,-142.06674877528226,44.475195248821954,142.0567477929532,44.50712871540119,thick,thick,thick,0.9993,44.50022280573435,True,True
9530945,2128067720065692672,293.7281,46.1291,0.8455,0.2644,7.9029,3.0031,-18.7616,-220.3006,12.0,-20.1004,-246.1127,17.95,0.0724,thin,True,-20.1004,-246.1127,17.95,240.98,56.8008327403745,-246.19265080300747,26.208275231087384,246.1184580471858,26.896089092573146,thin,thin,thin,0.0724,26.948628539500856,True,True
9536108,2080400970423378816,295.6386,46.1326,1.0118,0.2052,7.948,3.0254,11.1462,-224.9241,3.0,0.0,0.0,0.0,0.0462,thin,False,11.1462,-224.9241,3.0,224.7,15.297058540778355,-224.8863106820476,12.25713130457438,224.92284223472183,11.56741289374646,thin,thin,thin,0.0462,11.54286682068194,True,True
9569711,2119099931425654912,282.1178,46.224,3.3945,0.1196,8.0532,3.1084,5.5734,-227.9406,7.0,6.4752,-222.2576,5.35,0.0527,thin,True,6.4752,-222.2576,5.35,222.35,5.426840701550027,-222.25669622711052,8.422237363664529,222.262331156496,8.27219734291341,thin,thin,thin,0.0527,8.399447305626722,True,True
9570741,2107102988257870336,282.7868,46.245,1.174,0.2954,7.9285,3.0457,38.992,-227.8132,-1.0,0.0,0.0,0.0,0.1177,thin,False,38.992,-227.8132,-1.0,230.5,17.029386365926403,-227.72841435812177,39.49707956210944,227.8309983764758,38.900979149351365,thin,thin,thin,0.1177,39.00482103535408,True,True
9574158,2107287740570843264,284.7198,46.2507,1.1319,0.287,7.9273,3.0415,-65.0906,-222.4214,3.0,0.0,0.0,0.0,0.8982,thick,False,-65.0906,-222.4214,3.0,214.8,87.05170877128145,-222.58510258964705,64.59808128076494,222.40748655522785,65.20697757284991,thick,thick,thick,0.8982,65.15969773072922,True,True
9578686,2130322955850385280,287.3327,46.2034,1.9421,0.1632,8.0117,3.0824,-47.8368,-224.0207,5.0,0.0,0.0,0.0,0.2893,thin,False,-47.8368,-224.0207,5.0,220.8,61.20457499239743,-224.06174257571735,47.90590270449939,223.98573005099627,48.260053186069285,thin,thin,thin,0.2893,48.09739529579538,True,True
9579641,2130368310704421120,287.8872,46.2761,2.1488,0.1476,8.0234,3.0878,-50.0028,-224.5127,5.0,-52.0429,-238.7029,8.92,0.4818,thin,True,-52.0429,-238.7029,8.92,235.56,65.41105716925847,-238.73070154855165,52.67610595076651,238.65587733111923,53.014075633870746,thin,thin,thin,0.4818,52.80179770055183,True,True
9580992,2127376986242824576,288.6425,46.2156,1.3616,0.2126,7.9696,3.0569,-20.9143,-214.7381,24.0,0.0,0.0,0.0,0.0845,thin,False,-20.9143,-214.7381,24.0,212.2,45.79301256742124,-214.7752481508055,31.582159232071263,214.72751617397623,31.90507479625716,thin,thin,thin,0.0845,31.83406892764417,True,True
9581589,2127369324021264384,288.9718,46.2652,0.8614,0.3168,7.8864,3.0082,6.5355,-221.6995,4.0,7.127,-210.2391,1.26,0.0787,thin,True,7.127,-210.2391,1.26,209.32,20.927964545077003,-210.20473082481615,8.17393655875683,210.2330312447962,7.410443551134177,thin,thin,thin,0.0787,7.237522297029558,True,True
9583881,2127518891962700672,290.1196,46.2737,1.0395,0.2578,7.9287,3.0295,-36.5111,-229.9267,-11.0,0.0,0.0,0.0,0.1092,thin,False,-36.5111,-229.9267,-11.0,224.4,62.96824596572466,-230.0080287856531,37.63863300039164,229.89739472002097,38.30858782240471,thin,thin,thin,0.1092,38.13214422518094,True,True
9588822,2126802319620058752,292.1343,46.2024,0.9201,0.2637,7.9132,3.0147,-11.9837,-222.1032,7.0,-13.4921,-241.4094,11.81,0.0499,thin,True,-13.4921,-241.4094,11.81,237.76,45.49944724938974,-241.4531479406332,17.3318968828771,241.40771807426617,17.953577754185954,thin,thin,thin,0.0499,17.930779749079516,True,True
9588862,2126802285260331520,292.1554,46.2046,0.6827,0.3434,7.8446,2.9721,21.0572,-217.8703,11.0,0.0,0.0,0.0,0.0539,thin,False,21.0572,-217.8703,11.0,218.3,19.4164878389476,-217.7201494548582,25.09634478074871,217.82376331792895,24.18053212844726,thin,thin,thin,0.0539,23.757223571789698,True,True
9589323,2128256286308183552,292.354,46.2262,1.1807,0.2086,7.9603,3.0429,-2.6819,-236.7169,-27.0,-0.4734,-218.3297,-30.83,0.0724,thin,True,-0.4734,-218.3297,-30.83,217.22,37.86883943296916,-218.3302172526202,30.83007678264286,218.32961368430963,30.834350787070598,thin,thin,thin,0.0724,30.833634355359408,True,True
9589524,2128258141734121600,292.4462,46.2898,1.7602,0.1474,8.0135,3.0752,-6.673,-216.0196,29.0,0.0,0.0,0.0,0.0723,thin,False,-6.673,-216.0196,29.0,215.1,35.805027579936315,-216.0270623256244,29.703843908841066,216.0152266547664,29.789794448601103,thin,thin,thin,0.0723,29.757838110319774,True,True
9590976,2128268380936413568,293.0377,46.2775,0.9137,0.2552,7.9182,3.0138,20.1808,-219.8206,12.0,0.0,0.0,0.0,0.0512,thin,False,20.1808,-219.8206,12.0,220.6,14.422205101855956,-219.74366249144663,24.188484757114924,219.8157812924406,23.52407904241766,thin,thin,thin,0.0512,23.479026569259638,True,True
9596064,2080091664059732480,294.9505,46.2422,0.8818,0.2405,7.9211,3.0088,30.6121,-206.5656,51.0,0.0,0.0,0.0,0.8186,thick,False,30.6121,-206.5656,51.0,208.8,51.0881590977792,-206.43174214934788,59.94477319320812,206.54503824315424,59.55322977919785,thin,thick,thick,0.8186,59.48193563099641,False,True
9597058,2080453025427246848,295.3132,46.2375,2.4213,0.1009,8.0481,3.0928,9.3477,-232.2205,-5.0,7.5702,-246.244,-2.26,0.0681,thin,True,7.5702,-246.244,-2.26,246.32,4.99991999935999,-246.239577804792,8.038154173551707,246.24941859109063,7.730811312521769,thin,thin,thin,0.0681,7.90034986820204,True,True
9597345,2080452613110460928,295.4129,46.2666,1.4932,0.1493,8.0036,3.0625,78.0535,-225.4384,10.0,81.3813,-198.1903,4.67,0.9993,thick,True,81.3813,-198.1903,4.67,204.0,65.63634511457809,-198.07339425144292,81.79890151898398,198.24689602364336,81.37750313809545,thin,thick,thick,0.9993,81.51518195827082,False,True
9597806,2080406364902715776,295.5773,46.2547,0.9806,0.2123,7.9444,3.022,-25.1434,-226.5202,-4.0,0.0,0.0,0.0,0.0499,thin,False,-25.1434,-226.5202,-4.0,221.9,52.15361924162119,-226.6102170400665,24.64588267954647,226.52947234583087,25.377315829682384,thin,thin,thin,0.0499,25.459586869389693,True,True
9602613,2080271674728481280,297.1488,46.2969,4.1224,0.0635,8.081,3.1128,-6.3024,-232.4782,7.0,-5.8271,-227.1023,6.02,0.05,thin,True,-5.8271,-227.1023,6.02,226.84,13.757081812651984,-227.1038150115248,8.336672430359735,227.099341501494,8.45765863509567,thin,thin,thin,0.05,8.378275145279009,True,True
9604563,2080276656890806016,297.6966,46.2646,1.0859,0.1752,7.9707,3.0323,-12.3149,-226.9974,-5.0,-12.6892,-230.1873,-4.81,0.0434,thin,True,-12.6892,-230.1873,-4.81,227.43,38.025445428028846,-230.217684472472,13.044430080818085,230.18081362219968,13.6796359681889,thin,thin,thin,0.0434,13.570257795635277,True,True
9605514,2079523903745213056,297.9516,46.2647,0.6799,0.2586,7.8874,2.9698,18.3418,-222.7428,-9.0,0.0,0.0,0.0,0.0456,thin,False,18.3418,-222.7428,-9.0,222.6,21.93171219946131,-222.5952023760544,21.98035211645571,222.6878973798359,21.0204747935833,thin,thin,thin,0.0456,20.430898835831965,True,True
9605552,2079523697586769664,297.9606,46.2279,1.9746,0.105,8.0385,3.0812,12.2322,-235.5911,-23.0,0.0,0.0,0.0,0.0531,thin,False,12.2322,-235.5911,-23.0,235.9,23.08679276123039,-235.5815097726912,26.13737272985536,235.60122141779945,25.95909217289841,thin,thin,thin,0.0531,26.050464810440523,True,True
9607164,2085519781168726912,298.3849,46.276,1.8704,0.1074,8.0357,3.078,-5.1077,-234.399,-24.0,0.0,0.0,0.0,0.0495,thin,False,-5.1077,-234.399,-24.0,233.6,31.240998703626616,-234.404031868189,24.4889739257698,234.3953898212131,24.57155327938272,thin,thin,thin,0.0495,24.53749374508326,True,True
9631995,2107114704928577792,282.6296,46.3233,1.3912,0.2544,7.9591,3.0608,-30.9494,-225.0297,1.0,-31.998,-229.0574,2.04,0.0692,thin,True,-31.998,-229.0574,2.04,225.73,50.411293377575625,-229.11150545635115,31.674113523891645,229.04155284031373,32.17605433389521,thin,thin,thin,0.0692,32.0629631194623,True,True
9634821,2107244481660894592,284.3427,46.3166,1.6888,0.204,7.9899,3.0742,12.0748,-223.394,11.0,0.0,0.0,0.0,0.0441,thin,False,12.0748,-223.394,11.0,223.7,11.40175425099138,-223.383552775192,16.476600059873295,223.40541615752431,16.177454419140258,thin,thin,thin,0.0441,16.33403792820379,True,True
9636135,2107279803471399168,285.0571,46.3206,0.4644,0.6445,7.6658,2.9,-24.161,-244.6865,-35.0,0.0,0.0,0.0,0.2098,thin,False,-24.161,-244.6865,-35.0,231.8,89.15716460273958,-244.99219273640745,40.73162773824523,244.84397657212727,41.61330479963821,thick,thin,thin,0.2098,42.52944769215796,False,True
9639106,2130521074101110272,286.8581,46.3117,1.2954,0.2377,7.9574,3.053,28.9596,-235.5614,-16.0,0.0,0.0,0.0,0.0777,thin,False,28.9596,-235.5614,-16.0,237.2,17.88854381999832,-235.5116573107568,33.437991428024574,235.5815329190149,32.942090818997585,thin,thin,thin,0.0777,33.08562274100338,True,True
9640123,2130419094397661184,287.5108,46.39,1.0563,0.2799,7.9242,3.0327,46.8441,-244.3555,-38.0,47.6923,-235.9233,-40.25,0.8378,thick,True,47.6923,-235.9233,-40.25,239.71,45.7554379281851,-235.8037851075265,62.85713268168895,235.9461631746756,62.32056067743103,thin,thick,thick,0.8378,62.40687445538352,False,True
9643874,2127698215436676864,289.6038,46.3149,0.7241,0.3635,7.8467,2.9825,-25.1977,-234.3498,-22.0,0.0,0.0,0.0,0.0784,thin,False,-25.1977,-234.3498,-22.0,227.4,65.7875368135941,-234.49164061887885,32.44118493314582,234.38440343397997,33.207099043688515,thin,thin,thin,0.0784,33.45032264851866,True,True
9649706,2126806992544494720,292.0444,46.329,1.0031,0.2453,7.9322,3.0255,-23.6401,-228.8806,-11.0,0.0,0.0,0.0,0.0507,thin,False,-23.6401,-228.8806,-11.0,224.6,51.19570294468082,-228.9542045584905,25.41913088578959,228.8803552909514,26.0757159419994,thin,thin,thin,0.0507,26.07401633830124,True,True
9650808,2128263364414395136,292.4996,46.3243,0.9802,0.2449,7.9304,3.023,-51.2023,-229.4724,-10.0,-49.6196,-209.545,-14.39,0.5036,thick,True,-49.6196,-209.545,-14.39,202.2,75.45486730489955,-209.7254408800291,50.92657899051752,209.56548381852105,51.58085877444438,thick,thick,thick,0.5036,51.66407653447413,True,True
9650989,2128263776731304960,292.5733,46.3668,0.9428,0.2538,7.9237,3.018,15.0509,-226.5731,-6.0,14.3011,-240.8142,-2.83,0.0494,thin,True,14.3011,-240.8142,-2.83,240.74,15.756233687020512,-240.760760356207,15.43576278326033,240.81072661759293,14.63558833484097,thin,thin,thin,0.0494,14.578421080830394,True,True
9651602,2128273294378946432,292.8296,46.3657,1.0707,0.2237,7.9482,3.0327,-28.8152,-214.9045,26.0,0.0,0.0,0.0,0.1399,thin,False,-28.8152,-214.9045,26.0,210.5,58.137767414994535,-214.9904309700784,38.33229175642872,214.9057496190648,38.804236632974295,thin,thin,thin,0.1399,38.81128381076823,True,True
9651668,2128273225659492608,292.8557,46.3912,1.2638,0.1937,7.9742,3.0489,21.4551,-220.0588,15.0,19.3619,-241.7355,19.53,0.0644,thin,True,19.3619,-241.7355,19.53,242.49,19.772936049054525,-241.6973981895105,27.83409435245199,241.74640713655435,27.40517718547529,thin,thin,thin,0.0644,27.500983102609258,True,True
9654468,2128117541685424128,294.0054,46.3107,1.6009,0.1499,8.0076,3.0682,7.9117,-230.34,-7.0,8.4677,-225.3558,-8.5,0.0455,thin,True,8.4677,-225.3558,-8.5,225.37,11.727591398066355,-225.34416690341524,12.213915940669215,225.36106990689012,11.8979607673658,thin,thin,thin,0.0455,11.997997469994734,True,True
9655711,2128131560458878336,294.444,46.336,0.5641,0.3701,7.8105,2.936,7.3902,-211.7518,28.0,0.0,0.0,0.0,0.0798,thin,False,7.3902,-211.7518,28.0,208.8,45.60701700396552,-211.6717536062907,29.538258669694127,211.7219804995835,29.17606850372362,thin,thin,thin,0.0798,28.958851082872744,True,True
9656252,2128129876831370880,294.6482,46.3923,0.651,0.3212,7.8544,2.9634,-27.1688,-232.8011,-23.0,0.0,0.0,0.0,0.0903,thin,False,-27.1688,-232.8011,-23.0,224.3,71.78439941937245,-233.01169019463845,34.191259594198264,232.88378531459597,35.051854980089146,thin,thin,thin,0.0903,35.59696185687762,True,True
9664142,2080269819302745216,297.3395,46.3472,0.6782,0.2721,7.8812,2.9676,-5.516,-234.2939,-37.0,0.0,0.0,0.0,0.1061,thin,False,-5.516,-234.2939,-37.0,229.8,59.033888572581766,-234.3212817271467,37.23676851912844,234.29869284331716,37.37863737367827,thin,thin,thin,0.1061,37.4089061053648,True,True
9693803,2107482938244622336,283.1164,46.4427,0.6224,0.524,7.7715,2.962,33.0079,-198.598,35.0,0.0,0.0,0.0,0.527,thick,False,33.0079,-198.598,35.0,201.3,35.12833614050059,-198.32265765555343,49.23224005098849,198.49492273070229,48.533036687729854,thin,thick,thick,0.527,48.10947372825855,False,True
9696358,2107342716152550272,284.5937,46.4497,1.6069,0.2095,7.9868,3.0716,-16.1814,-226.7866,2.0,-17.389,-234.2995,4.23,0.0436,thin,True,-17.389,-234.2995,4.23,232.51,33.99420244688791,-234.3320975650636,17.46350339300568,234.2993277398907,17.89779094288611,thin,thin,thin,0.0436,17.896095132737756,True,True
9701962,2130376453962481024,287.9372,46.4185,1.1053,0.2646,7.9349,3.0374,-1.6614,-214.8383,20.0,0.0,0.0,0.0,0.0546,thin,False,-1.6614,-214.8383,20.0,213.5,31.240998703626616,-214.84161796095745,20.033202238234924,214.83747929975567,20.07753690388938,thin,thin,thin,0.0546,20.068887611424806,True,True
9702006,2130377106797534336,287.9681,46.4706,1.6481,0.1857,7.9959,3.0715,-2.4349,-222.2168,11.0,0.0,0.0,0.0,0.0482,thin,False,-2.4349,-222.2168,11.0,221.5,21.095023109728988,-222.21902834926792,11.222897999503266,222.21444007980912,11.313382342028408,thin,thin,thin,0.0482,11.266265486397877,True,True
9702072,2130397585201614080,288.0081,46.4736,2.5271,0.1287,8.0395,3.0959,34.2742,-223.9673,18.0,38.7405,-197.5355,9.97,0.312,thin,True,38.7405,-197.5355,9.97,199.1,31.30031629233162,-197.5193086180678,40.08294553847663,197.56646410507676,39.84986902133334,thick,thin,thin,0.312,40.00284040227643,False,True
9702945,2130387414718853888,288.507,46.4067,1.0552,0.2702,7.9282,3.0322,27.0559,-218.9551,13.0,35.3842,-145.1756,-8.02,0.9972,thick,True,35.3842,-145.1756,-8.02,148.17,20.92771607223301,-145.0825296837292,36.65211836401591,145.18856530721328,36.22980408493897,thick,thick,thick,0.9972,36.28170351072286,True,True
9703198,2127385301299562112,288.6378,46.4214,0.9094,0.309,7.8976,3.0142,-60.8161,-217.8898,16.0,0.0,0.0,0.0,0.8549,thick,False,-60.8161,-217.8898,16.0,208.4,89.44271909999159,-218.06705341544188,62.26813161406741,217.8565468401752,63.00067459063091,thick,thick,thick,0.8549,62.885594687575306,True,True
9710326,2126820324123177472,291.863,46.4292,4.859,0.0686,8.0822,3.1175,-15.1677,-242.2358,-19.0,0.0,0.0,0.0,0.0576,thin,False,-15.1677,-242.2358,-19.0,241.8,28.319604517012596,-242.2381398519956,24.288342904468117,242.228450214445,24.38478842861125,thin,thin,thin,0.0576,24.311707535465295,True,True
9712350,2128262677219762816,292.7034,46.4158,0.9398,0.2552,7.9231,3.0166,-54.0523,-227.6119,-6.0,0.0,0.0,0.0,0.5143,thick,False,-54.0523,-227.6119,-6.0,219.1,82.21921916437786,-227.75839778960096,53.767297089530935,227.5756802799846,54.53549069277936,thick,thick,thick,0.5143,54.384291254828355,True,True
9714550,2128168256659148032,293.6193,46.4134,1.2099,0.1944,7.9714,3.0449,78.8663,-222.7276,10.0,81.0744,-200.1189,4.65,0.9992,thick,True,81.0744,-200.1189,4.65,207.01,61.55588436534723,-199.92095274002003,81.69381650726496,200.1346414174746,81.16891218132015,thin,thick,thick,0.9992,81.20764025238019,False,True
9716391,2128145338713986688,294.3416,46.4988,0.8115,0.2688,7.9055,2.9979,11.0422,-215.9448,22.0,0.0,0.0,0.0,0.0583,thin,False,11.0422,-215.9448,22.0,215.3,29.73213749463701,-215.885475110914,25.130691119325267,215.93180955070463,24.72940808345824,thin,thin,thin,0.0583,24.615649104583856,True,True
9717943,2080098840942920704,294.9116,46.4915,1.9189,0.1253,8.0295,3.0797,15.1792,-228.8994,1.0,19.5458,-195.3854,-5.96,0.1482,thin,True,19.5458,-195.3854,-5.96,196.22,9.525045931647783,-195.37450892039345,20.53816360133252,195.40663291777983,20.230242503144886,thick,thin,thin,0.1482,20.434282410694042,False,True
9729691,2085527924426959104,298.6079,46.4537,2.0598,0.0991,8.0454,3.0838,3.5179,-233.7875,-19.0,5.7788,-212.1106,-22.86,0.0642,thin,True,5.7788,-212.1106,-22.86,212.09,23.76341095045069,-212.1055544953968,23.62417304796623,212.1145179473682,23.543556994549814,thin,thin,thin,0.0642,23.579103660656823,True,True
9758032,2107311929826860800,285.2093,46.5409,1.0124,0.3144,7.911,3.0294,-24.0883,-197.1345,50.0,-28.7772,-232.5216,61.77,0.9452,thick,True,-28.7772,-232.5216,61.77,227.84,82.45530486269516,-232.61012905767143,67.84151206874327,232.52267916108428,68.14063821062618,thick,thick,thick,0.9452,68.14440651909737,True,True
9761615,2130434384481265408,287.403,46.574,1.2279,0.2465,7.9531,3.0477,35.9352,-232.3548,-10.0,36.5081,-226.9172,-11.17,0.1098,thin,True,36.5081,-226.9172,-11.17,229.34,18.76633421848817,-226.8542222712921,38.55091098388198,226.94731276718775,37.99905430076184,thin,thin,thin,0.1098,38.17866243872354,True,True
9761882,2130427821771278976,287.5697,46.5679,0.903,0.3223,7.8957,3.0147,48.2679,-220.364,6.0,51.6049,-182.9008,-4.67,0.8831,thick,True,51.6049,-182.9008,-4.67,187.96,28.43609326190924,-182.70032058318367,52.51824310467644,182.88173912035336,51.88296923186866,thick,thick,thick,0.8831,51.815775628760015,True,True
9763612,2130389785541178752,288.5616,46.5361,3.1338,0.1061,8.0564,3.1047,28.8165,-238.2987,-6.0,29.8099,-230.7869,-8.57,0.0651,thin,True,29.8099,-230.7869,-8.57,231.73,22.93158956548804,-230.7776028219244,31.086150224273783,230.8068122729582,30.868529417440826,thin,thin,thin,0.0651,31.01733447622474,True,True
9766437,2127717182012104960,290.068,46.5792,0.6919,0.3734,7.844,2.9756,44.1731,-227.3257,-15.0,44.865,-202.348,-21.34,0.5222,thick,True,44.865,-202.348,-21.34,206.98,23.921782960306285,-202.03552303115237,50.93740799774477,202.2466779494237,50.09244811767615,thin,thick,thick,0.5222,49.68162462118162,False,True
9772531,2128290027571986688,292.6571,46.5375,3.2296,0.0902,8.0639,3.1053,29.3585,-229.5851,11.0,0.0,0.0,0.0,0.0662,thin,False,29.3585,-229.5851,11.0,230.5,23.706539182259394,-229.5750302333396,31.425395675491934,229.60334346774744,31.21785816534483,thin,thin,thin,0.0662,31.351579262455026,True,True
9773980,2128091531364493952,293.2802,46.5601,0.9387,0.2499,7.9282,3.0164,12.2634,-241.6595,-47.0,0.0,0.0,0.0,0.3452,thin,False,12.2634,-241.6595,-47.0,241.3,50.32891812864648,-241.623111725528,48.75409603380027,241.6658032976689,48.54203865200136,thin,thin,thin,0.3452,48.57356255783593,True,True
9776794,2128146610024320768,294.3651,46.5018,0.8175,0.2685,7.9057,2.9979,-27.0376,-225.0937,-2.0,-24.7337,-207.4316,-5.89,0.0826,thin,True,-24.7337,-207.4316,-5.89,201.75,54.50915702888828,-207.52891739070543,24.61826855491155,207.4335268697349,25.409498821955445,thin,thin,thin,0.0826,25.4253419975032,True,True
9782691,2080334106374197376,296.4986,46.5772,0.9552,0.2111,7.949,3.018,4.6418,-223.9359,1.0,0.0,0.0,0.0,0.0606,thin,False,4.6418,-223.9359,1.0,222.8,23.021728866442675,-223.91969873455665,5.459717815547165,223.93647110848215,4.721960131122664,thin,thin,thin,0.0606,4.748295193014015,True,True
9787239,2080287892525359872,297.8423,46.5744,3.096,0.0759,8.0701,3.1032,15.6038,-223.5655,37.0,0.0,0.0,0.0,0.1337,thin,False,15.6038,-223.5655,37.0,224.0,37.65634076752546,-223.5588183682409,40.19271986063981,223.5747484346869,40.10401304565997,thin,thin,thin,0.1337,40.155679230215995,True,True
9811915,2119181879401940608,281.2294,46.6818,0.9272,0.3877,7.8806,3.0208,-53.5093,-247.9553,-34.0,0.0,0.0,0.0,0.9047,thick,False,-53.5093,-247.9553,-34.0,239.7,89.69392398596462,-248.1163936956252,62.764203009976285,247.9399968493413,63.45745001454608,thick,thick,thick,0.9047,63.39751719499748,True,True
9813499,2119507506642066176,282.3635,46.6752,0.6247,0.5385,7.7741,2.9626,24.4788,-213.9598,10.0,0.0,0.0,0.0,0.0661,thin,False,24.4788,-213.9598,10.0,214.9,17.204650534085253,-213.77259945157303,27.91568956191717,213.9005297167985,26.917900863050377,thin,thin,thin,0.0661,26.44261048837652,True,True
9815053,2107469125629510912,283.3983,46.6899,1.8038,0.1987,8.0002,3.0789,38.3732,-228.2445,4.0,0.0,0.0,0.0,0.1133,thin,False,38.3732,-228.2445,4.0,230.2,24.33105012119288,-228.20903260743077,38.7901719044995,228.27379177921097,38.40723872841471,thin,thin,thin,0.1133,38.58111556500148,True,True
9818381,2107314266289095296,285.2408,46.6682,0.9846,0.3235,7.9069,3.026,14.1981,-217.715,13.0,15.8392,-203.3198,8.28,0.0892,thin,True,15.8392,-203.3198,8.28,203.79,11.313818983879846,-203.2708053326718,18.421354440079885,203.3219021247115,17.84854941974944,thick,thin,thin,0.0892,17.87284690920839,False,True
9820483,2130544262626885120,286.4823,46.6925,0.6477,0.4577,7.8048,2.9652,16.3889,-234.3616,-25.0,0.0,0.0,0.0,0.0628,thin,False,16.3889,-234.3616,-25.0,233.6,35.35533905932738,-234.255485404557,30.713637978516783,234.33992223413628,30.06261544341996,thin,thin,thin,0.0628,29.893076844145703,True,True
9821454,2130625287187139072,287.0395,46.6402,0.8323,0.3539,7.8763,3.0045,77.6031,-211.2765,20.0,77.6323,-205.1955,18.58,0.9983,thick,True,77.6323,-205.1955,18.58,213.88,52.27347319625892,-204.83230647717903,80.75206884804254,205.12849767165292,79.99668644994418,thin,thick,thick,0.9983,79.82474806280318,False,True
9823457,2130405041264941184,288.212,46.615,0.9883,0.292,7.9169,3.0247,57.3374,-230.9884,-14.0,0.0,0.0,0.0,0.7117,thick,False,57.3374,-230.9884,-14.0,236.1,33.1058907144937,-230.83816934459847,59.60662357183535,231.0215946045944,58.89170422351892,thin,thick,thick,0.7117,59.02183865960125,False,True
9823487,2130405075624683136,288.2367,46.6059,1.3554,0.219,7.9718,3.0564,-17.8097,-226.3356,-1.0,0.0,0.0,0.0,0.0429,thin,False,-17.8097,-226.3356,-1.0,224.0,37.01351104664349,-226.3632694839185,17.483427254142853,226.32244996968623,18.00412840764175,thin,thin,thin,0.0429,17.837752495479915,True,True
9823519,2130405728459739520,288.2506,46.6795,2.9564,0.1124,8.0531,3.1026,-35.7963,-236.7756,-15.0,0.0,0.0,0.0,0.1239,thin,False,-35.7963,-236.7756,-15.0,235.2,47.43416490252569,-236.7915097602434,38.71460842452824,236.7542693529976,38.941699284036034,thin,thin,thin,0.1239,38.812048305777424,True,True
9824805,2127766969273092864,288.9926,46.6706,0.6677,0.4062,7.8275,2.9689,-99.4622,-238.6468,-19.0,-100.1706,-239.5317,-18.94,1.0,thick,True,-100.1706,-239.5317,-18.94,218.75,141.12670229265615,-240.11667739629328,100.55988184243466,239.64291622904065,101.68373174328822,thick,thick,thick,1.0,101.94543984092667,True,True
9825625,2127728520725956224,289.4317,46.6175,0.577,0.4557,7.785,2.9422,-1.6097,-224.2625,-5.0,0.0,0.0,0.0,0.0588,thin,False,-1.6097,-224.2625,-5.0,219.5,46.2709412050371,-224.2681654312796,5.003995812170781,224.26583638222047,5.107311600355131,thin,thin,thin,0.0588,5.252726348288096,True,True
9828127,2127625956907154048,290.5861,46.6428,1.104,0.241,7.9476,3.0364,78.2177,-216.9861,17.0,0.0,0.0,0.0,0.9976,thick,False,78.2177,-216.9861,17.0,224.0,57.56735185849702,-216.78924937766368,80.57556300932154,217.0138818905246,79.96858800057333,thin,thick,thick,0.9976,80.04379172234408,False,True
9832208,2128318305636573824,292.3074,46.6266,1.1648,0.2146,7.9628,3.0412,-19.5808,-224.6935,1.0,0.0,0.0,0.0,0.0441,thin,False,-19.5808,-224.6935,1.0,221.6,42.01190307520001,-224.73593096671783,19.113380980942274,224.68312799045796,19.72440104093118,thin,thin,thin,0.0441,19.606318589679194,True,True
9834040,2128374483807368576,293.1444,46.6662,0.7661,0.3021,7.8879,2.9892,-34.3832,-224.0184,4.0,0.0,0.0,0.0,0.0844,thin,False,-34.3832,-224.0184,4.0,216.2,68.11754546370561,-224.18169406773856,33.54113958885231,224.04051069656643,34.471576216089915,thin,thin,thin,0.0844,34.61508980545912,True,True
9836149,2128198836827103616,293.9815,46.6877,0.843,0.2663,7.9144,3.0031,-29.1814,-225.1876,-1.0,0.0,0.0,0.0,0.0595,thin,False,-29.1814,-225.1876,-1.0,219.0,60.00833275470999,-225.31663754906185,28.185330290502076,225.20800589015096,29.04055927460289,thin,thin,thin,0.0595,29.19852917460056,True,True
9837013,2128148568529428352,294.2937,46.6295,0.6334,0.3388,7.8492,2.9582,21.7554,-221.4466,-2.0,0.0,0.0,0.0,0.0477,thin,False,21.7554,-221.4466,-2.0,221.7,19.1049731745428,-221.2704967929369,23.5638971523576,221.38677288650047,22.44519527429078,thin,thin,thin,0.0477,21.847137779581107,True,True
9837661,2128141834020807680,294.5286,46.6409,1.3205,0.1745,7.9896,3.0527,-63.7374,-230.9738,-15.0,0.0,0.0,0.0,0.9029,thick,False,-63.7374,-230.9738,-15.0,224.4,85.32877591996736,-231.1016029613012,65.0262186253907,230.94855560163583,65.56771054046433,thick,thick,thick,0.9029,65.47866949442391,True,True
9837685,2128141799661062400,294.5336,46.6182,0.9571,0.2323,7.9393,3.0186,-6.7762,-238.6338,-40.0,0.0,0.0,0.0,0.1501,thin,False,-6.7762,-238.6338,-40.0,236.0,53.81449618829484,-238.65295523923635,40.45697659958108,238.6313521327193,40.584206032767725,thin,thin,thin,0.1501,40.569901237740275,True,True
9838468,2128514431022374144,294.831,46.6596,0.9692,0.2253,7.9451,3.021,-4.2313,-214.4664,28.0,-4.9672,-226.7643,30.79,0.0658,thin,True,-4.9672,-226.7643,30.79,224.52,44.55904173116832,-226.78187290703804,31.05995365057799,226.7671450570515,31.16729893131831,thin,thin,thin,0.0658,31.18809349479381,True,True
9838949,2080476321330727808,295.0217,46.6192,2.0673,0.1175,8.0375,3.0843,12.2266,-230.6784,-3.0,0.0,0.0,0.0,0.0442,thin,False,12.2266,-230.6784,-3.0,231.0,3.1622776601683795,-230.6705661841047,12.7314530319432,230.68920440491655,12.38914730829377,thin,thin,thin,0.0442,12.589271129020933,True,True
9839030,2080476836726817152,295.0552,46.6697,0.5916,0.3469,7.8388,2.9459,-9.4294,-230.1267,-19.0,-9.8623,-207.7334,-23.92,0.0827,thin,True,-9.8623,-207.7334,-23.92,201.85,55.490281131023295,-207.81758163329792,25.18822272586029,207.77162557010675,25.56453418224857,thin,thin,thin,0.0827,25.873371664512533,True,True
9839821,2080466185207274880,295.3427,46.6022,1.0619,0.2031,7.9612,3.0309,-3.0018,-226.5172,-3.0,0.0,0.0,0.0,0.0606,thin,False,-3.0018,-226.5172,-3.0,224.8,28.16025568065745,-226.5250683602152,3.7991320587539175,226.5170205358073,4.25198866187094,thin,thin,thin,0.0606,4.2439136701869895,True,True
9844088,2080326444152019456,296.8384,46.6264,1.1404,0.1775,7.9793,3.0382,-13.0489,-223.0381,11.0,0.0,0.0,0.0,0.0443,thin,False,-13.0489,-223.0381,11.0,220.5,37.64306044943742,-223.07258836640287,16.609344343272088,223.03676072724195,17.083716349173624,thin,thin,thin,0.0443,17.066745185008184,True,True
9845898,2080300949226451200,297.3751,46.6622,0.8221,0.2303,7.9296,2.9986,17.4916,-219.75,8.0,0.0,0.0,0.0,0.0475,thin,False,17.4916,-219.75,8.0,220.0,16.1245154965971,-219.66161803301748,20.21814934945173,219.73262511860253,19.431249534903834,thin,thin,thin,0.0475,19.23424213635671,True,True
9846348,2080304110322458752,297.4921,46.6945,0.9302,0.2054,7.9527,3.0151,-3.4589,-218.5818,21.0,0.0,0.0,0.0,0.0501,thin,False,-3.4589,-218.5818,21.0,216.4,37.44329045369811,-218.5941113165791,21.15595655400699,218.58394590808044,21.260728850473843,thin,thin,thin,0.0501,21.282950669726226,True,True
9851662,2085514146171216768,298.9504,46.6928,1.5164,0.1261,8.0217,3.0629,46.0182,-227.2848,3.0,0.0,0.0,0.0,0.2335,thin,False,46.0182,-227.2848,3.0,230.2,28.16025568065745,-227.2277365547589,46.3960746206086,227.3249310994216,45.9174879609416,thin,thin,thin,0.2335,46.115883719603595,True,True
9872283,2119194936102585472,281.4572,46.7466,3.5106,0.1187,8.0577,3.1097,24.3735,-230.8402,6.0,0.0,0.0,0.0,0.0491,thin,False,24.3735,-230.8402,6.0,231.5,18.027756377319943,-230.83361020967564,25.16136716411711,230.8542426161252,24.97135691417696,thin,thin,thin,0.0491,25.101145437011436,True,True
9872831,2119147897620835840,281.8973,46.7227,1.0519,0.3371,7.912,3.0353,72.0869,-223.1092,6.0,0.0,0.0,0.0,0.9792,thick,False,72.0869,-223.1092,6.0,229.5,48.373546489791295,-222.8999700527036,72.97844442370526,223.111363523008,72.32958915204867,thin,thick,thick,0.9792,72.33616765913162,False,True
9873004,2119148756614062976,282.0307,46.7507,0.8505,0.412,7.8623,3.0089,-49.8797,-246.1601,-34.0,0.0,0.0,0.0,0.8245,thick,False,-49.8797,-246.1601,-34.0,237.4,88.76936408468859,-246.31377948275917,59.73509886924698,246.13340786740667,60.47400707392255,thick,thick,thick,0.8245,60.365424475356754,True,True
9873254,2119511080054847616,282.213,46.7178,1.6671,0.221,7.9883,3.074,-3.9252,-253.0424,-37.0,-3.4332,-250.8341,-38.15,0.1815,thin,True,-3.4332,-250.8341,-38.15,250.03,43.24294277682776,-250.837221086634,38.283697803831615,250.83099045002487,38.32449908165171,thick,thin,thin,0.1815,38.304168992943836,False,True
9875711,2107547603271136896,283.866,46.7897,2.0128,0.1782,8.0142,3.0853,27.4767,-221.0042,18.0,0.0,0.0,0.0,0.0777,thin,False,27.4767,-221.0042,18.0,222.2,23.43074902771996,-220.98302549414072,32.990035517652146,221.02454604885912,32.71070228374413,thin,thin,thin,0.0777,32.84766419229836,True,True
9880190,2130550520397270016,286.4836,46.7526,1.4279,0.2229,7.9761,3.0611,5.2594,-227.0115,0.0,12.8342,-173.6302,-16.57,0.6302,thick,True,12.8342,-173.6302,-16.57,174.1,16.6105538739682,-173.6138169185344,21.09414788460571,173.64174022124143,20.86304275360841,thick,thick,thick,0.6302,20.959045532657253,True,True
9881660,2130443730330508928,287.3673,46.7686,1.7073,0.1848,8.0018,3.0741,-46.2748,-219.8229,12.0,0.0,0.0,0.0,0.2937,thin,False,-46.2748,-219.8229,12.0,216.2,62.16912416947821,-219.86468283884645,47.61261639705852,219.78077587431267,47.998443267309625,thin,thin,thin,0.2937,47.80540884711687,True,True
9881662,2130443730330509312,287.3694,46.7681,1.7545,0.1811,8.0045,3.0756,-44.5327,-220.9165,12.0,-149.2518,-182.0657,25.24,1.0,thick,True,-149.2518,-182.0657,25.24,171.83,162.89727591338047,-182.15371609237985,151.26498310493636,181.89042597650325,151.58147755608596,thick,thick,thick,1.0,151.37092654548957,True,True
9883311,2130771414857784320,288.3133,46.7714,0.5517,0.4929,7.7697,2.936,53.8697,-219.1171,-3.0,0.0,0.0,0.0,0.5192,thick,False,53.8697,-219.1171,-3.0,225.5,8.54400374531753,-218.52766226295665,56.2930797335441,218.848619440453,55.03209762500218,thin,thick,thick,0.5192,53.953170232063286,False,True
9883606,2130770766319922560,288.4691,46.7836,1.6248,0.1858,7.9986,3.0705,-15.4925,-232.79,-10.0,-20.0017,-262.6461,-1.37,0.1424,thin,True,-20.0017,-262.6461,-1.37,260.56,38.64429194590063,-262.6682108696108,19.756161027832587,262.6299883300356,20.25793991908888,thick,thin,thin,0.1424,20.04856361164061,False,True
9884104,2127771917075703424,288.7389,46.7626,1.2577,0.2311,7.9636,3.0495,20.5466,-222.4531,10.0,0.0,0.0,0.0,0.0481,thin,False,20.5466,-222.4531,10.0,223.4,10.0,-222.41887352442723,23.181990857664854,222.4702862337542,22.683292156816137,thin,thin,thin,0.0481,22.85088119876343,True,True
9886361,2127815657021840128,289.9214,46.7445,1.1489,0.2401,7.9526,3.0403,-41.6521,-223.0569,5.0,-40.3976,-209.0984,0.81,0.1931,thin,True,-40.3976,-209.0984,0.81,203.94,61.34534782687275,-209.17428178510391,40.0111876815216,209.06375767362147,40.58473268835544,thin,thin,thin,0.1931,40.405719715901604,True,True
9886661,2127811705651952000,290.0511,46.7134,1.8897,0.1536,8.0188,3.0802,25.2996,-232.2854,-3.0,23.9597,-239.0102,-1.68,0.0526,thin,True,23.9597,-239.0102,-1.68,240.03,9.401324374788905,-238.98631587594556,24.255445245197865,239.02591866749137,23.8620201400005,thin,thin,thin,0.0526,24.01852668441593,True,True
9892816,2128298617506651904,292.678,46.7267,1.2709,0.1958,7.9788,3.0497,-18.6297,-222.8497,10.0,-18.2451,-215.3628,7.79,0.0535,thin,True,-18.2451,-215.3628,7.79,212.78,38.72168643021634,-215.4011296893233,19.41779412197269,215.35612308577728,19.91074206210216,thin,thin,thin,0.0535,19.838542638258488,True,True
9893318,2128297208757012992,292.8698,46.7419,0.9347,0.2558,7.9291,3.0166,16.4766,-219.3573,12.0,0.0,0.0,0.0,0.0485,thin,False,16.4766,-219.3573,12.0,219.7,16.278820596099706,-219.29944476580457,20.996274083985465,219.3569580965545,20.386636177319712,thin,thin,thin,0.0485,20.383285985336123,True,True
9896558,2128152897857003264,294.1688,46.7146,0.5937,0.3624,7.8327,2.9463,56.9921,-215.9452,2.0,56.451,-202.6983,-1.28,0.7618,thick,True,56.451,-202.6983,-1.28,209.8,16.090991268408544,-202.19626383485752,58.23771021618801,202.50833281551644,57.14311104831486,thin,thick,thick,0.7618,56.465509835651,False,True
9897364,2128155818434335616,294.4557,46.7435,0.4652,0.4473,7.7598,2.8939,-78.3682,-236.64,-7.0,0.0,0.0,0.0,0.9964,thick,False,-78.3682,-236.64,-7.0,210.2,134.18271125595876,-237.6555237080844,75.55721045033434,237.132606277596,77.18268614135337,thick,thick,thick,0.9964,78.68020571427098,True,True
9898017,2128518348032523392,294.6969,46.7202,0.6491,0.3287,7.8584,2.9608,38.5749,-216.594,11.0,0.0,0.0,0.0,0.1499,thin,False,38.5749,-216.594,11.0,220.0,11.04536101718726,-216.36289163741696,41.34125206492137,216.5575457388956,40.30917244928409,thin,thin,thin,0.1499,40.11262781232364,True,True
9904006,2080340222407746816,296.8034,46.7411,1.0536,0.1918,7.9688,3.0295,-53.1477,-225.1581,5.0,-55.274,-254.007,10.72,0.766,thick,True,-55.274,-254.007,10.72,246.23,84.02662673224482,-254.1631276549951,55.59488682091799,253.99597495209125,56.353629946407466,thick,thick,thick,0.766,56.303938370241916,True,True
9906688,2080304900596499968,297.5803,46.7199,0.8203,0.2285,7.9319,2.9986,-23.8106,-241.5606,-58.0,0.0,0.0,0.0,0.8639,thick,False,-23.8106,-241.5606,-58.0,235.7,82.02438661763951,-241.68176597771756,62.22872322241364,241.59144120403505,62.57847502901665,thick,thick,thick,0.8639,62.69724613059173,True,True
9907129,2086298132320300288,297.7116,46.768,0.3862,0.4491,7.7315,2.8442,7.6244,-222.8451,-6.0,0.0,0.0,0.0,0.0499,thin,False,7.6244,-222.8451,-6.0,215.3,58.30951894845301,-222.67049012027584,13.112697266243936,222.7583893507937,11.523453208141309,thin,thin,thin,0.0499,9.702137669606632,True,True
9909735,2085559604106082688,298.4828,46.7936,2.0267,0.1027,8.0461,3.0826,11.4951,-228.7201,4.0,11.8856,-222.6064,3.21,0.0468,thin,True,11.8856,-222.6064,3.21,222.92,3.4447931723109297,-222.5982674965383,12.458102084168468,222.61690674071943,12.1204716572339,thin,thin,thin,0.0468,12.311441319358185,True,True
9909965,2085558573313944448,298.5485,46.7566,1.0006,0.1828,7.9709,3.0236,-11.1642,-220.0459,22.0,0.0,0.0,0.0,0.0528,thin,False,-11.1642,-220.0459,22.0,217.2,43.04648650006177,-220.08360461381167,24.33201553902589,220.04906942303955,24.64238312449316,thin,thin,thin,0.0528,24.670617374520646,True,True
9910043,2085558882551597184,298.5697,46.7539,0.5626,0.3032,7.8582,2.9346,-45.9922,-228.6333,-6.0,0.0,0.0,0.0,0.2396,thin,False,-45.9922,-228.6333,-6.0,214.3,92.19544457292888,-229.08703908887304,44.08648910372825,228.83372505649592,45.3829954582997,thick,thin,thin,0.2396,46.38191954673717,False,True
9935642,2107468919471148416,283.4576,46.8196,1.3252,0.262,7.9586,3.0562,30.0592,-222.2464,8.0,0.0,0.0,0.0,0.0684,thin,False,30.0592,-222.2464,8.0,224.0,13.601470508735444,-222.19725344437504,31.454420385315537,222.26710097988257,30.95699956388984,thin,thin,thin,0.0684,31.105554241003325,True,True
9941066,2130552994298492288,286.5854,46.8709,2.0686,0.1602,8.0224,3.0863,-16.0598,-234.4468,-10.0,-15.7525,-234.2095,-10.4,0.0439,thin,True,-15.7525,-234.2095,-10.4,232.98,30.50741549197506,-234.22276911760187,18.7103507952833,234.19939822963056,19.000649169934587,thin,thin,thin,0.0439,18.875943850573407,True,True
9941859,2130634667395736704,287.101,46.8964,1.3847,0.2247,7.9753,3.0586,-60.5116,-225.5912,0.0,0.0,0.0,0.0,0.7661,thick,False,-60.5116,-225.5912,0.0,219.8,79.0,-225.6839888613785,60.16458403094949,225.5483740589894,60.67100592001261,thin,thick,thick,0.7661,60.5116,False,True
9942658,2130455343922131968,287.5736,46.822,1.0531,0.2819,7.9309,3.0326,-89.303,-231.9866,-15.0,-90.7977,-241.405,-12.01,0.9999,thick,True,-90.7977,-241.405,-12.01,230.1,117.12736742538014,-241.66066506513337,90.91178779606872,241.3912569174657,91.62473074342996,thick,thick,thick,0.9999,91.58854964071655,True,True
9943009,2130453144898925056,287.7689,46.8319,1.1378,0.2642,7.9433,3.0393,-65.7101,-231.4205,-13.0,-61.9666,-196.6966,-23.55,0.9709,thick,True,-61.9666,-196.6966,-23.55,189.34,85.05524910315647,-196.76555832694743,66.08589907298428,196.594875906818,66.59193470070402,thick,thick,thick,0.9709,66.29073853533389,True,True
9945370,2127781228564883456,289.1427,46.813,0.8707,0.3189,7.8969,3.0082,131.4909,-205.437,33.0,0.0,0.0,0.0,1.0,thick,False,131.4909,-205.437,33.0,221.1,108.15729286552988,-205.0400157181493,136.16828542028824,205.5190258519333,135.44423211370935,thick,thick,thick,1.0,135.56864232856358,True,True
9947653,2127819883269785088,290.2593,46.8851,0.8217,0.3197,7.8932,3.0013,16.6506,-225.184,-3.0,14.5607,-258.3723,5.53,0.1055,thin,True,14.5607,-258.3723,5.53,257.87,22.403236373345703,-258.297602887491,16.768728114440563,258.3569016262772,15.828874946442816,thick,thin,thin,0.1055,15.575457761812332,False,True
9955598,2128215909315876352,293.6792,46.8527,14.6811,0.0356,8.1098,3.1335,-11.0668,-240.2968,4.0,-7.2122,-218.4751,-0.68,0.0597,thin,True,-7.2122,-218.4751,-0.68,218.41,8.995737879685024,-218.4751825589545,7.241961462995642,218.47365664895352,7.287849506896221,thin,thin,thin,0.0597,7.244185864539921,True,True
9956082,2128204815421600512,293.8814,46.8388,0.6668,0.3335,7.8629,2.9665,-28.1852,-225.2559,-2.0,-27.9513,-234.0394,0.47,0.0566,thin,True,-27.9513,-234.0394,0.47,225.59,68.30161711116362,-234.2073972005068,26.511395598196238,234.0771331987604,27.637921655757587,thin,thin,thin,0.0566,27.95525123639564,True,True
9959093,2080486216935429376,295.0425,46.8639,0.9595,0.2267,7.9475,3.0197,-8.7938,-224.3329,2.0,0.0,0.0,0.0,0.0501,thin,False,-8.7938,-224.3329,2.0,221.6,36.05551275463989,-224.36565421069508,8.16169165104911,224.33801576836723,8.889020256013493,thin,thin,thin,0.0501,9.018365619113032,True,True
9962455,2080529922521395712,296.2777,46.8998,0.8717,0.2334,7.9378,3.007,-46.4211,-223.5513,9.0,0.0,0.0,0.0,0.2676,thin,False,-46.4211,-223.5513,9.0,215.3,76.53103945458993,-223.7538102689236,46.31762504855505,223.5849987568614,47.12577140901017,thin,thin,thin,0.2676,47.28550015818803,True,True
9963524,2080344586094498432,296.6547,46.8352,2.6148,0.0917,8.0596,3.0961,-5.6213,-228.3918,7.0,-7.9004,-248.6964,10.77,0.0653,thin,True,-7.9004,-248.6964,10.77,248.08,22.014379391661254,-248.69988179647083,13.292407397512726,248.69028060051275,13.47084387995933,thin,thin,thin,0.0653,13.356991433702426,True,True
9964801,2080353416547448320,297.0684,46.8342,1.0254,0.1948,7.9671,3.0262,-44.2041,-226.5966,-1.0,0.0,0.0,0.0,0.1932,thin,False,-44.2041,-226.5966,-1.0,220.0,70.00714249274856,-226.7191518692029,43.58240672231529,226.58176256523245,44.291137633082045,thin,thin,thin,0.1932,44.21540972115943,True,True
9965439,2080355615570219904,297.2591,46.8432,1.3156,0.1557,8.0015,3.0514,-33.2922,-220.1961,18.0,-33.4649,-217.5107,17.28,0.1191,thin,True,-33.4649,-217.5107,17.28,213.61,55.67928968656119,-217.56691277958265,37.337030727703805,217.48585457166135,37.8063283225728,thin,thin,thin,0.1191,37.662951716640585,True,True
9965957,2080310088916950016,297.4015,46.824,1.3056,0.1555,8.0009,3.0506,0.4376,-224.9903,5.0,0.0,0.0,0.0,0.059,thin,False,0.4376,-224.9903,5.0,224.1,20.615528128088304,-224.98918113644655,5.0673831068149,224.9905235897681,5.007423968668142,thin,thin,thin,0.059,5.019112845912114,True,True
9967009,2086298922594304000,297.7019,46.8233,0.3529,0.4843,7.7026,2.8212,-14.6264,-228.9615,-8.0,0.0,0.0,0.0,0.0424,thin,False,-14.6264,-228.9615,-8.0,212.7,86.37129152675674,-229.24770237569243,12.115319041029956,229.15803735748972,13.7070753431699,thick,thin,thin,0.0424,16.67128000364699,False,True
9969287,2085572970044500736,298.3801,46.8894,0.4867,0.3536,7.8189,2.9022,25.6036,-218.768,-5.0,0.0,0.0,0.0,0.0571,thin,False,25.6036,-218.768,-5.0,218.6,27.459060435491963,-218.46053072003377,28.54744327468183,218.6405199279339,27.13453603146249,thin,thin,thin,0.0571,26.08724464101182,True,True
9973109,2085599186522693632,299.526,46.8993,1.0091,0.1728,7.9797,3.0245,14.9422,-221.1689,10.0,0.0,0.0,0.0,0.0458,thin,False,14.9422,-221.1689,10.0,221.4,14.866068747318506,-221.11337118169897,18.65039100566604,221.16243831711728,18.059232476141133,thin,thin,thin,0.0458,17.979692456769108,True,True
9992325,2119201533172444160,281.6941,46.9465,1.4975,0.2478,7.9749,3.0665,50.9043,-236.8496,-12.0,0.0,0.0,0.0,0.451,thin,False,50.9043,-236.8496,-12.0,240.0,35.11409973215888,-236.7911426914849,52.56381590848247,236.8943505188317,52.0967051958271,thin,thin,thin,0.451,52.29959615991313,True,True
9995402,2107563271311787136,283.5654,46.9042,2.5671,0.1462,8.0375,3.0974,-8.4327,-239.506,-14.0,0.0,0.0,0.0,0.0475,thin,False,-8.4327,-239.506,-14.0,238.9,23.600847442411894,-239.50927962749327,16.294630168225684,239.49929788258103,16.440690792989752,thin,thin,thin,0.0475,16.343513370447617,True,True
9995771,2107557464516077184,283.7978,46.931,0.4708,0.6791,7.6777,2.9015,33.888,-214.0832,6.0,0.0,0.0,0.0,0.102,thin,False,33.888,-214.0832,6.0,216.0,18.97366596101028,-213.73415484709165,36.52000892386885,213.9707317064708,35.10734927330038,thin,thin,thin,0.102,34.41506274874419,True,True
10000941,2130633430445267584,286.8194,46.9118,3.059,0.1148,8.0548,3.1041,23.8626,-235.871,-2.0,0.0,0.0,0.0,0.0496,thin,False,23.8626,-235.871,-2.0,236.6,15.132745950421556,-235.86187376454163,24.03614994709877,235.8856827263799,23.80135888367761,thin,thin,thin,0.0496,23.946266488953974,True,True
10001368,2130637038217686784,287.0863,46.9458,1.1458,0.2668,7.9458,3.0413,-13.1279,-229.1649,-7.0,-15.1317,-242.9145,-3.2,0.0521,thin,True,-15.1317,-242.9145,-3.2,240.18,39.49983417686712,-242.94653871062164,14.954886443180332,242.90581590981284,15.602368319844986,thin,thin,thin,0.0521,15.466361721167651,True,True
10002049,2130470015530685696,287.4648,46.9684,0.402,0.6815,7.6467,2.864,-62.5351,-229.4136,8.0,-58.7703,-247.9203,13.53,0.8341,thick,True,-58.7703,-247.9203,13.53,222.33,125.18331917631838,-249.01638458745649,55.608744878768725,248.58408315507444,57.510398207202805,thick,thick,thick,0.8341,60.30762026551868,True,True
10002866,2130460394803778816,287.9061,46.9377,1.2914,0.2323,7.9681,3.0526,9.272,-227.6769,-1.0,0.0,0.0,0.0,0.0482,thin,False,9.272,-227.6769,-1.0,227.6,11.04536101718726,-227.65797545335204,9.77784293599335,227.68082454394388,9.230500256748403,thin,thin,thin,0.0482,9.325769887789427,True,True
10004519,2130777191591084032,288.7341,46.9394,0.8519,0.3282,7.8948,3.0069,-13.7577,-218.6293,14.0,-12.5766,-200.8394,8.94,0.1037,thin,True,-12.5766,-200.8394,8.94,197.33,40.44053906663461,-200.89421428292448,14.699685971014144,200.8495069015803,15.298420748301073,thick,thin,thin,0.1037,15.430310027993604,False,True
10004738,2127798442794047104,288.8393,46.9867,1.6741,0.1794,8.0051,3.0725,-0.8833,-218.8838,20.0,0.0,0.0,0.0,0.0488,thin,False,-0.8833,-218.8838,20.0,218.3,25.612496949731398,-218.88460885563836,20.01044742413838,218.8830282692107,20.027729169826586,thin,thin,thin,0.0488,20.019495969928915,True,True
10010440,2129099474286578048,291.282,46.966,0.8279,0.3078,7.8999,3.0009,-30.9222,-223.7491,4.0,0.0,0.0,0.0,0.0674,thin,False,-30.9222,-223.7491,4.0,217.2,62.12889826803627,-223.86546599282536,30.333037035798764,223.74816938045532,31.18648263102221,thin,thin,thin,0.0674,31.179840487725397,True,True
10016874,2128212786881040256,294.023,46.9996,1.3791,0.1748,7.9966,3.056,43.9592,-231.5898,-13.0,0.0,0.0,0.0,0.229,thin,False,43.9592,-231.5898,-13.0,234.5,27.29468812791236,-231.53182008680128,46.133136542978384,231.63301840704491,45.62230576857765,thin,thin,thin,0.229,45.84115252303327,True,True
10018233,2128533466317652224,294.4784,46.9459,0.8918,0.2495,7.9327,3.0105,40.0105,-227.0182,-10.0,39.5073,-228.1738,-10.2,0.1385,thin,True,39.5073,-228.1738,-10.2,231.38,13.83699750668475,-228.00638371278197,41.72835829768116,228.150085848433,40.93537867606277,thin,thin,thin,0.1385,40.80277874471297,True,True
10019643,2128525769736134016,295.0027,46.9873,1.466,0.1586,8.0073,3.061,-17.4161,-219.1134,24.0,0.0,0.0,0.0,0.0666,thin,False,-17.4161,-219.1134,24.0,217.0,42.43819034784589,-219.1364604399193,29.48239654206721,219.09885113048244,29.76060203192616,thin,thin,thin,0.0666,29.653339427626022,True,True
10019708,2128525460498487424,295.0257,46.956,0.6365,0.3311,7.8626,2.958,-28.6897,-228.8863,-12.0,0.0,0.0,0.0,0.0651,thin,False,-28.6897,-228.8863,-12.0,219.8,71.02112361825881,-229.0776994159812,29.65548229723098,228.93795899828177,30.715646333767065,thin,thin,thin,0.0651,31.09821355142446,True,True
10019854,2080510268752316672,295.0823,46.9418,0.6458,0.3254,7.8664,2.9607,78.7142,-213.6248,5.0,0.0,0.0,0.0,0.9969,thick,False,78.7142,-213.6248,5.0,224.3,39.319206502675,-213.0820075419068,80.32775399518385,213.47803493805475,79.26927903662735,thin,thick,thick,0.9969,78.87284248485027,False,True
10022908,2080548957816447872,296.1773,46.999,2.0474,0.1141,8.0424,3.0836,-13.8519,-227.0857,3.0,0.0,0.0,0.0,0.0433,thin,False,-13.8519,-227.0857,3.0,225.9,27.16615541441225,-227.09464954415327,14.029616830769816,227.07317277403743,14.373037477588037,thin,thin,thin,0.0433,14.173042496584847,True,True
10028140,2086312941367921408,297.7398,46.9419,1.2249,0.1622,7.9961,3.0447,-1.8098,-219.103,27.0,0.0,0.0,0.0,0.0589,thin,False,-1.8098,-219.103,27.0,217.9,35.4682957019364,-219.1062114460856,27.03475736423789,219.10188055477525,27.06983445388965,thin,thin,thin,0.0589,27.06058713405901,True,True
10028792,2086306584816171392,297.9168,46.9651,0.7803,0.237,7.9295,2.9914,7.5159,-216.7156,23.0,-26.7816,-221.1178,65.77,0.972,thick,True,-26.7816,-221.1178,65.77,214.62,88.73712751717851,-221.26854524714625,70.54256221751247,221.1614898293196,70.87748314151528,thick,thick,thick,0.972,71.01370993378673,True,True
10053138,2119382196676477056,280.7196,47.0723,1.8374,0.2122,8.0014,3.0807,60.2438,-232.2648,2.0,55.091,-261.3021,12.95,0.8514,thick,True,55.091,-261.3021,12.95,264.17,41.17924962890898,-261.2602713938325,56.78547429775495,261.350317231091,56.36959449213822,thick,thick,thick,0.8514,56.59258591900533,True,True
10055126,2119534646538533888,282.0613,47.0855,1.2892,0.2818,7.9538,3.0541,19.5305,-211.3017,24.0,20.7593,-202.7617,20.94,0.1233,thin,True,20.7593,-202.7617,20.94,203.8,21.149574463804232,-202.73169907285504,29.6917950119782,202.78096848693625,29.353420916482012,thin,thin,thin,0.1233,29.48613464816981,True,True
10059645,2107385081710305152,284.5858,47.0796,1.691,0.204,7.9983,3.0745,23.5851,-231.5394,-4.0,0.0,0.0,0.0,0.0474,thin,False,23.5851,-231.5394,-4.0,232.6,8.94427190999916,-231.51180336651052,24.18770146140726,231.5546281104533,23.77423396514963,thin,thin,thin,0.0474,23.92189252567614,True,True
10063208,2130695518492411904,286.3869,47.0165,2.456,0.1405,8.038,3.0947,-42.9483,-236.5754,-16.0,-31.7649,-174.5725,-35.08,0.9121,thick,True,-31.7649,-174.5725,-35.08,172.89,53.143323193040914,-174.58104146542283,47.29296840808685,174.54136927548114,47.43917486044765,thick,thick,thick,0.9121,47.32457365904103,True,True
10064256,2130641436264397568,286.9242,47.0537,1.6727,0.1916,8.0013,3.073,-40.6043,-211.3809,27.0,-39.7517,-206.4308,25.19,0.3761,thin,True,-39.7517,-206.4308,25.19,203.22,59.41424240028648,-206.4758881143489,46.86286618838925,206.40249370205092,47.18507384305782,thin,thin,thin,0.3761,47.06095784076223,True,True
10068659,2127802188005355648,289.1346,47.063,0.968,0.2906,7.9236,3.0219,21.6762,-222.1008,6.0,0.0,0.0,0.0,0.0479,thin,False,21.6762,-222.1008,6.0,223.1,7.810249675906654,-222.0400524077301,23.08300515037968,222.1115342396608,22.3847349259264,thin,thin,thin,0.0479,22.49127934200276,True,True
10070468,2127836719542510848,289.9564,47.0203,0.653,0.4004,7.8372,2.9658,-31.3907,-200.6814,53.0,-31.2425,-201.1731,53.03,0.9013,thick,True,-31.2425,-201.1731,53.03,192.61,84.61834611950295,-201.39815528860652,60.8083846714113,201.25052879512725,61.29519768857641,thick,thick,thick,0.9013,61.54896186167562,True,True
10074466,2129103700534539136,291.5344,47.0425,1.4131,0.1887,7.9925,3.059,-6.9959,-230.7627,-9.0,0.0,0.0,0.0,0.0453,thin,False,-6.9959,-230.7627,-9.0,229.4,27.51363298439521,-230.773507154893,11.178031822756266,230.75815607784648,11.490578904139674,thin,thin,thin,0.0453,11.399237553889295,True,True
10080248,2128223747637518208,293.8656,47.0268,0.4224,0.5038,7.7313,2.8723,33.0454,-228.752,-31.0,0.0,0.0,0.0,0.215,thin,False,33.0454,-228.752,-31.0,229.3,42.44997055358225,-228.1352335378472,48.31982221233782,228.40778661436173,47.014604262167474,thin,thin,thin,0.215,45.31002605560937,True,True
10094670,2085575272147044608,298.4933,47.0131,1.3187,0.1465,8.0093,3.0518,23.0873,-222.9278,11.0,0.0,0.0,0.0,0.0519,thin,False,23.0873,-222.9278,11.0,224.1,11.40175425099138,-222.8775394271316,26.00792992353288,222.93410781671665,25.518494704126955,thin,thin,thin,0.0519,25.573881623445434,True,True
10098844,2085625368643700736,299.6759,47.0758,0.8195,0.2069,7.9522,2.9981,10.3499,-225.4374,-13.0,0.0,0.0,0.0,0.0431,thin,False,10.3499,-225.4374,-13.0,224.6,25.55386467836128,-225.3784657658336,17.398481802702708,225.42215826395991,16.82291780929246,thin,thin,thin,0.0431,16.616871847914094,True,True
10120548,2119523896237431168,282.1956,47.1056,1.1418,0.3118,7.9343,3.0434,-22.3726,-221.7605,7.0,0.0,0.0,0.0,0.0493,thin,False,-22.3726,-221.7605,7.0,218.5,44.553338819890925,-221.81495489480824,22.92107730919697,221.75556310847864,23.48872560275557,thin,thin,thin,0.0493,23.442125133187048,True,True
10122255,2107617903296016768,283.1846,47.1557,0.9125,0.3723,7.8924,3.0184,66.5958,-196.0008,46.0,0.0,0.0,0.0,0.9993,thick,False,66.5958,-196.0008,46.0,202.7,62.28964600958975,-195.74677829419684,81.55052904452884,195.97434209425535,81.00214343289782,thin,thick,thick,0.9993,80.93825163444043,False,True
10128825,2130657069945260160,286.5093,47.1632,0.697,0.4309,7.8375,2.9777,-3.0563,-220.554,6.0,0.0,0.0,0.0,0.0582,thin,False,-3.0563,-220.554,6.0,217.1,39.45883931389772,-220.56749336025052,6.276214844621227,220.5568943412237,6.638249660436132,thin,thin,thin,0.0582,6.733570352346517,True,True
10130039,2130661880308812800,287.1406,47.1151,2.3608,0.142,8.0366,3.0927,-39.906,-228.0223,1.0,-36.2898,-207.8014,-5.43,0.1511,thin,True,-36.2898,-207.8014,-5.43,205.78,46.7166447853439,-207.81592351912136,36.61140849372903,207.76862310206005,36.87889036120951,thin,thin,thin,0.1511,36.69379353569211,True,True
10132832,2130782895307640192,288.4796,47.1017,0.7291,0.3864,7.8575,2.9833,4.513,-218.522,10.0,4.0659,-230.8163,13.07,0.0434,thin,True,4.0659,-230.8163,13.07,228.57,34.91832327016863,-230.79508014680997,14.041551909513435,230.81521298628635,13.706628108155764,thin,thin,thin,0.0434,13.687820966465042,True,True
10136549,2127851116271982848,290.0605,47.164,1.4181,0.2012,7.9884,3.0589,21.1122,-230.4436,-6.0,26.2459,-189.8506,-16.5,0.2909,thin,True,26.2459,-189.8506,-16.5,191.37,19.54151734129159,-189.8320905121693,31.11471053665088,189.8899589767859,30.759572165336884,thick,thin,thin,0.2909,31.001568779821447,False,True
10141900,2128369501647063808,292.1446,47.1574,1.0768,0.2356,7.9566,3.033,51.2809,-230.3984,-15.0,0.0,0.0,0.0,0.476,thin,False,51.2809,-230.3984,-15.0,234.6,30.01666203960727,-230.27592947415008,53.95513233063441,230.42761112075945,53.303621201378746,thin,thin,thin,0.476,53.42967999913532,True,True
10146103,2128228661080107392,293.7464,47.1541,0.8134,0.2821,7.9142,2.9982,58.2939,-235.7896,-43.0,0.0,0.0,0.0,0.9809,thick,False,58.2939,-235.7896,-43.0,241.7,49.24428900898052,-235.51012091164336,73.34080002415514,235.74188033305097,72.59239531133736,thin,thick,thick,0.9809,72.4374128279717,False,True
10153011,2080553733820571904,296.0882,47.1429,0.3971,0.4857,7.7339,2.8522,-37.2352,-232.3875,-7.0,0.0,0.0,0.0,0.1084,thin,False,-37.2352,-232.3875,-7.0,212.1,102.23991392797627,-232.97153022226004,34.112697136089615,232.6983805167056,35.92873091138223,thick,thin,thin,0.1084,37.8874665165144,False,True
10153855,2080563320187721344,296.341,47.1709,2.2229,0.1066,8.0503,3.0882,36.2169,-227.9923,11.0,0.0,0.0,0.0,0.1065,thin,False,36.2169,-227.9923,11.0,229.6,26.40075756488817,-227.96856605167744,37.99332694489894,228.02011308650705,37.68272851077181,thin,thin,thin,0.1065,37.85054617320601,True,True
10155434,2080378808394131200,296.8087,47.1719,1.5933,0.1369,8.024,3.0672,-16.5586,-235.1823,-27.0,0.0,0.0,0.0,0.0705,thin,False,-16.5586,-235.1823,-27.0,233.3,43.41658669218482,-235.20294906771616,31.519244119257092,235.16999049133125,31.76421842745673,thin,thin,thin,0.0705,31.67313110445508,True,True
10157458,2086366370762352640,297.3931,47.1646,0.9618,0.2048,7.9646,3.0191,-17.2863,-219.6588,19.0,0.0,0.0,0.0,0.0551,thin,False,-17.2863,-219.6588,19.0,215.9,47.92702786528704,-219.72012851229985,25.157009491162725,219.6639010061741,25.643334314198995,thin,thin,thin,0.0551,25.68688707667786,True,True
10158729,2086320878467532032,297.7232,47.1127,1.0055,0.1939,7.9717,3.0238,64.8615,-224.7346,-6.0,0.0,0.0,0.0,0.8958,thick,False,64.8615,-224.7346,-6.0,230.8,38.47076812334269,-224.5459966560053,65.78552565543004,224.7538975771461,65.07169525901217,thin,thick,thick,0.8958,65.13842324043468,False,True
10160922,2085579601474044160,298.3158,47.1051,0.7877,0.2334,7.9349,2.9913,-22.8167,-216.6588,28.0,0.0,0.0,0.0,0.1076,thin,False,-22.8167,-216.6588,28.0,210.8,61.71709649683789,-216.75458008445463,35.54000580207819,216.66338802703487,36.09177591427896,thin,thin,thin,0.1076,36.11927184883439,True,True
10190075,2107623263415247360,283.3354,47.2088,1.1343,0.3044,7.9371,3.042,3.3652,-244.9785,-32.0,0.0,0.0,0.0,0.0922,thin,False,3.3652,-244.9785,-32.0,244.1,38.27531841800928,-244.97018357092065,32.240024212606535,244.97994225184985,32.16578763656058,thin,thin,thin,0.0922,32.17645988980142,True,True
10190777,2107596978215473024,283.7176,47.2044,5.1364,0.0838,8.0806,3.1195,-20.7758,-236.7167,-4.0,0.0,0.0,0.0,0.0469,thin,False,-20.7758,-236.7167,-4.0,236.2,26.30589287593181,-236.71883920108607,21.13365011753409,236.70669352317185,21.26925577746436,thin,thin,thin,0.0469,21.157359609365248,True,True
10198225,2130854913319679488,287.5517,47.2448,1.1384,0.2685,7.9484,3.0394,-45.4374,-213.6513,24.0,-41.6188,-181.7853,14.86,0.7503,thick,True,-41.6188,-181.7853,14.86,176.59,61.764246129941554,-181.8293592623033,44.01061588140095,181.71488641642543,44.48089763781301,thick,thick,thick,0.7503,44.19212727896226,True,True
10200627,2130804026547097984,288.7955,47.2036,0.291,0.8692,7.5111,2.7679,19.8994,-234.3036,-28.0,0.0,0.0,0.0,0.0835,thin,False,19.8994,-234.3036,-28.0,225.4,72.61542535852834,-233.42505265772004,39.886147867908186,233.7118143778406,38.16998585561408,thin,thin,thin,0.0835,34.35092604807038,True,True
10203349,2127863623217139328,290.0433,47.2579,0.838,0.3219,7.9017,3.0031,-67.7445,-245.6031,-43.0,0.0,0.0,0.0,0.9983,thick,False,-67.7445,-245.6031,-43.0,233.9,109.77249200050076,-245.85212534583988,79.47290395432539,245.5974164122345,80.25658260626031,thick,thick,thick,0.9983,80.23912561992435,True,True
10220837,2080561636560110464,296.5875,47.2071,2.0204,0.1138,8.0443,3.0829,-21.5471,-230.0593,-7.0,0.0,0.0,0.0,0.0455,thin,False,-21.5471,-230.0593,-7.0,228.4,35.6931365951495,-230.07788317491264,22.46614505764712,230.04409663809665,22.80950683294236,thin,thin,thin,0.0455,22.6556288460506,True,True
10221013,2080567443355910528,296.6423,47.2303,0.7724,0.2588,7.9235,2.9899,5.9519,-224.2751,-4.0,0.0,0.0,0.0,0.0538,thin,False,5.9519,-224.2751,-4.0,222.6,28.284271247461906,-224.23925173516744,8.216932593870009,224.2671501380253,7.416560454036936,thin,thin,thin,0.0538,7.1711305670723915,True,True
10252275,2119409512668086656,280.7086,47.3279,3.44,0.1238,8.0586,3.1091,-45.3024,-237.9951,-13.0,-44.284,-232.6892,-14.67,0.2505,thin,True,-44.284,-232.6892,-14.67,231.13,53.84686620407914,-232.70184871223108,46.58767547227389,232.66361224979448,46.77825814283051,thin,thin,thin,0.2505,46.65063296462332,True,True
10253547,2119591206965104768,281.57,47.3986,1.1147,0.3266,7.9321,3.0411,-33.3756,-247.0958,-34.0,0.0,0.0,0.0,0.3618,thin,False,-33.3756,-247.0958,-34.0,242.5,67.23094525588644,-247.1726869078865,47.243124862099386,247.0817688532954,47.71634416346984,thick,thin,thin,0.3618,47.6437894731307,False,True
10257229,2107600551628304512,283.7047,47.3853,1.0025,0.3375,7.9177,3.0291,13.779,-228.7998,-6.0,0.0,0.0,0.0,0.0427,thin,False,13.779,-228.7998,-6.0,228.9,13.41640786499874,-228.755323877054,15.691137559276502,228.79899016026775,15.041013983162363,thin,thin,thin,0.0427,15.028667306185202,True,True
10264293,2130858830329859456,287.4798,47.3601,1.2962,0.2377,7.972,3.0527,-26.803,-217.5364,16.0,0.0,0.0,0.0,0.0754,thin,False,-26.803,-217.5364,16.0,214.3,48.70318264754368,-217.58035746251704,30.907572639780238,217.51617325574048,31.35608987387774,thin,thin,thin,0.0754,31.215393782555427,True,True
10265898,2130825020347168512,288.3279,47.3815,1.0817,0.2709,7.9468,3.0353,-4.3932,-222.8226,4.0,-5.0141,-228.41,5.53,0.0515,thin,True,-5.0141,-228.41,5.53,226.59,29.72885803390369,-228.4231895349309,7.048374471396546,228.40955273988413,7.477253316967849,thin,thin,thin,0.0515,7.464723625828354,True,True
10266615,2130815021663398144,288.6707,47.3991,1.2513,0.235,7.9714,3.0495,-7.9407,-229.4019,-5.0,-9.7099,-250.3734,1.11,0.0757,thin,True,-9.7099,-250.3734,1.11,248.42,32.70883978376487,-250.39363643301587,9.240748554672203,250.36990558136907,9.86280787485664,thin,thin,thin,0.0757,9.773139618873763,True,True
10271806,2129161734133025408,290.9343,47.3575,1.2622,0.2149,7.9793,3.0495,-24.0376,-229.0808,-9.0,0.0,0.0,0.0,0.05,thin,False,-24.0376,-229.0808,-9.0,225.9,45.89117562233506,-229.12969592206383,25.226819987120287,229.0701559086067,25.761864684191785,thin,thin,thin,0.05,25.667220608394672,True,True
10272640,2129158710476149376,291.2757,47.3295,0.5264,0.4689,7.7892,2.923,44.6292,-223.9512,-15.0,0.0,0.0,0.0,0.2614,thin,False,44.6292,-223.9512,-15.0,228.3,15.811388300841896,-223.49794022841547,49.18903041995892,223.77770235398265,47.90020802848745,thin,thin,thin,0.2614,47.08253914818104,True,True
10285631,2080580328258222208,296.1834,47.3588,0.9651,0.2189,7.9612,3.0194,21.9661,-219.9625,10.0,0.0,0.0,0.0,0.052,thin,False,21.9661,-219.9625,10.0,221.0,11.180339887498947,-219.89138887231923,24.774525218508007,219.96536124604089,24.10891643974769,thin,thin,thin,0.052,24.135234600268547,True,True
10289119,2086389357427331712,297.2158,47.3785,1.149,0.1805,7.9901,3.0375,17.107,-231.1736,-21.0,0.0,0.0,0.0,0.0532,thin,False,17.107,-231.1736,-21.0,231.7,22.13594362117865,-231.1514923279705,27.27411950095125,231.1990502719782,26.86799496306489,thin,thin,thin,0.0532,27.085964058899584,True,True
10291589,2086348641136640512,297.9053,47.3368,0.6782,0.2756,7.9073,2.9677,-16.429,-235.9011,-39.0,-16.8932,-242.968,-37.8,0.1799,thin,True,-16.8932,-242.968,-37.8,236.38,69.80102004985314,-243.0590847048861,40.8652436970956,242.98280685812944,41.31636929045137,thick,thin,thin,0.1799,41.40314246817504,False,True
10318874,2119602202081351168,281.1947,47.4973,5.2476,0.0879,8.0809,3.1202,15.9221,-229.7117,12.0,358.5175,-201.5398,181.54,1.0,thick,True,358.5175,-201.5398,181.54,209.17,397.9418877172897,-201.52145819166637,401.8693031176983,201.72369288808,401.76782677013296,thick,thick,thick,1.0,401.86013662249457,True,True
10328393,2130683904901068800,286.6628,47.4137,2.8604,0.123,8.0527,3.1015,-22.58,-210.375,37.0,-19.9993,-196.3802,32.57,0.2933,thin,True,-19.9993,-196.3802,32.57,195.42,42.86005716281769,-196.3885595844114,38.17714714800047,196.3671586621316,38.28707221714979,thick,thin,thin,0.2933,38.22011120457396,False,True
10329196,2130676478898097792,287.1349,47.4886,1.8116,0.1802,8.0139,3.0776,8.0738,-235.5656,-12.0,11.2043,-211.5364,-19.65,0.0641,thin,True,11.2043,-211.5364,-19.65,211.82,19.78883776273887,-211.53144347203576,22.666250740626264,211.5503930772648,22.48870135989919,thin,thin,thin,0.0641,22.619877066199983,True,True
10329469,2131048324286015104,287.2978,47.4555,1.3227,0.2348,7.976,3.0548,58.8423,-237.8949,-19.0,0.0,0.0,0.0,0.8273,thick,False,58.8423,-237.8949,-19.0,242.1,42.485291572496,-237.78789750441115,62.244082453126886,237.9266716778234,61.71149734298479,thin,thick,thick,0.8273,61.83377935473458,False,True
10330115,2130857627739052928,287.6536,47.4148,0.9759,0.3057,7.9254,3.0238,-36.3895,-220.0033,9.0,0.0,0.0,0.0,0.1116,thin,False,-36.3895,-220.0033,9.0,214.2,62.64982043070834,-220.10974513172675,36.85566575231396,219.9936645397946,37.54234359163432,thin,thin,thin,0.1116,37.48594016761484,True,True
10337258,2129162283888866688,290.9579,47.4063,1.3166,0.2072,7.9856,3.0532,6.944,-225.5679,2.0,3.8767,-256.9915,10.53,0.1026,thin,True,3.8767,-256.9915,10.53,256.33,21.574285619690865,-256.9840958621567,11.388291088211387,256.99373116089106,11.168744065635712,thick,thin,thin,0.1026,11.220949286490871,False,True
10337517,2129164173675031936,291.0629,47.4848,1.9455,0.1476,8.0298,3.0815,-13.9335,-218.1295,24.0,-15.947,-233.6283,27.87,0.0711,thin,True,-15.947,-233.6283,27.87,232.25,40.90404014275363,-233.6403515294704,32.02169791228238,233.61471940793777,32.208164740489416,thin,thin,thin,0.0711,32.1098693395037,True,True
10339000,2129140018778660096,291.6389,47.475,0.5117,0.4722,7.7901,2.9188,53.4253,-213.1639,6.0,0.0,0.0,0.0,0.5523,thick,False,53.4253,-213.1639,6.0,219.7,7.810249675906654,-212.48407012079767,56.38803015623032,212.8291160868961,55.07138409074619,thin,thick,thick,0.5523,53.7611633067031,False,True
10350571,2080605823183999616,295.9207,47.4486,0.7489,0.2766,7.918,2.9863,27.2996,-226.0984,-14.0,0.0,0.0,0.0,0.0641,thin,False,27.2996,-226.0984,-14.0,227.6,16.1245154965971,-225.91591289954215,31.996254449020707,226.03701206192767,31.129233497083828,thin,thin,thin,0.0641,30.68009387469341,True,True
10351231,2080581565208813312,296.1313,47.4388,0.7749,0.2674,7.9243,2.9901,-19.9864,-220.3374,12.0,0.0,0.0,0.0,0.0504,thin,False,-19.9864,-220.3374,12.0,214.8,54.3415126767741,-220.43354910572415,22.3850492216186,220.3534738538356,23.160020737188223,thin,thin,thin,0.0504,23.312146725687878,True,True
10353968,2086388807671765504,296.9867,47.4774,1.3334,0.1597,8.0094,3.0528,-19.9472,-226.9639,-1.0,0.0,0.0,0.0,0.0435,thin,False,-19.9472,-226.9639,-1.0,224.3,40.01249804748511,-226.9991718747621,19.56696113790328,226.95176181285703,20.109396063537048,thin,thin,thin,0.0435,19.972250445055007,True,True
10358759,2086435189017387264,298.3484,47.4913,1.1276,0.1731,7.9954,3.0361,85.4977,-218.6118,12.0,0.0,0.0,0.0,0.9996,thick,False,85.4977,-218.6118,12.0,226.4,63.150613615387776,-218.4302643415584,86.79389160348174,218.6736498738334,86.1788538497474,thin,thick,thick,0.9996,86.33572091139332,False,True
10384298,2119607145587563136,281.3274,47.585,4.6525,0.0963,8.0761,3.1174,19.5325,-228.6948,12.0,19.1568,-230.5344,12.86,0.0461,thin,True,19.1568,-230.5344,12.86,230.93,18.70283400984995,-230.5329196811012,23.087525707770148,230.5450988261387,22.965589634188294,thin,thin,thin,0.0461,23.072983904124754,True,True
10384798,2119617320366308736,281.663,47.5686,1.1055,0.3293,7.9331,3.0401,26.8518,-214.3828,18.0,0.0,0.0,0.0,0.088,thin,False,26.8518,-214.3828,18.0,216.0,18.68154169226941,-214.320861800215,32.73481628500681,214.39570006531272,32.24102655785756,thin,thin,thin,0.088,32.326756150903854,True,True
10395381,2130866904868424320,287.6082,47.5097,1.3658,0.2265,7.9816,3.0572,-0.5044,-219.5232,13.0,0.0,0.0,0.0,0.049,thin,False,-0.5044,-219.5232,13.0,218.7,23.021728866442675,-219.52371224965853,13.00114456996401,219.5227492312445,13.017394898986764,thin,thin,thin,0.049,13.009781679951436,True,True
10396708,2130832854367562880,288.2971,47.5602,2.1479,0.1494,8.0337,3.0877,44.0533,-222.449,19.0,0.0,0.0,0.0,0.2896,thin,False,44.0533,-222.449,19.0,224.5,37.21558813185679,-222.4242776450088,48.09044306404392,222.48762321230893,47.79652202135272,thin,thin,thin,0.2896,47.97596524187919,True,True
10403228,2129185923389399808,291.2268,47.55,3.3078,0.0952,8.0682,3.1063,1.2147,-232.7021,1.0,0.0,0.0,0.0,0.0707,thin,False,1.2147,-232.7021,1.0,232.6,7.071067811865476,-232.7017031460012,1.6362618831760496,232.7028157509281,1.4695378830173096,thin,thin,thin,0.0707,1.5733709321072384,True,True
10407482,2128481789271221632,292.9553,47.573,1.9548,0.1374,8.0353,3.0815,-30.2923,-229.0341,-3.0,0.0,0.0,0.0,0.0627,thin,False,-30.2923,-229.0341,-3.0,226.8,44.10215414239989,-229.05767785725925,30.2625216173416,229.00897503709305,30.62889734319701,thin,thin,thin,0.0627,30.440490128938464,True,True
10418224,2086577373912703104,296.8137,47.5265,0.455,0.4189,7.8027,2.8883,-17.9493,-229.9357,-15.0,0.0,0.0,0.0,0.0464,thin,False,-17.9493,-229.9357,-15.0,218.1,76.48529270389177,-230.16249760690863,21.043637882974743,230.05381453068009,22.20027972534224,thin,thin,thin,0.0464,23.39182272697021,True,True
10426656,2085701097508446464,299.1275,47.5938,1.0919,0.1709,7.9972,3.0331,5.1336,-222.5531,8.0,3.7025,-276.1735,17.22,0.3639,thin,True,3.7025,-276.1735,17.22,274.95,31.37740110334188,-276.16198682716816,17.79328052021264,276.1739562609246,17.606523881474157,thick,thin,thin,0.3639,17.613543262217288,False,True
10450504,2119666832749014912,282.1578,47.6865,1.2812,0.2834,7.9616,3.0541,-5.7962,-219.9485,11.0,0.0,0.0,0.0,0.0491,thin,False,-5.7962,-219.9485,11.0,218.6,27.31300056749533,-219.95969200139368,12.23494563339098,219.9463070223566,12.47325247187962,thin,thin,thin,0.0491,12.433661344913654,True,True
10453588,2131628282308860288,283.8852,47.6371,1.9428,0.187,8.017,3.0829,-35.6089,-246.5117,-31.0,-29.9929,-210.9713,-43.31,0.5289,thick,True,-29.9929,-210.9713,-43.31,208.85,60.54661179620211,-210.98698549970604,52.61850102147385,210.93991333032443,52.80689030983756,thin,thick,thick,0.5289,52.68140232007876,False,True
10460984,2130889204338693504,287.7808,47.6298,1.0856,0.2775,7.9486,3.0356,-36.8982,-229.695,-10.0,0.0,0.0,0.0,0.1101,thin,False,-36.8982,-229.695,-10.0,224.5,61.814237842102365,-229.7836452750335,37.69252398178666,229.6778955710891,38.331635577364864,thin,thin,thin,0.1101,38.22927102679307,True,True
10464050,2127914132032810112,289.2489,47.6501,1.1602,0.2475,7.9653,3.0423,27.2598,-223.0964,5.0,27.4948,-225.6557,6.09,0.0563,thin,True,27.4948,-225.6557,6.09,227.27,7.866924430805218,-225.5837891720693,28.731436837919997,225.6589436720682,28.135076698071327,thin,thin,thin,0.0563,28.161181208180885,True,True
10468940,2129193070214982016,291.3021,47.6977,1.4003,0.1948,7.9982,3.0585,-74.3602,-227.7547,-5.0,0.0,0.0,0.0,0.9878,thick,False,-74.3602,-227.7547,-5.0,220.8,93.1343116150004,-227.8868703336728,74.12296762491239,227.72016929813344,74.63353465319359,thick,thick,thick,0.9878,74.52811109936975,True,True
10471515,2128478044059903872,292.3375,47.6642,2.0215,0.1374,8.0372,3.0834,-11.8757,-225.8739,8.0,-12.6738,-231.4297,9.36,0.0427,thin,True,-12.6738,-231.4297,9.36,230.3,27.746423192909027,-231.4365154821644,15.655455965058117,231.4167759197416,15.944586006294326,thin,thin,thin,0.0427,15.755469096158324,True,True
10480915,2080645611761634432,295.7922,47.6001,1.338,0.1694,8.0062,3.053,-13.7669,-229.4161,-9.0,0.0,0.0,0.0,0.0424,thin,False,-13.7669,-229.4161,-9.0,227.3,35.17101079013795,-229.43612395860612,16.166478368869484,229.4035317764755,16.622563234339058,thin,thin,thin,0.0424,16.447721289285028,True,True
10482160,2080638877253151232,296.2321,47.6789,1.2769,0.1733,8.0036,3.0488,-63.0089,-229.5238,-5.0,0.0,0.0,0.0,0.8498,thick,False,-63.0089,-229.5238,-5.0,222.7,84.1486779456457,-229.63039821089149,62.818549947506646,229.47339389052345,63.38967973073118,thick,thick,thick,0.8498,63.20697334321586,True,True
10489345,2086441721667415424,298.3027,47.694,1.2126,0.1638,8.0068,3.0438,-44.6311,-221.1121,19.0,0.0,0.0,0.0,0.3095,thin,False,-44.6311,-221.1121,19.0,215.7,68.6804193347711,-221.21102981536265,48.053826986273904,221.09378546443463,48.590410875054026,thin,thin,thin,0.3095,48.50706224056452,True,True
10513530,2119809116425132160,280.6414,47.7521,1.599,0.2431,7.9904,3.0715,85.5305,-233.1855,-3.0,0.0,0.0,0.0,0.9995,thick,False,85.5305,-233.1855,-3.0,238.6,69.06518659932803,-233.1055241858096,85.80078434407771,233.26670097669165,85.36162027193909,thick,thick,thick,0.9995,85.58309663858863,True,True
10515564,2119669822046248448,282.0508,47.744,1.3194,0.2786,7.9656,3.0561,23.3087,-225.1319,3.0,0.0,0.0,0.0,0.0474,thin,False,23.3087,-225.1319,3.0,226.3,5.0,-225.1001457621992,23.803663118030084,225.1540961625312,23.287829036508413,thin,thin,thin,0.0474,23.50096797346867,True,True
10525077,2131059594280288128,287.3781,47.7712,0.6661,0.4411,7.8441,2.9701,41.303,-232.5629,-25.0,0.0,0.0,0.0,0.2949,thin,False,41.303,-232.5629,-25.0,236.2,25.019992006393608,-232.29979236886868,49.53025807908215,232.4998802552202,48.58235977500741,thin,thin,thin,0.2949,48.27978675387869,True,True
10526549,2130882023153533184,288.1383,47.7246,1.7569,0.1791,8.0154,3.0758,60.8784,-224.181,13.0,69.7118,-158.2672,-6.23,0.9999,thick,True,69.7118,-158.2672,-6.23,162.51,59.477183860704095,-158.20610753286954,70.1274770635456,158.32913074666243,69.84927957399609,thick,thick,thick,0.9999,69.98962751179634,True,True
10531955,2129369095153280000,290.5437,47.7259,2.489,0.1236,8.05,3.0944,17.0925,-234.9555,-8.0,22.6172,-198.855,-17.36,0.1474,thin,True,22.6172,-198.855,-17.36,199.7,21.82058660989663,-198.85025491611088,28.544773948968796,198.87839048987055,28.348082759836824,thick,thin,thin,0.1474,28.511529875473187,False,True
10536241,2128501992797173248,292.3394,47.7464,0.6608,0.3665,7.8732,2.9674,-35.7334,-212.4056,31.0,0.0,0.0,0.0,0.3239,thin,False,-35.7334,-212.4056,31.0,203.0,78.39005038906404,-212.6773471798656,46.068926583271946,212.51040929706565,46.83295784374126,thick,thin,thin,0.3239,47.30619278234088,False,True
10538176,2128818411627270528,293.1466,47.7297,0.9344,0.2604,7.9467,3.0166,98.6555,-231.7087,-26.0,0.0,0.0,0.0,1.0,thick,False,98.6555,-231.7087,-26.0,242.2,73.7360156233031,-231.3658846149049,102.7991606792706,231.70323941238772,102.03650741673648,thick,thick,thick,1.0,102.02405441977886,True,True
10546063,2080641900910065152,296.0276,47.7535,0.4236,0.467,7.78,2.872,-81.6658,-226.3287,34.0,0.0,0.0,0.0,0.9998,thick,False,-81.6658,-226.3287,34.0,196.4,143.09786860746738,-227.65711516214827,84.98351555477309,227.06975173976025,86.54067162232819,thick,thick,thick,0.9998,88.46074208167147,True,True
10549023,2086586273085111808,296.9688,47.7515,0.5793,0.3396,7.8736,2.939,32.6018,-218.4064,-1.0,0.0,0.0,0.0,0.0806,thin,False,32.6018,-218.4064,-1.0,220.5,12.041594578792296,-218.16434002649663,34.19898742365261,218.3497647274021,32.994397152973505,thin,thin,thin,0.0806,32.61713297087897,True,True
10549902,2086421105826324480,297.2135,47.7754,0.7527,0.2632,7.9331,2.986,66.7363,-218.9014,-3.0,66.0583,-183.7416,-9.34,0.9913,thick,True,66.0583,-183.7416,-9.34,191.76,37.94738462661162,-183.3635145046388,67.74749551464699,183.6476187198624,66.97353013335953,thick,thick,thick,0.9913,66.71532506770839,True,True
10552611,2086455740440489472,297.9707,47.7316,3.2901,0.0753,8.0786,3.1053,-35.8222,-226.2472,19.0,-35.0383,-219.9947,18.04,0.1314,thin,True,-35.0383,-219.9947,18.04,218.58,46.621687013663504,-220.0063114520356,39.34489828770565,219.9725965021956,39.53295951585529,thin,thin,thin,0.1314,39.40969508750353,True,True
10554999,2086468453545432960,298.6636,47.7619,1.6378,0.1258,8.0378,3.0687,-67.0274,-221.6727,24.0,0.0,0.0,0.0,0.973,thick,False,-67.0274,-221.6727,24.0,216.2,86.40023148117139,-221.73917276627327,70.98717673586413,221.6086219986032,71.39368778736835,thick,thick,thick,0.973,71.19460900068206,True,True
10577994,2119814820141727232,280.6909,47.8097,1.7765,0.2208,8.0042,3.0786,-42.9995,-207.9185,25.0,0.0,0.0,0.0,0.4495,thin,False,-42.9995,-207.9185,25.0,204.8,61.326992425847855,-207.95461208663625,49.58749148622724,207.88185114085388,49.891642248495536,thin,thin,thin,0.4495,49.73888820882509,True,True
10583066,2131635154256753408,283.7107,47.8632,1.8289,0.1985,8.0124,3.0794,-59.1846,-208.1778,30.0,0.0,0.0,0.0,0.9452,thick,False,-59.1846,-208.1778,30.0,204.1,78.0,-208.22057791231748,66.21933957584076,208.12200253733667,66.52850561863553,thick,thick,thick,0.9452,66.35372542035601,True,True
10584140,2131647661201411712,284.3169,47.8871,1.1244,0.3013,7.9478,3.0407,-18.9593,-219.8267,10.0,0.0,0.0,0.0,0.0488,thin,False,-18.9593,-219.8267,10.0,216.8,42.20189569201838,-219.8703702164457,20.9823807248624,219.81886652951343,21.5152484921732,thin,thin,thin,0.0488,21.434902763716938,True,True
10585852,2131495378841740800,285.2211,47.8813,0.789,0.4027,7.8811,2.9988,-17.2584,-238.3808,-25.0,-15.6047,-217.6951,-31.88,0.1001,thin,True,-15.6047,-217.6951,-31.88,213.26,56.31297186261794,-217.780485575956,34.96624804437561,217.72185435834976,35.32948534526835,thin,thin,thin,0.1001,35.49423984381128,True,True
10586004,2131494313689868416,285.3112,47.8485,2.405,0.1482,8.0413,3.0945,-51.6221,-221.4782,10.0,-50.8773,-216.2573,7.91,0.4375,thin,True,-50.8773,-216.2573,7.91,213.62,61.52063231144491,-216.30249752118797,51.29836416589214,216.23805952917917,51.56931462657993,thin,thin,thin,0.4375,51.48852061663842,True,True
10586208,2131496856310537984,285.4242,47.8346,0.9919,0.3255,7.9282,3.0271,-53.9616,-204.8034,37.0,-55.3989,-221.1948,42.64,0.9637,thick,True,-55.3989,-221.1948,42.64,213.42,90.9189727174697,-221.3765096336245,69.33106794528531,221.203915384497,69.87978118574985,thick,thick,thick,0.9637,69.90856686565674,True,True
10586744,2131485655035935744,285.707,47.8699,0.5401,0.5611,7.7781,2.9346,-4.3998,-222.35,1.0,0.0,0.0,0.0,0.0628,thin,False,-4.3998,-222.35,1.0,216.7,50.00999900019995,-222.38615317156072,2.0709605392487416,222.37179622030595,3.2671464238271537,thin,thin,thin,0.0628,4.512010642717945,True,True
10591855,2130932428889277824,288.4167,47.8787,2.5014,0.1314,8.0485,3.0954,18.3541,-245.314,-26.0,0.0,0.0,0.0,0.0912,thin,False,18.3541,-245.314,-26.0,245.9,26.92582403567252,-245.30415419621588,31.901127473478866,245.326760058371,31.726815145274905,thin,thin,thin,0.0912,31.825665536010398,True,True
10593535,2127941413665428992,289.1827,47.8733,1.0818,0.2658,7.957,3.035,-22.0909,-235.3845,-19.0,-19.3051,-201.5363,-29.12,0.1794,thin,True,-19.3051,-201.5363,-29.12,198.34,49.9877114899252,-201.58973514875373,34.628103942539724,201.5344625016887,34.94835223805915,thick,thin,thin,0.1794,34.93796339241885,False,True
10599206,2129241586165440768,291.5545,47.8144,1.7464,0.1604,8.0236,3.0746,-8.7644,-227.7983,1.0,-4.918,-189.9858,-8.49,0.238,thin,True,-4.918,-189.9858,-8.49,189.23,19.567754086762232,-189.99027871562225,9.725425109483623,189.9814573309708,9.896250320224205,thick,thin,thin,0.238,9.811565828143845,False,True
10600261,2129234336259850240,291.9714,47.864,0.8827,0.288,7.9335,3.0101,-110.2383,-234.2741,-13.0,0.0,0.0,0.0,1.0,thick,False,-110.2383,-234.2741,-13.0,217.8,140.60227594174995,-234.72624125222927,110.04286286534118,234.33155844149525,110.88084017710231,thick,thick,thick,1.0,111.00217469441759,True,True
10600955,2129254333627658112,292.2478,47.8784,1.4117,0.1877,8.0039,3.0589,6.9476,-229.0091,-6.0,0.0,0.0,0.0,0.0482,thin,False,6.9476,-229.0091,-6.0,228.8,13.41640786499874,-228.99716437866755,9.473051595421156,229.0129618575608,9.083132787062675,thin,thin,thin,0.0482,9.179822752101481,True,True
10601284,2128504397979254528,292.3761,47.881,0.9948,0.2552,7.9559,3.0243,-29.4297,-220.2566,13.0,0.0,0.0,0.0,0.0754,thin,False,-29.4297,-220.2566,13.0,215.3,56.51548460377917,-220.34391831636495,31.569726970486897,220.25105550308092,32.21121776305208,thin,thin,thin,0.0754,32.173082570527804,True,True
10602291,2128493643381199872,292.7824,47.8006,0.4515,0.5091,7.7702,2.8903,30.6324,-219.8886,-7.0,29.5572,-209.3449,-9.88,0.0985,thin,True,29.5572,-209.3449,-9.88,210.12,25.41870964466922,-208.84868427437436,34.332961958775094,209.0744721064512,32.93008219559674,thin,thin,thin,0.0985,31.164763304732478,True,True
10604592,2128835110460415616,293.7114,47.8874,2.1385,0.1252,8.0465,3.0864,-15.8785,-238.2391,-25.0,-17.3533,-253.0531,-21.51,0.1013,thin,True,-17.3533,-253.0531,-21.51,251.71,37.97030681993497,-253.06272168414705,27.548633247621357,253.0371447778164,27.78257840248789,thick,thin,thin,0.1013,27.6372415571815,False,True
10610039,2080652861666717184,295.6709,47.8303,0.9189,0.239,7.9576,3.0131,-58.2252,-236.1074,-26.0,0.0,0.0,0.0,0.8733,thick,False,-58.2252,-236.1074,-26.0,226.7,91.76055797563568,-236.280059287641,63.12387490505358,236.078579822686,63.87326630839921,thick,thick,thick,0.8733,63.76655796763693,True,True
10615440,2086419903235549312,297.3288,47.8155,1.2904,0.1634,8.0113,3.05,1.2182,-221.0148,15.0,0.0,0.0,0.0,0.0462,thin,False,1.2182,-221.0148,15.0,220.2,24.20743687382041,-221.0117520077356,15.094551151696658,221.0152483473595,15.043270852942817,thin,thin,thin,0.0462,15.049385742946454,True,True
10616679,2086414268238649984,297.7002,47.8637,1.8854,0.1176,8.0469,3.0784,-22.6142,-228.5837,0.0,0.0,0.0,0.0,0.0454,thin,False,-22.6142,-228.5837,0.0,226.7,37.0,-228.60237600087777,22.42417638963142,228.56424212534708,22.809586179185608,thin,thin,thin,0.0454,22.6142,True,True
10619192,2086449761846310784,298.3952,47.815,1.4115,0.144,8.0244,3.0575,-15.1227,-225.3668,5.0,0.0,0.0,0.0,0.0432,thin,False,-15.1227,-225.3668,5.0,223.3,34.36568055487916,-225.3922939012519,15.562899791866942,225.35836840723115,16.046675320162098,thin,thin,thin,0.0432,15.927839002513807,True,True
10657406,2130979570450326912,288.3725,47.9336,2.5597,0.1292,8.0504,3.0965,4.415,-230.7358,1.0,0.0,0.0,0.0,0.059,thin,False,4.415,-230.7358,1.0,230.7,6.082762530298219,-230.7333664757553,4.6479667344746,230.73866561144013,4.377007179798682,thin,thin,thin,0.059,4.526833882527611,True,True
10659624,2127947014302752512,289.3665,47.9238,1.2802,0.2272,7.9833,3.0514,-22.3506,-230.348,-8.0,-24.6886,-252.9102,-1.16,0.0895,thin,True,-24.6886,-252.9102,-1.16,249.66,47.37420395109558,-252.96199885863695,24.17970085511669,252.90214934236835,24.797855915591235,thick,thin,thin,0.0895,24.715836420400585,False,True
10663396,2129215369685086080,290.9792,47.9889,1.4427,0.194,8.0036,3.0608,-71.6797,-217.4949,18.0,-72.9718,-234.4946,22.49,0.9929,thick,True,-72.9718,-234.4946,22.49,227.84,94.37878840078422,-234.59891871909943,76.03794208044678,234.4402987771874,76.52560100556612,thick,thick,thick,0.9929,76.35891365937576,True,True
10663738,2129211693193110784,291.1275,47.9387,0.6895,0.3762,7.877,2.973,-11.7863,-234.705,-23.0,0.0,0.0,0.0,0.0521,thin,False,-11.7863,-234.705,-23.0,229.4,55.94640292279746,-234.7618416823524,25.32267146077035,234.7104973754021,25.79423233576387,thin,thin,thin,0.0521,25.84408767377947,True,True
10665228,2129248625612925568,291.7064,47.9086,0.9204,0.2827,7.9391,3.0145,20.2742,-221.7188,4.0,0.0,0.0,0.0,0.0465,thin,False,20.2742,-221.7188,4.0,222.5,8.94427190999916,-221.66236578985755,21.261363842505208,221.73300572770177,20.51156188492189,thin,thin,thin,0.0465,20.6650232431517,True,True
10669994,2128836308750694016,293.623,47.9619,1.0177,0.239,7.9658,3.0262,9.3568,-219.6837,13.0,0.0,0.0,0.0,0.0472,thin,False,9.3568,-219.6837,13.0,219.3,20.615528128088304,-219.6590695671557,16.35185484559632,219.6889815690334,15.944948327320263,thin,thin,thin,0.0472,16.017169108178884,True,True
10676014,2080657740749601792,295.8594,47.9396,4.6397,0.0647,8.0893,3.1159,16.0059,-233.4657,7.0,16.6106,-227.0281,5.48,0.0426,thin,True,16.6106,-227.0281,5.48,227.38,12.084010095990486,-227.02711410636817,17.50363278105659,227.0383029352763,17.35790022640101,thin,thin,thin,0.0426,17.491210145670312,True,True
10676824,2086649220125927040,296.1207,47.9215,0.9268,0.2326,7.9632,3.0143,26.6711,-224.2282,-5.0,0.0,0.0,0.0,0.0544,thin,False,26.6711,-224.2282,-5.0,225.8,5.385164807134504,-224.14127943883997,27.844691621920877,224.23442577390733,27.08435522300742,thin,thin,thin,0.0544,27.135725072494377,True,True
10682541,2086507280048687488,297.8082,47.9466,0.9552,0.209,7.9776,3.0178,-2.9982,-227.0067,-10.0,0.0,0.0,0.0,0.0468,thin,False,-2.9982,-227.0067,-10.0,224.9,32.57299494980466,-227.01517965302435,10.25271705964236,227.00631805955663,10.447083853563877,thin,thin,thin,0.0468,10.439789425079416,True,True
10709622,2119646801021958272,281.3226,48.0665,0.7944,0.4533,7.8707,3.0012,17.2792,-243.7804,-31.0,0.0,0.0,0.0,0.1118,thin,False,17.2792,-243.7804,-31.0,243.8,35.35533905932738,-243.6980139945641,36.05160156089101,243.76757694734584,35.57820160182135,thin,thin,thin,0.1118,35.490431846344165,True,True
10713616,2131690988831633792,283.533,48.0944,1.6055,0.2244,7.9996,3.071,70.8953,-222.8545,13.0,67.8905,-243.3074,20.18,0.9771,thick,True,67.8905,-243.3074,20.18,247.49,54.43846066890577,-243.233140527666,71.08083742506598,243.36223153845805,70.63759877446236,thick,thick,thick,0.9771,70.82621259286705,True,True
10714072,2131643641112197888,283.7871,48.0296,2.3925,0.1567,8.0395,3.0942,16.5671,-243.6887,-19.0,34.0436,-136.8504,-56.99,1.0,thick,True,34.0436,-136.8504,-56.99,138.31,63.28673241683442,-136.83171517605493,66.42249861288708,136.87481563940028,66.33363734697637,thick,thick,thick,1.0,66.38393481076577,True,True
10717241,2131523553827356544,285.485,48.0544,3.2296,0.1163,8.0625,3.1062,24.2744,-233.4875,3.0,0.0,0.0,0.0,0.0489,thin,False,24.2744,-233.4875,3.0,234.2,16.278820596099706,-233.47931361920092,24.536709475942235,233.50211881190867,24.318727564354152,thin,thin,thin,0.0489,24.4590779744454,True,True
10722485,2130980910480096384,288.2327,48.0022,1.0736,0.2778,7.954,3.0344,33.6353,-228.5133,-7.0,0.0,0.0,0.0,0.0809,thin,False,33.6353,-228.5133,-7.0,230.8,11.40175425099138,-228.4227296283832,34.95277655807262,228.5216803493636,34.299877700996056,thin,thin,thin,0.0809,34.35598064515115,True,True
10723367,2130963696251416960,288.6179,48.0984,0.8137,0.3533,7.9057,3.0006,-10.3058,-226.1947,-5.0,0.0,0.0,0.0,0.0458,thin,False,-10.3058,-226.1947,-5.0,222.5,42.2965719651132,-226.23996982461568,10.52264480807894,226.20239366419227,11.301641499790774,thin,thin,thin,0.0458,11.454672131492897,True,True
10723750,2130959744881558272,288.7931,48.0402,0.6738,0.4167,7.862,2.9718,-22.8157,-245.6875,-41.0,-23.0221,-244.7793,-41.54,0.3352,thin,True,-23.0221,-244.7793,-41.54,237.37,76.34116910291588,-244.9280677377195,46.71972425290109,244.82497523738468,47.256983611038585,thick,thin,thin,0.3352,47.493038315209944,False,True
10724369,2130951464184187392,289.0836,48.0181,1.0495,0.2769,7.9527,3.031,-33.3657,-234.2105,-19.0,-31.8965,-220.7965,-22.78,0.1272,thin,True,-31.8965,-220.7965,-22.78,215.93,60.51158566753973,-220.86569279255497,38.80415760282309,220.77065837941464,39.341241702821215,thin,thin,thin,0.1272,39.19585580453627,True,True
10730034,2129295427874937856,291.3908,48.0655,1.2031,0.2245,7.9831,3.0449,-40.8076,-221.3768,11.0,0.0,0.0,0.0,0.167,thin,False,-40.8076,-221.3768,11.0,216.4,62.96824596572466,-221.46550628304985,41.797003801617336,221.35906822047423,42.35708815019554,thin,thin,thin,0.167,42.26417179787154,True,True
10730070,2129295049918456960,291.4079,48.0179,1.261,0.2146,7.989,3.0494,35.6314,-244.1564,-41.0,0.0,0.0,0.0,0.5869,thick,False,35.6314,-244.1564,-41.0,246.4,43.01162633521314,-244.07940921391423,54.66444912177004,244.16898926364672,54.26292179720111,thin,thick,thick,0.5869,54.31939493366987,False,True
10744335,2086631456141614848,296.6149,48.0826,0.665,0.3072,7.9107,2.9658,-73.757,-236.643,-23.0,0.0,0.0,0.0,0.9947,thick,False,-73.757,-236.643,-23.0,220.1,116.29703349613008,-237.12838555872497,75.75710370858084,236.778453914174,76.84382709114244,thick,thick,thick,0.9947,77.25991877422601,True,True
10747501,2086428768048217344,297.483,48.0225,0.7464,0.2654,7.9373,2.9839,57.7943,-217.017,6.0,0.0,0.0,0.0,0.7019,thick,False,57.7943,-217.017,6.0,223.4,23.769728648009423,-216.72447612929687,59.186666120688365,216.97516643669235,58.26094017238008,thin,thick,thick,0.7019,58.10491470168423,False,True
10751908,2086475664789570048,298.6078,48.016,0.765,0.2449,7.9497,2.9876,-6.7818,-217.1089,24.0,-6.2312,-224.0465,24.76,0.0511,thin,True,-6.2312,-224.0465,24.76,220.44,47.48608217151632,-224.07512198678532,25.27966191639575,224.05178482404617,25.48566885838626,thin,thin,thin,0.0511,25.53204757633042,True,True
10788461,2130991596358782464,288.1624,48.1652,2.0297,0.1589,8.0335,3.0848,5.5713,-221.2406,16.0,7.1663,-207.8985,11.94,0.0723,thin,True,7.1663,-207.8985,11.94,207.97,12.813512399026273,-207.8922971949336,14.017837458517684,207.9032421092521,13.854563163871576,thin,thin,thin,0.0723,13.925496604789359,True,True
10794974,2129311439513361792,290.9227,48.1803,1.1346,0.2416,7.9745,3.0391,-36.4691,-222.0965,10.0,0.0,0.0,0.0,0.1109,thin,False,-36.4691,-222.0965,10.0,217.2,59.84145720150872,-222.18065151916767,37.31753060584497,222.07991864331584,37.912395537320194,thin,thin,thin,0.1109,37.81527806072567,True,True
10797460,2129273849959814656,291.9343,48.1417,0.9181,0.282,7.944,3.0144,44.4976,-221.8478,3.0,0.0,0.0,0.0,0.2082,thin,False,44.4976,-221.8478,3.0,225.7,16.278820596099706,-221.7102030655816,45.27776337915307,221.8649161251624,44.513469790330326,thin,thin,thin,0.2082,44.59861439282615,True,True
10810859,2086630768947046272,296.829,48.1733,0.7345,0.2788,7.9335,2.9821,74.2767,-216.1458,-1.0,0.0,0.0,0.0,0.9887,thick,False,74.2767,-216.1458,-1.0,225.2,39.01281840626232,-215.7280491767252,75.48807057015331,216.05479006367025,74.54775442991816,thin,thick,thick,0.9887,74.28343128107372,False,True
10811496,2086623622121548800,297.0048,48.1341,0.6364,0.3148,7.9053,2.9577,-17.4847,-223.1608,5.0,0.0,0.0,0.0,0.0444,thin,False,-17.4847,-223.1608,5.0,216.2,58.215118311311535,-223.2753177293486,16.720421431842684,223.1923460213729,17.79372578960783,thin,thin,thin,0.0444,18.185563892549496,True,True
10813132,2086526693301504896,297.4636,48.1814,1.5018,0.1449,8.0306,3.0627,-1.8739,-229.9637,-10.0,0.0,0.0,0.0,0.0467,thin,False,-1.8739,-229.9637,-10.0,229.1,22.360679774997894,-229.96622804622007,10.116519074953231,229.9624648910447,10.201702859573189,thin,thin,thin,0.0467,10.17406021261915,True,True
10815677,2086491989959365760,298.1733,48.1736,0.7243,0.2644,7.9404,2.9795,-20.2999,-222.8964,4.0,0.0,0.0,0.0,0.0457,thin,False,-20.2999,-222.8964,4.0,216.7,56.1426753904728,-223.0099963423274,19.427597159585165,222.9237652462202,20.393255955047906,thin,thin,thin,0.0457,20.69023779491188,True,True
10842192,2119746375543622016,281.6476,48.271,1.6491,0.2317,8.0011,3.0733,-43.8017,-209.5772,24.0,0.0,0.0,0.0,0.4384,thin,False,-43.8017,-209.5772,24.0,206.1,62.76941930590086,-209.61539891322164,49.78548521859527,209.53506087338965,50.122532505699546,thin,thin,thin,0.4384,49.94585991741457,True,True
10843590,2119711156811669120,282.4605,48.257,2.1472,0.1793,8.0299,3.089,-34.1367,-226.5084,2.0,0.0,0.0,0.0,0.0803,thin,False,-34.1367,-226.5084,2.0,224.4,46.04345773288535,-226.5275759648998,34.06783420569248,226.47954624892057,34.38568206220497,thin,thin,thin,0.0803,34.195237780866506,True,True
10844890,2131696967426337408,283.3443,48.224,1.3908,0.2564,7.9826,3.0605,67.8047,-229.3607,0.0,0.0,0.0,0.0,0.9396,thick,False,67.8047,-229.3607,0.0,234.1,49.0,-229.2433107813013,68.20054590710906,229.3927474190914,67.69621430715985,thin,thick,thick,0.9396,67.8047,False,True
10848097,2131529807300043008,285.3559,48.2215,1.388,0.2433,7.9862,3.0592,16.3198,-246.1921,-33.0,0.0,0.0,0.0,0.1343,thin,False,16.3198,-246.1921,-33.0,246.7,33.24154027718932,-246.1703473379412,36.960114874244745,246.20671266788477,36.7170891721232,thin,thin,thin,0.1343,36.814886554762055,True,True
10854555,2130969262529165184,288.7549,48.2262,0.7905,0.365,7.9009,2.9952,43.7431,-221.2863,0.0,0.0,0.0,0.0,0.1928,thin,False,43.7431,-221.2863,0.0,225.3,11.0,-221.1244633666493,44.55403125208039,221.3004753100124,43.67138224927869,thin,thin,thin,0.1928,43.7431,True,True
10855545,2132454805816607488,289.2173,48.2043,0.4616,0.5795,7.7593,2.8979,26.0643,-229.1819,-23.0,0.0,0.0,0.0,0.0833,thin,False,26.0643,-229.1819,-23.0,228.7,37.8021163428716,-228.76402901322368,37.41268541065925,228.96040752134564,36.191460148207824,thin,thin,thin,0.0833,34.761296501856776,True,True
10858832,2129500383713365248,290.7477,48.242,1.1458,0.2416,7.976,3.0401,-1.3933,-223.0903,7.0,0.0,0.0,0.0,0.0547,thin,False,-1.3933,-223.0903,7.0,221.8,25.0,-223.0928303678558,7.058968654068053,223.0894852312801,7.163908098410204,thin,thin,thin,0.0547,7.1373163647130005,True,True
10863608,2128893144058813056,292.8322,48.2193,0.8694,0.287,7.94,3.0069,-0.0281,-223.126,0.0,0.0,0.0,0.0,0.0819,thin,False,-0.0281,-223.126,0.0,221.1,30.0,-223.1249234347419,0.6917674757847656,223.1259614064704,0.1238807422277755,thin,thin,thin,0.0819,0.0281,True,True
10864531,2128902558627267200,293.2302,48.2814,0.9096,0.2717,7.9508,3.0126,8.792,-223.224,0.0,9.0466,-227.285,0.75,0.0487,thin,True,9.0466,-227.285,0.75,226.56,20.283870439341698,-227.2575324389177,9.74078794422031,227.2900799614916,8.949220697845837,thin,thin,thin,0.0487,9.077635791328047,True,True
10864656,2128901871432519936,293.2822,48.2859,1.1712,0.2181,7.9873,3.0401,57.9309,-223.4821,2.0,58.1877,-214.0576,0.11,0.7225,thick,True,58.1877,-214.0576,0.11,218.85,36.2101670805314,-214.01257925486948,58.35335997762437,214.16960943656557,57.77436363811351,thin,thick,thick,0.7225,58.187803973771,False,True
10866969,2128750585504962688,294.2009,48.25,0.3497,0.6083,7.7138,2.8244,-26.2987,-227.662,5.0,0.0,0.0,0.0,0.0523,thin,False,-26.2987,-227.662,5.0,208.1,96.13012014972206,-228.2872817746769,20.77322747984242,228.0996646321151,22.74099810291168,thick,thin,thin,0.0523,26.769789347135326,False,True
10867062,2128750173188095488,294.23,48.2044,0.2394,0.8769,7.5229,2.6843,0.4984,-229.7862,3.0,-3.6047,-220.3146,0.65,0.0683,thin,True,-3.6047,-220.3146,0.65,196.09,100.50210196806832,-220.3000885179549,4.453268348220861,220.33715020101008,1.871053526103024,thick,thin,thin,0.0683,3.662835252915424,False,True
10872983,2086660283961964416,296.2861,48.2246,0.6323,0.3268,7.9019,2.958,-36.8125,-223.479,8.0,0.0,0.0,0.0,0.1078,thin,False,-36.8125,-223.479,8.0,213.0,77.41446893184762,-223.76939597542352,35.90623100234975,223.58971439748032,37.0086424454232,thin,thin,thin,0.1078,37.671742145141096,True,True
10873178,2086657397744681472,296.3608,48.213,0.7738,0.2722,7.9406,2.9903,-53.3946,-213.692,40.0,0.0,0.0,0.0,0.9379,thick,False,-53.3946,-213.692,40.0,203.2,93.94147114027967,-213.96462388832717,65.83600629083382,213.7467286662378,66.54003294620243,thick,thick,thick,0.9379,66.71569012728564,True,True
10873260,2086681002884954240,296.3855,48.2334,0.6973,0.3,7.9211,2.9733,10.0449,-226.3142,-13.0,9.3994,-217.0211,-15.22,0.0503,thin,True,9.3994,-217.0211,-15.22,215.53,31.0640435230187,-216.96607143397253,18.543989498172397,217.0123561375044,17.99424862696294,thin,thin,thin,0.0503,17.888463331432355,True,True
10874215,2086634445439637376,296.7127,48.2723,0.6958,0.296,7.9243,2.9732,-28.5697,-225.78,-4.0,0.0,0.0,0.0,0.0581,thin,False,-28.5697,-225.78,-4.0,217.8,66.12110101926616,-225.94438666593217,27.531330046979942,225.8168504040248,28.558537665754127,thin,thin,thin,0.0581,28.848357979094757,True,True
10874614,2086636884980514304,296.8372,48.24,1.7108,0.1338,8.0403,3.0724,27.5915,-224.4289,12.0,29.5521,-195.3136,6.1,0.1973,thin,True,29.5521,-195.3136,6.1,196.89,17.095347320250617,-195.2782321199335,30.40287914184062,195.33317807996303,30.04783754584404,thick,thin,thin,0.1973,30.175099244410116,False,True
10878263,2086519821353411456,297.9616,48.2443,2.4181,0.0968,8.0661,3.0922,-11.5193,-232.7529,-7.0,0.0,0.0,0.0,0.044,thin,False,-11.5193,-232.7529,-7.0,231.9,24.04163056034261,-232.75806762521464,13.389994599551132,232.7429000949334,13.651097223294808,thin,thin,thin,0.044,13.479401785316735,True,True
10879038,2086541158751075968,298.2007,48.2678,0.9871,0.2022,7.9888,3.0215,-2.716,-227.8671,-13.0,0.0,0.0,0.0,0.0437,thin,False,-2.716,-227.8671,-13.0,225.9,32.69556544854363,-227.87387423509605,13.164628406744145,227.8659476951844,13.301123297507374,thin,thin,thin,0.0437,13.280687331610514,True,True
10880507,2086485186737501696,298.6624,48.2489,1.3424,0.1511,8.0254,3.0531,85.133,-224.1562,3.0,0.0,0.0,0.0,0.9994,thick,False,85.133,-224.1562,3.0,230.8,65.06919393998976,-223.9998387000016,85.59621640220585,224.20275456647272,85.06329904727414,thin,thick,thick,0.9994,85.18584206897293,False,True
10881457,2086856271911588224,298.9591,48.2578,0.5816,0.3087,7.908,2.942,39.5078,-210.4446,23.0,0.0,0.0,0.0,0.2954,thin,False,39.5078,-210.4446,23.0,214.1,23.194827009486403,-210.04951354385028,47.49749319692426,210.27434042763272,46.49206123333326,thin,thin,thin,0.2954,45.71505507860621,True,True
10904857,2131712669826755328,282.9662,48.3451,0.8671,0.4018,7.9008,3.0115,29.6543,-226.6684,-5.0,0.0,0.0,0.0,0.0617,thin,False,29.6543,-226.6684,-5.0,228.6,5.0,-226.56346866615837,30.853762589977336,226.6705620054057,30.056884738001752,thin,thin,thin,0.0617,30.072869974280806,True,True
10905239,2131709921047710336,283.2555,48.3552,1.0851,0.3236,7.9456,3.0375,44.3651,-222.5955,6.0,0.0,0.0,0.0,0.2099,thin,False,44.3651,-222.5955,6.0,226.0,21.840329667841555,-222.4873263941602,45.30330665611972,222.61373708227345,44.67800423322895,thin,thin,thin,0.2099,44.768985894366644,True,True
10907132,2131572172857547264,284.6134,48.3734,0.6899,0.4747,7.8523,2.9768,-38.386,-220.2805,8.0,0.0,0.0,0.0,0.1285,thin,False,-38.386,-220.2805,8.0,211.0,74.43117626371358,-220.4654136891388,38.157585967627824,220.2942186700923,39.13383728352685,thin,thin,thin,0.1285,39.21077652890848,True,True
10908248,2131530769372738560,285.347,48.3122,0.9006,0.3588,7.9176,3.0159,9.0688,-231.3877,-11.0,0.0,0.0,0.0,0.0432,thin,False,9.0688,-231.3877,-11.0,230.7,22.825424421026653,-231.3478638275556,14.888112789296391,231.38117370889327,14.36114386443353,thin,thin,thin,0.0432,14.256336606576038,True,True
10909127,2131896494426821760,285.8993,48.3073,1.0858,0.2988,7.9524,3.0364,23.0984,-247.2415,-38.0,0.0,0.0,0.0,0.2719,thin,False,23.0984,-247.2415,-38.0,248.3,38.11823710509184,-247.18575916873004,44.77823650143675,247.25251814264684,44.40813295017126,thin,thin,thin,0.2719,44.4694960906912,True,True
10916600,2129467364005869184,290.0259,48.3359,0.9529,0.2927,7.9463,3.0204,-12.3363,-221.3144,5.0,0.0,0.0,0.0,0.047,thin,False,-12.3363,-221.3144,5.0,218.2,39.319206502675,-221.35604986638148,12.599174082138047,221.316573177198,13.274578603555476,thin,thin,thin,0.047,13.311059224945248,True,True
10917433,2129423241804258944,290.4651,48.3322,2.7048,0.1171,8.0593,3.0983,-6.3272,-223.4837,15.0,-8.041,-238.9024,19.37,0.0487,thin,True,-8.041,-238.9024,19.37,238.33,26.702458688293103,-238.90423296264404,20.95179401699768,238.89491510236127,21.05777144513639,thin,thin,thin,0.0487,20.972710387548865,True,True
10920281,2129284398399208960,291.9441,48.3517,2.7176,0.1106,8.0624,3.0985,-17.0809,-230.849,0.0,0.0,0.0,0.0,0.0425,thin,False,-17.0809,-230.849,0.0,229.9,27.0,-230.8577756436879,16.961645699892287,230.8381688983387,17.226426781607113,thin,thin,thin,0.0425,17.0809,True,True
10924562,2128941660008727168,293.8902,48.3361,0.39,0.5747,7.7435,2.8475,70.5191,-215.6161,-17.0,0.0,0.0,0.0,0.9827,thick,False,70.5191,-215.6161,-17.0,226.8,17.72004514666935,-214.5418236436005,75.65742466987764,215.1265355671284,73.97846777870605,thin,thick,thick,0.9827,72.53925464746656,False,True
10933306,2086719795027590400,297.1943,48.3229,0.6504,0.3057,7.9174,2.9631,-20.455,-224.5982,0.0,0.0,0.0,0.0,0.0446,thin,False,-20.455,-224.5982,0.0,217.4,60.0,-224.75777271976585,18.619978572761315,224.66358199932404,19.72396824254736,thin,thin,thin,0.0446,20.455,True,True
10934674,2086532122140235904,297.6726,48.3023,1.7613,0.1263,8.0455,3.0742,29.3488,-226.8381,4.0,0.0,0.0,0.0,0.0602,thin,False,29.3488,-226.8381,4.0,228.3,14.560219778561036,-226.80550981250207,29.868892157075827,226.85857020058512,29.46318255970001,thin,thin,thin,0.0602,29.62012932854953,True,True
10935993,2086547961979330176,298.1916,48.3962,0.6352,0.3002,7.9211,2.9574,-32.4839,-224.241,6.0,0.0,0.0,0.0,0.0754,thin,False,-32.4839,-224.241,6.0,214.5,73.24616030891995,-224.46920236795825,31.44562272070043,224.311147918092,32.55393861989417,thin,thin,thin,0.0754,33.03337341553236,True,True
10937749,2086860326359196800,298.7828,48.3128,1.0186,0.1918,7.9963,3.0248,10.7374,-228.9076,-18.0,0.0,0.0,0.0,0.0439,thin,False,10.7374,-228.9076,-18.0,228.6,24.08318915758459,-228.8803943636705,21.253824971771056,228.9147817508336,20.880198657297377,thin,thin,thin,0.0439,20.95928812626994,True,True
10963065,2131593785132997632,284.7862,48.4233,11.2176,0.0494,8.105,3.1314,-4.5673,-238.659,5.0,3.6195,-196.1233,-10.19,0.1516,thin,True,3.6195,-196.1233,-10.19,196.15,10.317969761537393,-196.12325296596435,10.814464667674065,196.12421438779992,10.797014900808588,thick,thin,thin,0.1516,10.813735721294467,False,True
10973664,2129503235571760128,290.8491,48.416,1.0835,0.2537,7.9711,3.0345,-17.4911,-230.1892,-10.0,-18.5632,-249.1223,-4.97,0.0661,thin,True,-18.5632,-249.1223,-4.97,245.71,45.36307970144885,-249.170652906135,18.57952718263852,249.11751900037228,19.278869964268328,thin,thin,thin,0.0661,19.21700534006274,True,True
10973814,2129509381668153984,290.9274,48.4435,1.2209,0.2271,7.9885,3.0466,-57.8094,-226.1045,1.0,0.0,0.0,0.0,0.6614,thick,False,-57.8094,-226.1045,1.0,219.6,79.00632886041473,-226.23630969952893,57.30001896630435,226.0879356693432,57.88268605355942,thin,thick,thick,0.6614,57.81804846550945,False,True
10978763,2128911251641171200,293.3517,48.4446,1.5831,0.1657,8.025,3.0674,-16.1372,-228.2226,0.0,-15.7634,-228.6661,-0.14,0.0425,thin,True,-15.7634,-228.6661,-0.14,226.87,32.660300059858606,-228.6859320729443,15.47373813687923,228.65466776355944,15.92906180339065,thin,thin,thin,0.0425,15.764021681030512,True,True
10982872,2128724678262662144,295.119,48.4814,1.7886,0.1397,8.0409,3.0755,58.4291,-231.8493,-8.0,0.0,0.0,0.0,0.7113,thick,False,58.4291,-231.8493,-8.0,235.2,43.73785545725808,-231.7917744934452,59.199774300075255,231.895061670793,58.79388040178243,thin,thick,thick,0.7113,58.974229344773974,False,True
10987985,2086734157398583424,297.0256,48.4786,1.641,0.1385,8.0397,3.0694,-6.6127,-227.4692,2.0,0.0,0.0,0.0,0.0529,thin,False,-6.6127,-227.4692,2.0,226.4,23.08679276123039,-227.47749693917257,6.6293579092342085,227.4648345068794,7.050465428463047,thin,thin,thin,0.0529,6.9085310515333145,True,True
10989274,2086724227433964928,297.4795,48.4186,0.8281,0.2463,7.9619,2.9989,38.6795,-227.1079,-19.0,0.0,0.0,0.0,0.1727,thin,False,38.6795,-227.1079,-19.0,230.3,19.92485884517128,-226.959651536594,43.86805870320499,227.1106570433418,43.0794551653289,thin,thin,thin,0.1727,43.09412628479663,True,True
10990917,2086552256947163392,298.1148,48.4944,0.8518,0.2321,7.9724,3.0037,0.1977,-226.9273,-10.0,0.0,0.0,0.0,0.0474,thin,False,0.1977,-226.9273,-10.0,224.8,32.57299494980466,-226.92400251686732,10.076561006850095,226.9270583673556,10.007506219773605,thin,thin,thin,0.0474,10.001954073579823,True,True
10991114,2086548958412291584,298.1835,48.4437,1.7129,0.127,8.0461,3.0721,-15.6017,-236.8536,-29.0,0.0,0.0,0.0,0.0785,thin,False,-15.6017,-236.8536,-29.0,235.2,43.18564576337837,-236.87068690812737,32.807280955176616,236.84177703788916,33.0153396095634,thin,thin,thin,0.0785,32.930427311075086,True,True
11014932,2131737340118958336,283.207,48.5805,0.9014,0.3841,7.9152,3.0171,58.3227,-240.5187,-28.0,0.0,0.0,0.0,0.9039,thick,False,58.3227,-240.5187,-28.0,245.9,39.59797974644666,-240.28308921874492,65.56559338171719,240.48481059794344,64.82180089808729,thin,thick,thick,0.9039,64.69572887981091,False,True
11015108,2131736137528127744,283.3403,48.5491,2.1497,0.1751,8.0337,3.089,19.1907,-231.4112,-2.0,0.0,0.0,0.0,0.0431,thin,False,19.1907,-231.4112,-2.0,232.1,7.280109889280518,-231.39676576075627,19.46655581919135,231.42382646758992,19.14216662498828,thin,thin,thin,0.0431,19.294635692077733,True,True
11015323,2131729780976557952,283.5072,48.5526,1.5345,0.2353,7.999,3.0678,18.0542,-217.0596,18.0,0.0,0.0,0.0,0.0582,thin,False,18.0542,-217.0596,18.0,217.8,18.110770276274835,-217.03706730244767,25.68562665680501,217.07309055037663,25.37938846599692,thin,thin,thin,0.0582,25.494198117218748,True,True
11018648,2131911750150748160,285.7186,48.5058,1.3186,0.2534,7.9835,3.0547,-43.8421,-234.1882,-15.0,0.0,0.0,0.0,0.246,thin,False,-43.8421,-234.1882,-15.0,229.5,65.73431371817918,-234.2505829812564,46.02080369725732,234.14799938685368,46.53992246592141,thin,thin,thin,0.246,46.33713124924762,True,True
11019739,2131175283519850624,286.4003,48.5219,1.2218,0.2646,7.9756,3.0481,-2.8552,-226.6561,-1.0,0.0,0.0,0.0,0.0649,thin,False,-2.8552,-226.6561,-1.0,225.4,24.020824298928627,-226.66184035382045,2.5632259789591063,226.6551176805507,3.10123027454174,thin,thin,thin,0.0649,3.025254871907489,True,True
11019987,2131173187575866496,286.5806,48.5442,1.2632,0.2575,7.9797,3.0503,54.2326,-219.3682,14.0,56.1679,-197.1892,6.7,0.8235,thick,True,56.1679,-197.1892,6.7,201.49,38.53689790317846,-197.119886887202,56.80724243946972,197.25780544916572,56.32646615383463,thin,thick,thick,0.8235,56.56609399993958,False,True
11026304,2129476744214357760,290.1128,48.5777,1.2435,0.2312,7.9897,3.0483,-20.4299,-243.3594,-35.0,0.0,0.0,0.0,0.1679,thin,False,-20.4299,-243.3594,-35.0,240.4,55.44366510251645,-243.3999212290018,40.28198537455324,243.34884411245005,40.58940833683685,thin,thin,thin,0.1679,40.52629780784324,True,True
11032227,2128927297638946176,293.0845,48.5754,0.5111,0.4598,7.8347,2.9187,-45.566,-237.7561,-22.0,0.0,0.0,0.0,0.3908,thin,False,-45.566,-237.7561,-22.0,221.8,99.46356116689168,-238.31236270453547,47.91093593514884,238.0439881835748,49.22702194585909,thick,thin,thin,0.3908,50.59901536591399,False,True
11032748,2128911767037260032,293.319,48.5186,1.3819,0.1869,8.012,3.0568,-5.4175,-219.7474,17.0,-5.3157,-221.0635,17.51,0.0459,thin,True,-5.3157,-221.0635,17.51,219.82,29.71666535801081,-221.07237224211335,18.191174542740733,221.0605250614719,18.33458097547784,thin,thin,thin,0.0459,18.299091958072676,True,True
11037335,2134730897967299968,295.2887,48.5997,0.9095,0.2495,7.9684,3.0133,16.0362,-226.005,-10.0,0.0,0.0,0.0,0.0432,thin,False,16.0362,-226.005,-10.0,226.2,16.401219466856727,-225.9333846747302,19.736911851157835,225.9916050906903,19.058710043795625,thin,thin,thin,0.0432,18.898669541531223,True,True
11043167,2086727319810829440,297.3916,48.5607,0.6271,0.3188,7.9153,2.9549,21.7377,-222.8373,-7.0,22.2294,-235.8929,-3.95,0.0477,thin,True,22.2294,-235.8929,-3.95,235.92,22.292736485232137,-235.73552388619063,24.16558044209217,235.8537418947953,22.98314456777517,thin,thin,thin,0.0477,22.577615559664398,True,True
11046025,2086879189856001024,298.4656,48.5593,2.5852,0.0909,8.0727,3.0954,-47.9383,-218.849,41.0,0.0,0.0,0.0,0.8573,thick,False,-47.9383,-218.849,41.0,216.4,71.02816342831905,-218.87029796747893,63.00597326942098,218.8114480956854,63.21004811158718,thin,thick,thick,0.8573,63.079954081229324,False,True
11068630,2143740571119958272,282.5587,48.6309,0.6501,0.5354,7.8334,2.9683,22.0759,-230.546,-16.0,0.0,0.0,0.0,0.0535,thin,False,22.0759,-230.546,-16.0,230.9,24.08318915758459,-230.42344518516543,28.281547146488663,230.5321435840058,27.381394678930143,thin,thin,thin,0.0535,27.264360634535336,True,True
11069176,2143749504651818368,282.925,48.6264,2.026,0.1872,8.0282,3.0857,12.8283,-229.4417,1.0,13.86,-226.0388,-0.21,0.0438,thin,True,13.86,-226.0388,-0.21,226.46,1.2379418403139948,-226.02946185193065,14.012368640834644,226.0501466286889,13.674622815574716,thin,thin,thin,0.0438,13.861590817795769,True,True
11072016,2131602993542935936,284.9422,48.6664,0.8652,0.381,7.9136,3.0105,-65.4757,-214.8053,18.0,0.0,0.0,0.0,0.9503,thick,False,-65.4757,-214.8053,18.0,204.4,94.72592042308166,-215.053787777854,67.11354827751039,214.82003235203757,67.85804079303762,thick,thick,thick,0.9503,67.90483996365796,True,True
11074541,2131181055955983232,286.5247,48.6835,3.9495,0.0973,8.0767,3.1125,-28.7173,-216.4268,29.0,0.0,0.0,0.0,0.1602,thin,False,-28.7173,-216.4268,29.0,215.5,45.45327270945405,-216.43330501598064,40.77835798385552,216.41114249478213,40.89581157164015,thin,thin,thin,0.1602,40.81278377285725,True,True
11080405,2129492824571882240,289.8589,48.6938,1.1668,0.2481,7.9814,3.0421,-7.9139,-242.8872,-34.0,0.0,0.0,0.0,0.1041,thin,False,-7.9139,-242.8872,-34.0,240.9,46.69047011971501,-242.9024924095523,34.802143342434725,242.8816395564349,34.94737710298179,thin,thin,thin,0.1041,34.90887871602295,True,True
11080702,2129480833023218816,290.002,48.6554,1.6737,0.179,8.0236,3.0722,7.4412,-222.3194,13.0,0.0,0.0,0.0,0.0452,thin,False,7.4412,-222.3194,13.0,222.3,15.264337522473747,-222.3110634813255,15.102352591635178,222.3250025568601,14.89574563733398,thin,thin,thin,0.0452,14.979033928795275,True,True
11086270,2128925579652377472,292.9292,48.6028,1.6744,0.1621,8.03,3.0711,23.3291,-230.9302,-6.0,21.4682,-249.718,-1.28,0.0704,thin,True,21.4682,-249.718,-1.28,250.61,4.028746703380594,-249.7036981624888,21.67177943724773,249.7439014501985,21.20345699251744,thin,thin,thin,0.0704,21.50632491245308,True,True
11090556,2128776801985730048,294.8661,48.639,1.1414,0.2084,7.9974,3.0389,-5.373,-211.1643,40.0,-4.9014,-206.2802,38.39,0.1878,thin,True,-4.9014,-206.2802,38.39,204.69,46.38267995707018,-206.29226434815445,38.63742706380901,206.27931772195333,38.70648757205235,thin,thin,thin,0.1878,38.7016255725777,True,True
11090765,2128776252229952000,294.9514,48.6512,0.9936,0.2353,7.9796,3.0236,-11.1608,-220.1448,14.0,-12.251,-241.6124,18.52,0.0534,thin,True,-12.251,-241.6124,18.52,238.49,44.6336476214974,-241.64995659378064,21.79314291753104,241.61193989614324,22.210652840978707,thin,thin,thin,0.0534,22.205346225627736,True,True
11098013,2086570708126781312,297.7472,48.6942,2.4305,0.0985,8.0689,3.0926,-52.7329,-231.4589,-6.0,-52.3711,-227.196,-7.2,0.4515,thin,True,-52.3711,-227.196,-7.2,224.36,63.83733155450657,-227.22721688613888,52.72955913128443,227.15894509672003,53.02290224558943,thin,thin,thin,0.4515,52.86371265064534,True,True
11100383,2086877368789994240,298.6609,48.6063,3.1927,0.0772,8.0826,3.1041,-24.35,-231.4741,0.0,0.0,0.0,0.0,0.048,thin,False,-24.35,-231.4741,0.0,230.4,33.0,-231.48187773180217,24.275507857900507,231.4576840315989,24.505111767314062,thin,thin,thin,0.048,24.35,True,True
11122894,2131748747552136960,283.2092,48.7776,1.44,0.2529,7.9925,3.0628,6.2174,-231.128,-6.0,0.0,0.0,0.0,0.0492,thin,False,6.2174,-231.128,-6.0,230.9,13.41640786499874,-231.1209634509824,8.826678508343267,231.13416768652036,8.473873250143765,thin,thin,thin,0.0492,8.640373994220388,True,True
11125613,2131968065762170624,285.1733,48.77,1.5646,0.2213,8.0068,3.0687,2.4876,-226.2199,2.0,0.0,0.0,0.0,0.0644,thin,False,2.4876,-226.2199,2.0,225.8,14.142135623730953,-226.21677577652036,3.4073974343366973,226.2217546848472,3.059036990427332,thin,thin,thin,0.0644,3.1918887449283067,True,True
11126381,2131922985785232640,285.6672,48.7196,1.3818,0.2431,7.9927,3.0591,22.8097,-227.2934,-1.0,0.0,0.0,0.0,0.0459,thin,False,22.8097,-227.2934,-1.0,228.4,4.123105625617661,-227.254217917,23.21810584291268,227.3054353561696,22.711209953285344,thin,thin,thin,0.0459,22.831609975864602,True,True
11129258,2131228815991876736,287.5358,48.7278,0.8226,0.3671,7.9155,3.0029,16.1478,-224.1203,-3.0,0.0,0.0,0.0,0.0437,thin,False,16.1478,-224.1203,-3.0,224.2,15.297058540778355,-224.04212361474887,17.45757274633516,224.10606554040336,16.61659977252955,thin,thin,thin,0.0437,16.424111691047404,True,True
11133306,2129495057954829952,289.6644,48.7062,2.9439,0.112,8.0659,3.1023,-12.0145,-229.1482,5.0,-11.6286,-225.4702,3.73,0.0453,thin,True,-11.6286,-225.4702,3.73,224.84,20.80706130139477,-225.47737109201472,12.079508493058878,225.4651857142072,12.304853955170694,thin,thin,thin,0.0453,12.212175807774797,True,True
11134879,2129531822874416640,290.4376,48.7919,1.732,0.1715,8.0292,3.0744,-8.5348,-230.7926,-6.0,0.0,0.0,0.0,0.0465,thin,False,-8.5348,-230.7926,-6.0,229.7,24.73863375370596,-230.80185767172588,10.22704724152474,230.78655843140345,10.566666805971806,thin,thin,thin,0.0465,10.43277580704196,True,True
11135308,2129527974583414400,290.6938,48.7014,1.4743,0.1955,8.0129,3.0626,-4.7964,-243.6375,-35.0,-2.082,-218.485,-42.39,0.1781,thin,True,-2.082,-218.485,-42.39,217.64,46.580985391036975,-218.48772137628575,42.42727198157481,218.4834509726432,42.44925736788121,thin,thin,thin,0.1781,42.44109828927616,True,True
11135694,2129539553815991680,290.9004,48.7461,0.4601,0.5632,7.7845,2.8922,-1.7115,-203.9336,39.0,0.0,0.0,0.0,0.2137,thin,False,-1.7115,-203.9336,39.0,197.2,65.0,-203.9401826893119,39.00310096197595,203.93877337221056,39.01046930553575,thick,thin,thin,0.2137,39.03753619594864,False,True
11138155,2129671220332872192,292.1671,48.7275,0.7402,0.3463,7.9156,2.984,-43.8933,-239.8632,-32.0,0.0,0.0,0.0,0.5525,thick,False,-43.8933,-239.8632,-32.0,230.0,87.09190547921202,-240.0481164343585,53.496745660990136,239.86216538851377,54.324410858593374,thick,thick,thick,0.5525,54.31962614829009,True,True
11139682,2128932211081705216,292.9603,48.7005,0.5485,0.4404,7.8522,2.9306,-24.4069,-229.8096,-9.0,0.0,0.0,0.0,0.0506,thin,False,-24.4069,-229.8096,-9.0,219.6,72.56031973468694,-230.00439424041028,24.23094364860561,229.87050474526583,25.469806598337417,thin,thin,thin,0.0506,26.01339592613775,True,True
11153476,2086928496080613632,298.4348,48.7061,1.0004,0.2,7.9991,3.0238,8.1453,-222.0809,8.0,7.9508,-229.5454,9.28,0.0444,thin,True,7.9508,-229.5454,9.28,228.89,21.20809515255908,-229.5161234947422,12.757917382795316,229.5429237090657,12.266277964161269,thin,thin,thin,0.0444,12.220213608607667,True,True
11153539,2086935024430952960,298.4569,48.7916,0.6179,0.3099,7.9264,2.9518,71.7094,-214.2171,-2.0,0.0,0.0,0.0,0.9798,thick,False,71.7094,-214.2171,-2.0,223.9,30.066592756745816,-213.7261148656092,73.18714248044137,214.10047092238557,72.08466099533759,thin,thick,thick,0.9798,71.7372849246471,False,True
11176127,2143758128946411904,283.0398,48.8253,1.8767,0.2002,8.0227,3.0812,-11.5449,-240.0332,-17.0,0.0,0.0,0.0,0.0496,thin,False,-11.5449,-240.0332,-17.0,238.9,31.064449134018133,-240.041841612102,20.44808733037326,240.0231616978624,20.66620063199382,thin,thin,thin,0.0496,20.549567294957818,True,True
11176166,2131748472674257280,283.0687,48.8021,0.9053,0.3869,7.9187,3.0172,57.3064,-216.4615,12.0,0.0,0.0,0.0,0.7218,thick,False,57.3064,-216.4615,12.0,221.9,32.31098884280702,-216.2631180145598,59.277936760826826,216.4596523919979,58.55620279983528,thin,thick,thick,0.7218,58.54932519645295,False,True
11177676,2131804479047342336,284.2233,48.8317,1.2366,0.2818,7.9751,3.0497,-35.6938,-222.9162,5.0,0.0,0.0,0.0,0.0951,thin,False,-35.6938,-222.9162,5.0,218.7,56.22277118748239,-222.9787945585428,35.653151013888774,222.89032060815777,36.20214053329783,thin,thin,thin,0.0951,36.04229957203064,True,True
11182260,2131221806605210496,287.2608,48.8467,3.2337,0.1122,8.0684,3.1059,38.1427,-227.6847,13.0,43.1335,-195.0861,3.17,0.4372,thin,True,43.1335,-195.0861,3.17,196.5,36.28872276617076,-195.0734772017312,43.3065802439498,195.11426015770996,43.12246378756075,thick,thin,thin,0.4372,43.24982915862212,False,True
11187972,2129533643940591232,290.478,48.8546,1.4747,0.1976,8.014,3.0627,-61.3392,-226.6356,-1.0,-59.3975,-205.1258,-6.75,0.8372,thick,True,-59.3975,-205.1258,-6.75,199.81,75.67165519532396,-205.20997673232517,59.49034332997731,205.08409325172505,59.92286871568943,thick,thick,thick,0.8372,59.77980851633769,True,True
11192998,2129025841368107136,293.1601,48.8812,1.6479,0.1636,8.0321,3.0702,-8.2636,-220.8524,16.0,0.0,0.0,0.0,0.046,thin,False,-8.2636,-220.8524,16.0,219.7,28.844410203711917,-220.86031067062385,17.911258204702328,220.84453449342365,18.104739279619853,thin,thin,thin,0.046,18.00797281650547,True,True
11193263,2129014330855767040,293.2883,48.8116,0.7167,0.3406,7.9185,2.9792,34.1056,-232.9506,-32.0,0.0,0.0,0.0,0.254,thin,False,34.1056,-232.9506,-32.0,235.4,32.2490309931942,-232.7660383497472,47.67736770170991,232.9204212168142,46.9173462610778,thin,thin,thin,0.254,46.76742404024408,True,True
11198419,2134761134537310848,295.5763,48.8979,2.4587,0.1069,8.0664,3.0935,0.2259,-233.4592,-6.0,0.0,0.0,0.0,0.0556,thin,False,0.2259,-233.4592,-6.0,233.2,12.529964086141668,-233.45899733167263,6.0113696351202055,233.45927921150587,6.000412489498568,thin,thin,thin,0.0556,6.004251061539649,True,True
11244137,2129725749238044928,291.8478,48.9682,0.6523,0.3918,7.8949,2.9655,79.0326,-204.4159,25.0,0.0,0.0,0.0,0.9993,thick,False,79.0326,-204.4159,25.0,215.1,48.87739763939975,-203.81524508877845,84.3584961305095,204.2040703560668,83.41287460586958,thin,thick,thick,0.9993,82.89241137016103,False,True
11244571,2129745437368188928,292.0819,48.9671,0.6683,0.3831,7.8996,2.968,43.9849,-221.8367,-6.0,44.641,-271.8859,6.56,0.7102,thick,True,44.641,-271.8859,6.56,275.51,7.213431915530914,-271.6274791107872,46.65089808266132,271.84344316492906,45.37550118991485,thick,thick,thick,0.7102,45.12042199492376,True,True
11254382,2086809645744257792,296.322,48.9714,0.8148,0.268,7.963,2.9977,0.8201,-221.8748,4.0,0.0,0.0,0.0,0.0648,thin,False,0.8201,-221.8748,4.0,219.7,31.25699921617557,-221.86889355280007,4.391363530415674,221.87428472211388,4.109960954843598,thin,thin,thin,0.0648,4.08320511485769,True,True
11259686,2086940448965828992,298.2689,48.9167,2.1065,0.1093,8.0635,3.0847,3.771,-224.6487,16.0,4.6692,-215.7933,14.3,0.0526,thin,True,4.6692,-215.7933,14.3,215.71,16.194134740701646,-215.791223497546,15.0732200087499,215.79816013391056,14.973582831743409,thin,thin,thin,0.0526,15.042986028046426,True,True
11283615,2131860859079970176,283.7414,49.068,1.0856,0.3227,7.9574,3.0373,12.134,-221.6408,6.0,0.0,0.0,0.0,0.0465,thin,False,12.134,-221.6408,6.0,221.7,12.529964086141668,-221.6114260038073,14.009491945071222,221.64641840463872,13.444523360678025,thin,thin,thin,0.0465,13.536393759048234,True,True
11285870,2132001463427986688,285.3663,49.0448,0.782,0.4138,7.9022,2.9971,-49.8253,-220.1657,10.0,0.0,0.0,0.0,0.3906,thin,False,-49.8253,-220.1657,10.0,210.7,81.61494961096282,-220.42367232562896,49.68797317745749,220.22801688958157,50.54810161501802,thick,thin,thin,0.3906,50.81889924122717,False,True
11286311,2131952054124268928,285.6368,49.0091,0.5304,0.584,7.8048,2.9315,55.7829,-189.6356,44.0,0.0,0.0,0.0,0.9944,thick,False,55.7829,-189.6356,44.0,197.1,46.48655719667784,-188.96282060115533,72.81800897069063,189.30162501106383,71.93264049213384,thick,thick,thick,0.9944,71.04739215769992,True,True
11288051,2131287021388901504,286.7527,49.0649,2.366,0.1482,8.0496,3.0929,-5.2531,-221.1171,16.0,0.0,0.0,0.0,0.0457,thin,False,-5.2531,-221.1171,16.0,220.6,22.62741699796952,-221.11967279910948,16.806257799247454,221.112821410657,16.896159558280893,thin,thin,thin,0.0457,16.84028086493809,True,True
11295426,2129550445852902656,291.0323,49.0402,6.9298,0.0584,8.0994,3.1247,-16.0364,-234.4049,7.0,-14.3083,-224.8243,4.08,0.0438,thin,True,-14.3083,-224.8243,4.08,224.55,18.563903145621072,-224.8249676538488,14.867915773431902,224.8185843128197,14.964128694300635,thin,thin,thin,0.0438,14.878637333102786,True,True
11298298,2129703552846891136,292.5308,49.0617,1.8351,0.1531,8.0413,3.0777,-37.1477,-233.6508,-12.0,0.0,0.0,0.0,0.1211,thin,False,-37.1477,-233.6508,-12.0,230.8,53.36665625650534,-233.6832136777412,38.84321878067189,233.6197351169336,39.22319930721852,thin,thin,thin,0.1211,39.03782288102143,True,True
11303322,2134804977563800064,294.8526,49.0574,0.65,0.3535,7.914,2.9616,5.8085,-221.844,1.0,0.0,0.0,0.0,0.059,thin,False,5.8085,-221.844,1.0,219.3,34.0147027033899,-221.80816934013103,7.115195990256971,221.83995920090075,6.043384957347208,thin,thin,thin,0.059,5.893952175747612,True,True
11304958,2134766460297292032,295.555,49.0173,0.4463,0.4797,7.8314,2.8847,-31.5834,-230.0733,-5.0,0.0,0.0,0.0,0.0689,thin,False,-31.5834,-230.0733,-5.0,214.5,89.1403387922662,-230.47920950985775,28.906469582276547,230.2731380700339,30.504620688989217,thick,thin,thin,0.0689,31.976728343593877,False,True
11337012,2131818429101348352,284.0416,49.1382,0.4224,0.7595,7.7207,2.8812,-28.8949,-171.2106,89.0,-34.4606,-135.8723,81.35,1.0,thick,True,-34.4606,-135.8723,81.35,122.42,106.20725446032394,-136.4402319218216,87.46828232633551,136.20070223854842,87.84079923205546,thick,thick,thick,1.0,88.34792273936043,True,True
11337141,2131817707546856320,284.133,49.1426,4.5815,0.0927,8.0829,3.1167,7.9796,-240.576,-8.0,0.0,0.0,0.0,0.0518,thin,False,7.9796,-240.576,-8.0,240.7,8.246211251235321,-240.57476280744456,11.3257891619862,240.5799781696565,11.214459589636682,thin,thin,thin,0.0518,11.299292728308263,True,True
11337372,2131815577243101696,284.2969,49.1586,1.0426,0.3291,7.9543,3.0331,-74.1493,-224.3455,2.0,0.0,0.0,0.0,0.9867,thick,False,-74.1493,-224.3455,2.0,215.0,98.02040603874276,-224.55880602543849,73.52783579318452,224.3402946331256,74.19186076600576,thick,thick,thick,0.9867,74.1762677039631,True,True
11337833,2132177282208543872,284.6162,49.1907,1.059,0.3234,7.9572,3.034,-23.2348,-241.1896,-27.0,0.0,0.0,0.0,0.1048,thin,False,-23.2348,-241.1896,-27.0,237.3,55.94640292279746,-241.23933883183747,35.28273515443395,241.17208575434407,35.73954466552806,thin,thin,thin,0.1048,35.621004071193724,True,True
11338056,2132181817693955584,284.7609,49.1421,1.9597,0.1842,8.0324,3.0836,46.4071,-229.7951,2.0,0.0,0.0,0.0,0.2418,thin,False,46.4071,-229.7951,2.0,232.1,33.06055050963308,-229.7530504020794,46.65775209908385,229.82536419401129,46.30023728978198,thin,thin,thin,0.2418,46.45017686091195,True,True
11342416,2131252627290713472,287.5849,49.1547,2.0028,0.1676,8.0385,3.0838,-17.6152,-232.106,-6.0,-16.4372,-221.3099,-9.47,0.0459,thin,True,-16.4372,-221.3099,-9.47,219.99,30.69724580479493,-221.31810223771555,18.873754843593897,221.2927047148093,19.16924202998674,thin,thin,thin,0.0459,18.970040691574702,True,True
11348997,2129928884010551936,291.0926,49.1902,3.7873,0.0892,8.0816,3.1107,17.8032,-220.2556,31.0,0.0,0.0,0.0,0.0968,thin,False,17.8032,-220.2556,31.0,220.7,32.89376840679705,-220.2508441021765,35.777865675284794,220.265376418778,35.68828871064051,thin,thin,thin,0.0968,35.74848150956905,True,True
11350118,2129763957267132672,291.6951,49.1879,1.9168,0.1524,8.0438,3.0805,26.3822,-218.2962,25.0,0.0,0.0,0.0,0.1053,thin,False,26.3822,-218.2962,25.0,219.5,28.178005607210743,-218.27648799582997,36.46402046135755,218.31949489517132,36.20563697433375,thin,thin,thin,0.1053,36.34584538623362,True,True
11357664,2134818927617746176,295.3066,49.1797,2.815,0.098,8.0744,3.0995,20.9004,-234.7282,-5.0,24.4674,-194.2021,-14.61,0.1973,thin,True,24.4674,-194.2021,-14.61,195.06,21.86698424566131,-194.19289860476988,28.56022989188921,194.2201854112879,28.37407582292248,thick,thin,thin,0.1973,28.49746940975637,False,True
11359879,2134850847813263360,296.2006,49.14,1.3181,0.1777,8.0239,3.0517,-32.541,-229.4459,-7.0,-32.5427,-227.0866,-7.38,0.0756,thin,True,-32.5427,-227.0866,-7.38,223.25,53.30336293330844,-227.1352824744624,33.035957005150806,227.05705657113512,33.569391731938296,thin,thin,thin,0.0756,33.36902340929384,True,True
11360805,2086814864122389760,296.5501,49.1023,1.5454,0.1523,8.039,3.0649,15.1575,-236.4336,-25.0,13.2946,-271.3189,-17.68,0.2719,thin,True,13.2946,-271.3189,-17.68,271.54,19.216745301949548,-271.30229576553586,22.32306458239408,271.3297006835186,21.98746067630879,thick,thin,thin,0.2719,22.120777318168546,False,True
11361646,2086827237930612096,296.8592,49.162,0.9405,0.2309,7.9902,3.017,-0.2711,-223.1634,5.0,0.0,0.0,0.0,0.0604,thin,False,-0.2711,-223.1634,5.0,221.4,28.442925306655784,-223.1627014999358,5.036731008357979,223.16347783844057,5.002215414378859,thin,thin,thin,0.0604,5.007344127379303,True,True
11391018,2131996790503735296,284.88,49.267,2.2745,0.1619,8.0455,3.0914,13.2483,-223.9173,10.0,0.0,0.0,0.0,0.0438,thin,False,13.2483,-223.9173,10.0,224.3,10.198039027185567,-223.90978628508103,16.700227716092517,223.9274952581043,16.46107127229819,thin,thin,thin,0.0438,16.598718411070177,True,True
11391957,2132007888699166848,285.4993,49.2773,1.2564,0.2696,7.9863,3.0507,-33.7557,-235.5373,-16.0,0.0,0.0,0.0,0.1073,thin,False,-33.7557,-235.5373,-16.0,231.5,57.28001396647874,-235.59530251124903,36.987882267481126,235.5126813675081,37.51035743746812,thin,thin,thin,0.1073,37.35568607976569,True,True
11392362,2131961331253723776,285.7456,49.2388,0.6552,0.485,7.8669,2.9689,-42.4183,-216.6077,16.0,0.0,0.0,0.0,0.2439,thin,False,-42.4183,-216.6077,16.0,206.1,80.60397012554654,-216.88289776825368,44.00021199545793,216.6850548405613,44.96439712420189,thick,thin,thin,0.2439,45.335550894303694,False,True
11393248,2132042385876175360,286.3008,49.2113,1.0827,0.3,7.9669,3.0362,49.6215,-203.0077,38.0,0.0,0.0,0.0,0.9084,thick,False,49.6215,-203.0077,38.0,207.1,47.20169488482379,-202.87356737622235,62.9342963736417,203.0165583945319,62.471489638391205,thin,thick,thick,0.9084,62.500346097041735,False,True
11395587,2132749406213494400,287.8614,49.2644,1.8983,0.1742,8.0357,3.0807,-6.7131,-218.414,19.0,-5.725,-207.5137,15.13,0.072,thin,True,-5.725,-207.5137,15.13,206.78,23.78317472500255,-207.5176131866322,16.126004381845725,207.50826030745247,16.24591346076167,thin,thin,thin,0.072,16.17691333351329,True,True
11401755,2129931456691176576,291.2502,49.2318,1.8528,0.1593,8.0406,3.0786,-13.3774,-232.6042,-7.0,-15.8291,-256.1554,-0.39,0.0926,thin,True,-15.8291,-256.1554,-0.39,254.65,31.93238168380179,-256.169485323198,15.604303548952672,256.14282245883163,16.036022038631288,thick,thin,thin,0.0926,15.83390371355087,False,True
11401767,2129931942027348608,291.2562,49.2589,0.6691,0.398,7.9012,2.9685,-22.5249,-242.709,-39.0,0.0,0.0,0.0,0.2518,thin,False,-22.5249,-242.709,-39.0,235.2,74.94664769020693,-242.82800192156637,44.3914573175939,242.72515124950027,44.95042770549784,thick,thin,thin,0.2518,45.03744131286767,False,True
11402995,2129753580626548736,291.907,49.2621,1.246,0.2206,8.0042,3.0479,21.815,-210.683,35.0,20.1034,-244.0799,44.13,0.3615,thin,True,20.1034,-244.0799,44.13,244.89,44.22064902282643,-244.04279431804343,48.67948686501453,244.09391275709805,48.42251186101563,thin,thin,thin,0.3615,48.493335537576705,True,True
11403044,2129753610686818176,291.9362,49.2539,0.5026,0.4989,7.8397,2.9155,-36.4895,-233.9328,-15.0,0.0,0.0,0.0,0.1261,thin,False,-36.4895,-233.9328,-15.0,219.8,89.26925562588724,-234.3650898788219,36.7973456392133,234.14992830551984,38.14251007104684,thick,thin,thin,0.1261,39.452295373653484,False,True
11403530,2129754847637288192,292.1802,49.2025,1.3049,0.2092,8.0097,3.052,40.3542,-225.7959,0.0,0.0,0.0,0.0,0.1338,thin,False,40.3542,-225.7959,0.0,228.5,20.0,-225.7254471749381,40.74644153388384,225.8230689192328,40.20188483018459,thin,thin,thin,0.1338,40.3542,True,True
11404644,2129788863777153664,292.7561,49.2645,0.4966,0.4924,7.8415,2.9107,-31.8324,-227.3141,-2.0,0.0,0.0,0.0,0.0686,thin,False,-31.8324,-227.3141,-2.0,214.0,83.02409288875127,-227.646313318144,29.430528922488303,227.45549971962652,30.87062758181253,thick,thin,thin,0.0686,31.895167185014095,False,True
11410904,2134776218463088896,295.6514,49.2613,0.9222,0.2488,7.9827,3.0147,22.2626,-221.9671,4.0,22.6248,-221.4874,4.06,0.049,thin,True,22.6248,-221.4874,4.06,222.57,6.900724599634447,-221.39854494194853,23.826648895469752,221.47818782508892,23.0746011387978,thin,thin,thin,0.049,22.986195314579575,True,True
11411639,2134865347623098368,295.924,49.2201,0.9055,0.2505,7.9805,3.0119,-22.7909,-219.5919,16.0,0.0,0.0,0.0,0.0604,thin,False,-22.7909,-219.5919,16.0,214.8,53.45091205957107,-219.67118513125465,27.21415850306728,219.5924708443056,27.842175714063597,thin,thin,thin,0.0604,27.8464561984106,True,True
11413812,2086838576644246144,296.7542,49.2087,0.9774,0.2261,7.9944,3.0208,15.3913,-226.3949,-7.0,0.0,0.0,0.0,0.0428,thin,False,15.3913,-226.3949,-7.0,226.6,13.892443989449804,-226.35073693978185,17.490108256316763,226.4017606751005,16.816740564524803,thin,thin,thin,0.0428,16.90834455793943,True,True
11414511,2086830502105850240,297.0155,49.2253,1.0494,0.2104,8.0043,3.0287,-4.8207,-223.7677,5.0,0.0,0.0,0.0,0.0546,thin,False,-4.8207,-223.7677,5.0,221.8,30.4138126514911,-223.77791522102504,6.609437141825605,223.7637683119394,7.072198444664451,thin,thin,thin,0.0546,6.945440842020037,True,True
11443757,2132018815096042880,285.0869,49.3629,0.4888,0.6541,7.7815,2.9113,101.904,-189.3392,31.0,0.0,0.0,0.0,1.0,thick,False,101.904,-189.3392,31.0,207.6,64.00781202322104,-188.30422657198767,108.33410476449936,188.96161825518752,107.18333278257766,thin,thick,thick,1.0,106.51490607422043,False,True
11444514,2132009744125068416,285.5575,49.3301,0.4179,0.7437,7.7297,2.8741,69.5296,-196.9252,22.0,0.0,0.0,0.0,0.9937,thick,False,69.5296,-196.9252,22.0,208.3,26.627053911388696,-195.9243276492768,75.57478306405405,196.4555916148717,74.18281824823552,thin,thick,thick,0.9937,72.92712304869842,False,True
11446424,2131314887136788992,286.7946,49.3476,0.3065,0.9474,7.6126,2.7845,-0.0666,-222.987,3.0,0.0,0.0,0.0,0.0677,thin,False,-0.0666,-222.987,3.0,208.9,78.05767098754612,-222.90956402468575,6.598201749303309,222.9566844521909,4.746246736758101,thick,thin,thin,0.0677,3.0007391689382135,False,True
11446961,2131305919245135872,287.1538,49.332,2.1785,0.1581,8.046,3.0886,30.3536,-232.519,-2.0,28.8947,-245.0438,2.07,0.0767,thin,True,28.8947,-245.0438,2.07,246.23,16.0143466928876,-245.0285996101261,29.097380863241074,245.06931217717883,28.752468224562097,thin,thin,thin,0.0767,28.96875192496218,True,True
11449844,2132666633603904256,288.9023,49.3704,2.2518,0.1457,8.0518,3.0902,-31.8022,-238.0501,-16.0,0.0,0.0,0.0,0.0973,thin,False,-31.8022,-238.0501,-16.0,236.1,46.8187996428785,-238.07063768836724,35.462395162399545,238.0269613513088,35.75437972979759,thin,thin,thin,0.0973,35.60027984215854,True,True
11450414,2132614922197436928,289.1996,49.3056,0.7527,0.3814,7.917,2.9895,-71.4751,-239.9943,-25.0,0.0,0.0,0.0,0.9926,thick,False,-71.4751,-239.9943,-25.0,226.4,109.88175462741756,-240.38837007389844,74.4606710499875,240.09317965750031,75.40706254689461,thick,thick,thick,0.9926,75.72113258536218,True,True
11453349,2129943899216171264,290.8183,49.3055,0.5088,0.5208,7.8326,2.9162,10.8255,-221.6891,-3.0,0.0,0.0,0.0,0.0487,thin,False,10.8255,-221.6891,-3.0,218.5,39.11521443121589,-221.5776024637437,13.252021974747096,221.6531759378132,11.921392396897977,thin,thin,thin,0.0487,11.233496795299317,True,True
11456256,2129804948434695296,292.4314,49.3686,1.5015,0.1848,8.0262,3.0633,36.6626,-224.3192,7.0,38.2233,-198.9594,0.72,0.2564,thin,True,38.2233,-198.9594,0.72,201.34,22.5514966243928,-198.9220819348484,38.42357243549132,199.00204158785783,38.00727619633511,thick,thin,thin,0.2564,38.230080602713876,False,True
11460462,2135002576119495936,294.4685,49.331,1.8647,0.1418,8.0495,3.0783,-21.3926,-231.7161,-6.0,-19.9462,-216.1135,-9.44,0.0543,thin,True,-19.9462,-216.1135,-9.44,214.42,34.87203033951421,-216.130644565215,21.8983876078739,216.0969562268077,22.22836947482114,thin,thin,thin,0.0543,22.0672720208004,True,True
11461433,2134837069559538176,294.8896,49.3798,2.4096,0.113,8.067,3.0926,24.0421,-224.8925,15.0,23.9857,-227.4182,15.3,0.0565,thin,True,23.9857,-227.4182,15.3,228.32,19.96102201792283,-227.4032983623502,28.56929634982172,227.4345906672292,28.319106059865423,thin,thin,thin,0.0565,28.45002292600131,True,True
11461844,2134833427427670016,295.0642,49.359,0.5789,0.3927,7.8993,2.9406,-5.455,-223.6914,-2.0,-3.8743,-251.0873,3.89,0.0916,thin,True,-3.8743,-251.0873,3.89,245.26,54.060137809665264,-251.10890844187537,4.391150319660065,251.09400905622053,5.17346267741865,thick,thin,thin,0.0916,5.490200405267553,False,True
11465651,2086844692677679872,296.627,49.3539,0.6676,0.3217,7.9393,2.9663,-8.5474,-221.2801,11.0,0.0,0.0,0.0,0.0466,thin,False,-8.5474,-221.2801,11.0,216.4,48.27007354458868,-221.3266864510221,13.170340337703545,221.28969439563764,13.77792271299642,thin,thin,thin,0.0466,13.930471878583296,True,True
11495458,2132028912560212096,284.9997,49.4799,2.8785,0.1327,8.0627,3.1018,-9.6603,-235.1698,-7.0,-9.1568,-229.9657,-9.27,0.0438,thin,True,-9.1568,-229.9657,-9.27,229.42,20.50504815892906,-229.9684070970027,12.981723200994226,229.95869150526377,13.1527031893417,thin,thin,thin,0.0438,13.029961098944232,True,True
11497977,2132069598789224960,286.551,49.4187,1.35,0.2461,7.9995,3.0564,36.4821,-227.3196,-2.0,0.0,0.0,0.0,0.0957,thin,False,36.4821,-227.3196,-2.0,229.6,17.11724276862369,-227.2728894450855,36.826535586203946,227.3565189022299,36.30665658884034,thin,thin,thin,0.0957,36.53688027746759,True,True
11499228,2132808608042844160,287.3821,49.4524,0.7434,0.411,7.9085,2.9885,69.0667,-218.1193,2.0,0.0,0.0,0.0,0.9586,thick,False,69.0667,-218.1193,2.0,226.1,35.05709628591621,-217.7326888515453,70.30424030935946,218.02667230266832,69.3871757936931,thin,thick,thick,0.9586,69.09565144703392,False,True
11502867,2132623993168462464,289.4347,49.4735,1.1461,0.2601,7.9883,3.0406,45.2661,-218.5497,13.0,0.0,0.0,0.0,0.2792,thin,False,45.2661,-218.5497,13.0,222.0,26.419689627245813,-218.45296952878957,47.54261355935058,218.57698377566223,46.9691618355478,thin,thin,thin,0.2792,47.095857665085575,True,True
11506654,2129958570824716672,291.5175,49.4346,0.8922,0.3021,7.9606,3.012,12.661,-205.4869,42.0,13.3792,-167.5863,31.51,0.8733,thick,True,13.3792,-167.5863,31.51,167.91,32.60785488191458,-167.53041875048638,34.50505895208229,167.57909655512643,34.267866840053166,thick,thick,thick,0.8733,34.23277804444156,True,True
11507101,2129776636010852224,291.722,49.4808,0.9077,0.2973,7.9641,3.0133,15.0782,-218.5666,9.0,15.7063,-200.2155,3.89,0.1072,thin,True,15.7063,-200.2155,3.89,200.58,10.757927309663325,-200.16448423964948,16.800257410978105,200.22009322183607,16.12400912426155,thick,thin,thin,0.1072,16.180851636734083,False,True
11509504,2129820582115829504,292.9883,49.485,0.6311,0.3914,7.9079,2.9598,24.0298,-208.1859,28.0,0.0,0.0,0.0,0.151,thin,False,24.0298,-208.1859,28.0,209.1,31.304951684997057,-207.9778863551865,38.052710642332656,208.10442418485363,37.354499524026735,thin,thin,thin,0.151,36.89757834926298,True,True
11518201,2086851221028031104,296.6895,49.4468,1.1164,0.2031,8.013,3.0358,34.8085,-223.5741,0.0,0.0,0.0,0.0,0.086,thin,False,34.8085,-223.5741,0.0,226.0,11.0,-223.4952744610768,35.310937307978165,223.5949304271715,34.674300097742815,thin,thin,thin,0.086,34.8085,True,True
11520114,2087163241810855936,297.395,49.4849,1.3304,0.1688,8.0336,3.0528,17.7717,-222.2997,11.0,17.32,-225.1209,11.73,0.0447,thin,True,17.32,-225.1209,11.73,225.77,12.036731283866065,-225.08605036742304,21.28956857228229,225.12785682791971,20.842837620335544,thin,thin,thin,0.0447,20.91830060019217,True,True
11520459,2087158912483843712,297.5255,49.4015,1.1335,0.1925,8.0179,3.0374,81.673,-213.7656,26.0,0.0,0.0,0.0,0.9996,thick,False,81.673,-213.7656,26.0,221.1,64.47480127925948,-213.56519930923187,86.20971896490592,213.7952125702792,85.63770829505623,thin,thick,thick,0.9996,85.71160323433462,False,True
11520465,2087164787999108352,297.5271,49.4045,0.7597,0.273,7.9692,2.9883,4.639,-226.5472,-11.0,5.3367,-242.3965,-7.59,0.0575,thin,True,5.3367,-242.3965,-7.59,240.37,32.625159003443954,-242.3591444386048,10.20700773917067,242.385621195608,9.557642890337366,thin,thin,thin,0.0575,9.278387084509895,True,True
11521793,2087172999977491328,298.0677,49.4125,1.2219,0.176,8.0278,3.0448,-32.5536,-223.5903,11.0,0.0,0.0,0.0,0.0832,thin,False,-32.5536,-223.5903,11.0,219.4,55.10898293381942,-223.66255362262683,33.888377166892845,223.57825415486192,34.44015489314719,thin,thin,thin,0.0832,34.36185200131099,True,True
11547513,2132215421518219392,284.7391,49.5984,2.9701,0.1305,8.0649,3.1031,26.2204,-238.9676,-8.0,27.4311,-228.3131,-12.2,0.0612,thin,True,27.4311,-228.3131,-12.2,229.2,22.260826579442192,-228.30597429896736,30.07601202618556,228.3339210479008,29.863102633366843,thin,thin,thin,0.0612,30.021746238518507,True,True
11560897,2129833810615727488,292.8086,49.5794,1.0839,0.2434,7.9954,3.034,-21.7074,-227.3466,-5.0,0.0,0.0,0.0,0.0452,thin,False,-21.7074,-227.3466,-5.0,223.7,46.2709412050371,-227.40262575410316,21.696446716900898,227.3401832004768,22.34124218510768,thin,thin,thin,0.0452,22.275798857953447,True,True
11565544,2134844422543767424,294.9681,49.5565,1.2258,0.2013,8.0172,3.0456,-9.2538,-227.2344,-1.0,0.0,0.0,0.0,0.0483,thin,False,-9.2538,-227.2344,-1.0,225.3,31.016124838541646,-227.2515894860736,8.877222316304376,227.2280465808332,9.460700135756342,thin,thin,thin,0.0483,9.307675028706148,True,True
11566256,2134935544568504832,295.3025,49.589,0.8888,0.2654,7.9804,3.0093,-55.8053,-225.0273,9.0,0.0,0.0,0.0,0.6083,thick,False,-55.8053,-225.0273,9.0,215.7,85.47514258543241,-225.2031110747901,55.82157971820358,225.00489422440157,56.61525920691232,thick,thick,thick,0.6083,56.52637886942697,True,True
11569782,2086853351332014976,296.7245,49.5327,2.7775,0.0952,8.0781,3.0987,-5.2311,-228.0338,12.0,0.0,0.0,0.0,0.0438,thin,False,-5.2311,-228.0338,12.0,227.6,19.209372712298546,-228.03556994560608,13.059052016995642,228.0295730168204,13.163351767940917,thin,thin,thin,0.0438,13.090622873263136,True,True
11570749,2087212616754764672,297.0786,49.5021,2.1561,0.1146,8.0663,3.0864,13.5238,-226.6992,10.0,0.0,0.0,0.0,0.0427,thin,False,13.5238,-226.6992,10.0,227.1,10.04987562112089,-226.69081391138408,16.931771561010198,226.7106167753621,16.664520435191296,thin,thin,thin,0.0427,16.819428243552156,True,True
11572193,2087167708577798784,297.6423,49.595,0.6353,0.3234,7.9444,2.9581,-16.6403,-222.7737,4.0,0.0,0.0,0.0,0.0445,thin,False,-16.6403,-222.7737,4.0,216.0,57.14017850864661,-222.88655466563145,15.575100297734828,222.80858961760043,16.65329975157221,thin,thin,thin,0.0445,17.114309337218373,True,True
11599038,2132220334960823552,284.8465,49.6923,0.7975,0.4199,7.9159,2.9993,-51.1335,-207.2433,29.0,0.0,0.0,0.0,0.7928,thick,False,-51.1335,-207.2433,29.0,197.9,85.09406559801923,-207.4493460487157,58.05324128728888,207.25217490430285,58.75326371731407,thick,thick,thick,0.7928,58.7846478449093,True,True
11601584,2132078120004385152,286.4714,49.6491,1.9809,0.1754,8.0402,3.0837,52.7195,-218.4167,22.0,0.0,0.0,0.0,0.6556,thick,False,52.7195,-218.4167,22.0,221.1,45.65084884205331,-218.3714089365404,57.29867152971558,218.45314436443635,56.98625902172137,thin,thick,thick,0.6556,57.1257006981096,False,True
11601633,2132077535888829184,286.4968,49.6146,1.9758,0.1759,8.0395,3.0834,-2.8881,-225.6494,7.0,0.0,0.0,0.0,0.0521,thin,False,-2.8881,-225.6494,7.0,225.1,17.46424919657298,-225.651448433342,7.512244666861385,225.6469388171645,7.646502628182821,thin,thin,thin,0.0521,7.572392066579754,True,True
11602794,2132817129257994496,287.3191,49.657,1.1177,0.286,7.9806,3.0387,-0.1471,-222.492,5.0,0.1584,-215.7147,2.48,0.0824,thin,True,0.1584,-215.7147,2.48,214.59,22.139340550251266,-215.7139355294841,2.5527472224184247,215.7147840873554,2.4800052712930385,thin,thin,thin,0.0824,2.4850534320211306,True,True
11611275,2129858412187969024,292.1587,49.6378,0.7183,0.364,7.9295,2.98,54.9255,-218.8132,-3.0,0.0,0.0,0.0,0.565,thick,False,54.9255,-218.8132,-3.0,224.8,19.235384061671343,-218.54012131771265,56.08257638910195,218.7843391661365,55.12216374233638,thin,thick,thick,0.565,55.00736814509489,False,True
11611600,2129861435845006208,292.3286,49.6535,1.8333,0.1565,8.0459,3.0777,15.8455,-232.0618,-8.0,0.0,0.0,0.0,0.0428,thin,False,15.8455,-232.0618,-8.0,232.6,8.06225774829855,-232.04687734308976,17.944545559056632,232.07397707198444,17.590598795720858,thin,thin,thin,0.0428,17.75048929607294,True,True
11612280,2129838139942109440,292.6777,49.6639,0.9305,0.2801,7.9763,3.0171,-10.4822,-230.2845,-14.0,0.0,0.0,0.0,0.0424,thin,False,-10.4822,-230.2845,-14.0,227.2,41.43669871020132,-230.324354893596,16.956755080168545,230.29054971491527,17.409845260718132,thin,thin,thin,0.0424,17.489325797182694,True,True
11614617,2135071712211140608,293.8817,49.6831,0.6697,0.3646,7.9276,2.9675,39.4084,-218.2733,3.0,40.0467,-226.5782,4.65,0.1329,thin,True,40.0467,-226.5782,4.65,230.09,4.653880101592649,-226.3633065533675,41.50566402584337,226.55569296493343,40.44236250738582,thin,thin,thin,0.1329,40.315762189123994,True,True
11618601,2134931077802625792,295.5865,49.6669,1.0797,0.2211,8.0072,3.0322,23.8724,-217.3932,19.0,0.0,0.0,0.0,0.0727,thin,False,23.8724,-217.3932,19.0,218.7,19.0,-217.34336201029043,30.863457195586992,217.4138845794417,30.362687497604323,thin,thin,thin,0.0727,30.510514282129037,True,True
11621223,2134893660047959040,296.5667,49.6962,1.4483,0.1644,8.0397,3.0597,-36.9579,-234.3083,-18.0,-37.6205,-258.7544,-12.26,0.2907,thin,True,-37.6205,-258.7544,-12.26,254.81,59.92748284385053,-258.80055495776503,39.26464126351903,258.7182857683321,39.80311431402888,thick,thin,thin,0.2907,39.56778513197321,False,True
11622600,2087215262455233664,297.0906,49.6265,2.5324,0.101,8.0753,3.0946,-38.4464,-225.7533,14.0,0.0,0.0,0.0,0.141,thin,False,-38.4464,-225.7533,14.0,223.7,50.96076922496363,-225.7730773267028,40.80695473115689,225.7250919032799,41.07155810601583,thin,thin,thin,0.141,40.916080860219246,True,True
11650543,2132313999607357952,284.9504,49.7472,1.6765,0.2129,8.0234,3.0735,64.8437,-245.3567,-25.0,67.1218,-226.8789,-31.74,0.9868,thick,True,67.1218,-226.8789,-31.74,230.92,60.52081047044892,-226.814177672261,74.44557546863363,226.93673382533697,74.07113972856203,thin,thick,thick,0.9868,74.24798741541753,False,True
11651712,2132114850564827008,285.712,49.7068,1.3314,0.2552,8.0,3.056,92.1099,-231.3748,-7.0,0.0,0.0,0.0,0.9999,thick,False,92.1099,-231.3748,-7.0,238.4,72.3394774656273,-231.2030986267777,92.8045644641281,231.4167132253548,92.27060658722196,thick,thick,thick,0.9999,92.3755036685051,True,True
11655826,2132688452037754112,288.4484,49.714,1.0232,0.2983,7.9732,3.0293,35.8557,-219.8673,7.0,35.0603,-230.7549,10.36,0.0961,thin,True,35.0603,-230.7549,10.36,233.23,13.716767111823398,-230.64994392841737,37.2153995789098,230.75796694873503,36.53961260996749,thin,thin,thin,0.0961,36.55891459124573,True,True
11656246,2132686356093801472,288.6616,49.7372,1.5181,0.21,8.0207,3.0648,-28.4203,-230.1599,-6.0,-27.393,-221.7462,-8.68,0.0605,thin,True,-27.393,-221.7462,-8.68,218.99,45.171797617540086,-221.7628647733285,28.60669864780683,221.706636269173,29.039263665055746,thin,thin,thin,0.0605,28.735324062902095,True,True
11657614,2132652065075227648,289.439,49.7312,2.1394,0.1512,8.0515,3.0872,3.437,-228.5514,2.0,0.0,0.0,0.0,0.0608,thin,False,3.437,-228.5514,2.0,228.4,9.219544457292889,-228.54956889385,4.08099968577868,228.5544808104172,3.795958572040055,thin,thin,thin,0.0608,3.9765524012641906,True,True
11657891,2132657390834750976,289.5931,49.7812,1.6171,0.1918,8.0301,3.0697,56.6536,-215.9899,25.0,0.0,0.0,0.0,0.8354,thick,False,56.6536,-215.9899,25.0,219.5,48.02082881417188,-215.9315558278666,62.1273949056046,216.0405933041967,61.74716224062997,thin,thick,thick,0.8354,61.924392552208374,False,True
11662184,2129877825440176512,292.0874,49.7887,0.7663,0.3445,7.9443,2.9903,-23.5397,-217.2264,17.0,0.0,0.0,0.0,0.0675,thin,False,-23.5397,-217.2264,17.0,211.2,58.52349955359813,-217.33478676581237,28.214011793058976,217.2401855084932,28.933402845767457,thin,thin,thin,0.0675,29.03648525717257,True,True
11666881,2135044568018500096,294.4639,49.765,1.1474,0.2192,8.0108,3.0391,20.4646,-228.3043,-8.0,20.1674,-227.3698,-8.5,0.0448,thin,True,20.1674,-227.3698,-8.5,228.24,9.082400563727631,-227.3283125224346,22.312013035634237,227.3843241044019,21.733769842903783,thin,thin,thin,0.0448,21.885475154997206,True,True
11669125,2134932314753757312,295.5213,49.7387,2.3724,0.1135,8.0695,3.0915,37.8611,-235.9,-12.0,0.0,0.0,0.0,0.1324,thin,False,37.8611,-235.9,-12.0,237.5,28.635642126552707,-235.88575949591112,39.801488251536334,235.935916767996,39.503078093298605,thin,thin,thin,0.1324,39.71728708270493,True,True
11669239,2134933208106983168,295.5713,49.7745,1.4331,0.1724,8.0365,3.0593,-36.7407,-223.7747,8.0,-35.6321,-208.1308,4.29,0.1405,thin,True,-35.6321,-208.1308,4.29,204.5,52.78462086630916,-208.1857739788865,35.56894309382789,208.1073174956678,36.02513851128579,thin,thin,thin,0.1405,35.88942254216415,True,True
11670125,2134907747540447232,295.9384,49.7911,1.2743,0.1884,8.0276,3.0491,2.6691,-223.6097,8.0,2.0371,-233.3598,9.72,0.0478,thin,True,2.0371,-233.3598,9.72,232.55,21.81511631873642,-233.35551147579253,10.0303072670411,233.3609467844524,9.903045787230068,thin,thin,thin,0.0478,9.931171955514616,True,True
11673802,2087243952836878080,297.3593,49.7975,0.8484,0.2528,7.9908,3.0042,48.3818,-218.5333,5.0,48.5618,-207.2019,2.23,0.4181,thin,True,48.5618,-207.2019,2.23,211.9,19.855623888460418,-206.9498664870104,49.675029552166,207.13442604457796,48.899747925559566,thin,thin,thin,0.4181,48.612974803441105,True,True
11702948,2132095883989111168,286.1494,49.8675,1.1469,0.2903,7.9837,3.0418,-22.1548,-230.453,-7.0,0.0,0.0,0.0,0.0462,thin,False,-22.1548,-230.453,-7.0,227.1,45.5411901469428,-230.4974479598032,22.78895530773222,230.43810472163588,23.38140056327637,thin,thin,thin,0.0462,23.23435307986861,True,True
11705004,2132842177507335424,287.535,49.8016,1.0192,0.3103,7.9699,3.0286,-16.4451,-218.7483,12.0,0.0,0.0,0.0,0.0492,thin,False,-16.4451,-218.7483,12.0,215.5,42.72001872658765,-218.7861137366764,19.947090915772485,218.73640349713236,20.48501367194382,thin,thin,thin,0.0492,20.35783176102013,True,True
11709244,2133021810218800384,289.8354,49.8256,1.2084,0.247,8.0009,3.0455,13.1611,-219.8518,12.0,13.0026,-224.9806,13.67,0.0436,thin,True,13.0026,-224.9806,13.67,225.19,16.176878561700338,-224.9578302215634,19.13640828385145,224.9917255615951,18.73368433639928,thin,thin,thin,0.0436,18.866279621589413,True,True
11714231,2129847554510913536,292.6584,49.8652,0.5765,0.4386,7.8943,2.942,-18.535,-226.0661,-3.0,0.0,0.0,0.0,0.0432,thin,False,-18.535,-226.0661,-3.0,217.9,63.07138812488592,-226.209690996714,16.958351900204786,226.1151010561184,18.176112741215164,thin,thin,thin,0.0432,18.77621434155458,True,True
11718144,2135051371246744960,294.5255,49.8725,1.2229,0.2066,8.0195,3.0457,28.4809,-222.9976,3.0,0.0,0.0,0.0,0.0592,thin,False,28.4809,-222.9976,3.0,224.7,7.615773105863909,-222.9362987658033,29.11179645100068,223.01040015559104,28.538595313069404,thin,thin,thin,0.0592,28.63846477746319,True,True
11718389,2135052298959703296,294.6208,49.8942,2.7711,0.1035,8.0765,3.099,7.2651,-217.2878,38.0,11.7867,-167.7101,26.18,0.829,thick,True,11.7867,-167.7101,26.18,168.06,26.58626148972435,-167.70480165295632,28.74182322926945,167.71812031562158,28.66400212452353,thick,thick,thick,0.829,28.710950818285344,True,True
11720424,2134934273258874240,295.5241,49.8295,0.4692,0.4745,7.8688,2.8959,-3.8284,-227.2589,-9.0,0.0,0.0,0.0,0.0476,thin,False,-3.8284,-227.2589,-9.0,219.5,59.682493245507096,-227.286965403312,9.104139594364767,227.27274045460143,9.4525893942027,thin,thin,thin,0.0476,9.780421594184986,True,True
11754553,2133589776693414016,286.738,49.9757,3.1283,0.1189,8.072,3.1049,-1.6557,-227.2141,8.0,0.0,0.0,0.0,0.0503,thin,False,-1.6557,-227.2141,8.0,227.0,12.806248474865695,-227.214727475196,8.152767528416744,227.2130855535023,8.198399432623184,thin,thin,thin,0.0503,8.169537470995527,True,True
11758544,2132709613336959744,289.2334,49.9389,2.1187,0.1528,8.0527,3.0872,-27.5489,-229.837,-1.0,-26.1139,-216.4593,-4.55,0.0615,thin,True,-26.1139,-216.4593,-4.55,214.72,38.11257141679108,-216.48704394683423,26.27938932246076,216.44899314155225,26.590973431002467,thin,thin,thin,0.0615,26.507324897280753,True,True
11769689,2135137335013008000,295.092,49.9401,0.5735,0.3997,7.9147,2.9409,-22.5028,-220.5089,11.0,0.0,0.0,0.0,0.053,thin,False,-22.5028,-220.5089,11.0,211.6,66.91038783328041,-220.70756669857047,23.232089918818502,220.5916669563661,24.307950744800827,thin,thin,thin,0.053,25.047475079137218,True,True
11773022,2135275362382289280,296.4798,49.9376,1.2457,0.1892,8.0293,3.0468,-13.2857,-229.9908,-9.0,0.0,0.0,0.0,0.0424,thin,False,-13.2857,-229.9908,-9.0,227.7,36.1386219991853,-230.01518158582837,15.694146680798156,229.98170139314547,16.177361475657232,thin,thin,thin,0.0424,16.04711265274847,True,True
11773625,2135278454758753664,296.7392,49.9784,1.0736,0.2132,8.0168,3.032,61.8707,-214.8211,21.0,0.0,0.0,0.0,0.915,thick,False,61.8707,-214.8211,21.0,220.3,43.41658669218482,-214.65273941100637,65.88847747027258,214.8364941779253,65.28683457894307,thin,thick,thick,0.915,65.33745876975932,False,True
11802615,2132325200882204544,285.0416,50.0754,2.1643,0.1711,8.0477,3.0886,3.2703,-212.6254,28.0,0.0,0.0,0.0,0.0745,thin,False,3.2703,-212.6254,28.0,212.5,29.120439557122072,-212.62410098763615,28.20002977302485,212.6286122446915,28.165994654842443,thin,thin,thin,0.0745,28.19033277721283,True,True
11804465,2133599775377340672,286.2434,50.0404,1.1351,0.2927,7.9852,3.0409,30.0283,-227.6347,-6.0,0.0,0.0,0.0,0.0634,thin,False,30.0283,-227.6347,-6.0,229.5,9.219544457292889,-227.56708756316584,31.120261213852384,227.6494811653804,30.51169816862227,thin,thin,thin,0.0634,30.621868017643862,True,True
11810124,2133035966431029376,289.6649,50.0201,0.9978,0.2966,7.9783,3.0256,33.6086,-219.2837,7.0,0.0,0.0,0.0,0.0888,thin,False,33.6086,-219.2837,7.0,221.7,10.63014581273465,-219.19529736735,34.88999300715027,219.3014867696969,34.21619354341528,thin,thin,thin,0.0888,34.32984115838581,True,True
11811193,2130026255211751808,290.2359,50.0301,2.0745,0.1521,8.0533,3.0855,-1.3371,-225.7306,6.0,1.4618,-201.2149,-1.33,0.1615,thin,True,1.4618,-201.2149,-1.33,200.98,9.919566522787171,-201.2138789734288,2.0816119874596306,201.2160510464148,1.859839048570372,thick,thin,thin,0.1615,1.9762993801547377,False,True
11811382,2130049246174713600,290.3637,50.0526,2.157,0.1468,8.0562,3.0875,-6.3007,-235.0844,-11.0,-7.4706,-244.1809,-8.28,0.0576,thin,True,-7.4706,-244.1809,-8.28,243.42,22.257448191560503,-244.1852194357989,11.057531781131654,244.1744136212972,11.293632395985682,thin,thin,thin,0.0576,11.152052024627574,True,True
11812062,2130040450081573376,290.7858,50.0541,1.0552,0.2711,7.9909,3.0317,-30.4839,-225.2021,3.0,0.0,0.0,0.0,0.0643,thin,False,-30.4839,-225.2021,3.0,220.5,55.08175741568164,-225.2806432934045,30.047990903051183,225.19074267784143,30.71448212492265,thin,thin,thin,0.0643,30.63116320367217,True,True
11818607,2135105625273603456,294.2244,50.0756,0.8725,0.284,7.9817,3.0083,27.55,-220.4945,2.0,0.0,0.0,0.0,0.0587,thin,False,27.55,-220.4945,2.0,222.2,2.8284271247461903,-220.3760713569928,28.55218333608881,220.47789521641232,27.75495849286559,thin,thin,thin,0.0587,27.62249988686759,True,True
11818800,2135105075517958144,294.3168,50.0802,0.4381,0.5337,7.8485,2.8808,-54.1874,-231.2963,2.0,0.0,0.0,0.0,0.5107,thick,False,-54.1874,-231.2963,2.0,209.5,112.01785571952357,-231.97580353995207,51.23940448515696,231.6062547104004,52.88471214841916,thick,thick,thick,0.5107,54.22429638787395,True,True
11818872,2135104903719129984,294.3508,50.081,2.239,0.1246,8.0666,3.089,-57.006,-229.7135,-3.0,-58.5692,-249.6732,1.84,0.7972,thick,True,-58.5692,-249.6732,1.84,246.25,71.63363525607227,-249.71599001880344,58.41544769090495,249.6338726398052,58.76537952615892,thick,thick,thick,0.7972,58.59809543526138,True,True
11821363,2134972275129562752,295.4571,50.0772,1.4285,0.1758,8.0389,3.0588,0.0999,-218.9412,21.0,0.0,0.0,0.0,0.0494,thin,False,0.0999,-218.9412,21.0,218.2,27.65863337187866,-218.94085907660872,21.003338467885783,218.94115168399776,21.00028807623111,thin,thin,thin,0.0494,21.000237617941373,True,True
11823054,2135292507890372224,296.1513,50.0958,1.6382,0.1523,8.0516,3.0692,-37.2156,-219.6656,24.0,-35.8317,-198.3698,18.9,0.3105,thin,True,-35.8317,-198.3698,18.9,195.26,53.52771618516897,-198.40440574888956,40.340745895806144,198.335257179683,40.67935298734496,thick,thin,thin,0.3105,40.51074826376328,False,True
11824786,2135280378903961984,296.8534,50.0373,0.732,0.2985,7.9716,2.9827,-22.3854,-214.2403,28.0,-22.5472,-204.6349,26.09,0.1491,thin,True,-22.5472,-204.6349,26.09,198.49,60.54929974822169,-204.76819405646336,33.682109536882805,204.67397246231505,34.2500043284013,thick,thin,thin,0.1491,34.48281206398342,False,True
11852982,2132326747070439296,284.9987,50.1467,6.3972,0.0719,8.097,3.1237,-17.7263,-239.2551,-6.0,0.0,0.0,0.0,0.0476,thin,False,-17.7263,-239.2551,-6.0,238.9,22.80350850198276,-239.25669346608163,18.69343819840108,239.24832306096835,18.800263628857103,thin,thin,thin,0.0476,18.714211489934595,True,True
11853255,2132161785967577728,285.1762,50.1497,2.958,0.1304,8.0682,3.1029,-38.0337,-232.3466,-4.0,0.0,0.0,0.0,0.1117,thin,False,-38.0337,-232.3466,-4.0,230.7,47.16990566028302,-232.35756314776728,38.17660079199474,232.318456559948,38.41386132118921,thin,thin,thin,0.1117,38.243461345568605,True,True
11854636,2133603348790124928,286.1028,50.1266,0.819,0.3986,7.9343,3.0022,21.8501,-220.5029,2.0,0.0,0.0,0.0,0.0487,thin,False,21.8501,-220.5029,2.0,221.4,9.219544457292889,-220.4224628333745,22.735388241013787,220.5067954217438,21.90235541747165,thin,thin,thin,0.0487,21.94144183981536,True,True
11856178,2132862277954568064,287.165,50.1132,3.3779,0.1105,8.0768,3.1076,-2.2191,-229.0077,9.0,0.0,0.0,0.0,0.0481,thin,False,-2.2191,-229.0077,9.0,228.8,13.45362404707371,-229.00860003238915,9.246681091355246,229.00658653918,9.296414452523964,thin,thin,thin,0.0481,9.269541779937128,True,True
11860395,2133044040969963776,289.712,50.1282,0.4109,0.6756,7.7856,2.8655,46.7469,-205.3334,13.0,0.0,0.0,0.0,0.4384,thin,False,46.7469,-205.3334,13.0,210.3,17.029386365926403,-204.72243601852531,51.03738032697997,205.08811967868755,49.54748395892916,thin,thin,thin,0.4384,48.52084768024977,True,True
11875734,2087263361789975040,297.2706,50.1218,0.9421,0.2348,8.0076,3.0171,26.6442,-212.9395,25.0,43.539,-143.3837,59.22,1.0,thick,True,43.539,-143.3837,59.22,147.68,64.43732148374883,-143.2216144897724,73.818154562025,143.369386796833,73.53074003095641,thick,thick,thick,1.0,73.50274090807771,True,True
11904835,2133612419761090816,286.1217,50.2794,0.3671,0.8362,7.7242,2.8405,-39.633,-223.085,14.0,0.0,0.0,0.0,0.16,thin,False,-39.633,-223.085,14.0,201.3,104.93807697875924,-223.78200786427252,38.14843320812363,223.47909908023252,39.8846119987095,thick,thin,thin,0.16,42.033019032660505,False,True
11905398,2133597645073642240,286.4899,50.2301,1.1153,0.2963,7.9863,3.0391,39.9306,-212.2277,21.0,0.0,0.0,0.0,0.2657,thin,False,39.9306,-212.2277,21.0,215.2,27.65863337187866,-212.1354281052827,45.54777867897007,212.24680849131212,45.02590682320877,thin,thin,thin,0.2657,45.115992911161776,True,True
11918099,2135124213891990912,293.8335,50.2303,1.4582,0.1842,8.0371,3.0609,42.3718,-238.5604,-30.0,0.0,0.0,0.0,0.4454,thin,False,42.3718,-238.5604,-30.0,241.2,37.8021163428716,-238.50869582315903,52.15402205713162,238.6002437355827,51.73358376645239,thin,thin,thin,0.4454,51.91694747613731,True,True
11922778,2135343188504476800,296.0069,50.2818,0.667,0.3412,7.9558,2.967,-20.1854,-213.6566,31.0,0.0,0.0,0.0,0.1251,thin,False,-20.1854,-213.6566,31.0,206.9,64.88451279003334,-213.7740530445664,36.307908847783054,213.68207204564948,36.8453807997404,thin,thin,thin,0.1251,36.9925718646325,True,True
11923213,2135295325388997376,296.2045,50.2363,1.1389,0.2095,8.0234,3.0379,-39.5164,-228.8224,-2.0,-39.391,-232.2479,-1.08,0.1236,thin,True,-39.391,-232.2479,-1.08,226.92,63.23922279724823,-232.3235127082692,38.95729896810966,232.21426263616917,39.603307037926186,thin,thin,thin,0.1236,39.405802631084676,True,True
11923284,2135301338343246848,296.23,50.2752,1.8446,0.1379,8.0612,3.0774,8.813,-230.6097,-4.0,8.5832,-241.9979,-1.57,0.0579,thin,True,8.5832,-241.9979,-1.57,242.05,7.1348791160047,-241.99014294585905,8.937545358917685,242.0048506719933,8.530020587680466,thin,thin,thin,0.0579,8.72560727055716,True,True
11954842,2133609705341815680,286.4337,50.3002,1.6169,0.2129,8.0282,3.0706,-41.397,-249.5662,-38.0,0.0,0.0,0.0,0.7147,thick,False,-41.397,-249.5662,-38.0,246.0,70.178344238091,-249.6083728021893,56.005894574082745,249.5296395587741,56.355647291715655,thick,thick,thick,0.7147,56.193519279361745,True,True
11959893,2133050741118971136,289.5835,50.3481,0.7429,0.3948,7.9357,2.9856,-15.4658,-229.9932,-11.0,-15.512,-244.3141,-7.13,0.0543,thin,True,-15.512,-244.3141,-7.13,238.94,53.74504442271864,-244.36867536959824,16.272796259644867,244.304801402268,17.20515654675667,thin,thin,thin,0.0543,17.072171625191682,True,True
11960862,2133056376115838080,290.098,50.3216,0.5164,0.5374,7.8627,2.9215,-55.358,-224.3005,9.0,0.0,0.0,0.0,0.5908,thick,False,-55.358,-224.3005,9.0,206.8,103.39245620450264,-224.84500327772724,53.86060249420564,224.51975143112196,55.20073565911247,thick,thick,thick,0.5908,56.08483007017138,True,True
11962284,2130136176312202624,290.9892,50.3081,1.5636,0.1907,8.0361,3.0671,6.7122,-224.4225,8.0,6.9475,-226.7715,8.34,0.0463,thin,True,6.9475,-226.7715,8.34,226.66,12.97533043895222,-226.76246618072457,11.04077586203729,226.77646221130092,10.749464494866649,thin,thin,thin,0.0463,10.854646758416415,True,True
11963206,2130115281293911552,291.5481,50.3533,0.9375,0.2968,7.9827,3.0176,-40.0142,-228.804,-8.0,0.0,0.0,0.0,0.1385,thin,False,-40.0142,-228.804,-8.0,222.1,68.46897107449476,-228.92291010782108,40.13366701120727,228.78975625717493,40.88590749613483,thin,thin,thin,0.1385,40.80608044936441,True,True
11970050,2135170599538343424,295.082,50.3446,0.8307,0.292,7.983,3.0002,22.9806,-225.31,-10.0,0.0,0.0,0.0,0.0496,thin,False,22.9806,-225.31,-10.0,226.3,13.45362404707371,-225.23295081312835,25.74505521475717,225.32167418044384,24.95662526308192,thin,thin,thin,0.0496,25.0620824426064,True,True
11970988,2134986019025048448,295.5294,50.3704,3.0132,0.0953,8.084,3.1023,-13.0327,-228.2891,9.0,0.0,0.0,0.0,0.0425,thin,False,-13.0327,-228.2891,9.0,227.6,23.769728648009423,-228.29364270475855,15.772529936317362,228.2800209880225,15.968469485458265,thin,thin,thin,0.0425,15.838284922617095,True,True
12016243,2135881365085825664,293.4956,50.4806,0.4916,0.4955,7.8851,2.9113,-57.6609,-235.9889,-11.0,0.0,0.0,0.0,0.7128,thick,False,-57.6609,-235.9889,-11.0,216.6,110.5486318323298,-236.73080171276987,55.63351076850374,236.37960342472292,57.10729449703163,thick,thick,thick,0.7128,58.70076139889499,True,True
12017109,2135221108353855744,293.9006,50.4271,1.0942,0.2374,8.0129,3.0348,27.531,-219.2142,11.0,28.1461,-193.2506,4.38,0.2099,thin,True,28.1461,-193.2506,4.38,195.15,8.581887904185185,-193.1786771696281,28.96843086866475,193.2604268606869,28.4179293690636,thick,thin,thin,0.2099,28.48486168493714,False,True
12019440,2135184068555793024,294.9963,50.47,0.8442,0.2878,7.9881,3.0035,21.8321,-229.7819,-22.0,22.0791,-242.4585,-18.91,0.071,thin,True,22.0791,-242.4585,-18.91,243.19,22.132286370820346,-242.3627252687424,29.858392460212425,242.44757560244807,29.1614005921391,thin,thin,thin,0.071,29.07016953528135,True,True
12020218,2135175478621290624,295.4026,50.4786,0.7485,0.3175,7.9733,2.9854,-28.3843,-237.6077,-34.0,-30.4584,-195.3155,-44.47,0.7728,thick,True,-30.4584,-195.3155,-44.47,188.2,75.06132026550026,-195.45044128351648,53.40942615380434,195.3237714670898,53.87082791151506,thick,thick,thick,0.7728,53.900788774933524,True,True
12020329,2135550652604184192,295.4553,50.4945,0.5193,0.443,7.9108,2.919,-52.1236,-227.2139,11.0,0.0,0.0,0.0,0.468,thin,False,-52.1236,-227.2139,11.0,210.1,101.59724405711012,-227.66397557407944,51.31397690498132,227.3574957085468,52.655286013259214,thick,thin,thin,0.468,53.271659228524136,False,True
12024120,2135314184585149696,297.0188,50.409,2.5532,0.1028,8.0804,3.0952,14.4547,-225.2722,19.0,13.9196,-237.6903,22.15,0.0553,thin,True,13.9196,-237.6903,22.15,238.08,22.337739366372773,-237.6806591273986,26.248148063537137,237.6978784920225,26.09175272747509,thin,thin,thin,0.0553,26.16061475118656,True,True
12055539,2132984426823383168,287.8674,50.5956,1.2911,0.2501,8.013,3.0527,-2.3492,-221.5823,7.0,0.0,0.0,0.0,0.0555,thin,False,-2.3492,-221.5823,7.0,220.5,23.08679276123039,-221.5866022216861,7.254496250482705,221.58139083022337,7.411965848801472,thin,thin,thin,0.0555,7.383680697321628,True,True
12056139,2132939037609090816,288.2317,50.5678,0.4924,0.5957,7.8469,2.9144,-66.9814,-234.1079,-3.0,0.0,0.0,0.0,0.932,thick,False,-66.9814,-234.1079,-3.0,213.0,118.03812943282352,-234.94266616741453,64.06202942575895,234.53444164547517,65.54079402971277,thick,thick,thick,0.932,67.04854917117893,True,True
12058147,2133127363335546112,289.3587,50.5984,1.3608,0.228,8.0224,3.0568,-21.9969,-225.3718,2.0,-22.5904,-228.0717,3.12,0.0457,thin,True,-22.5904,-228.0717,3.12,225.34,41.936223005893126,-228.112788824778,22.390131187249477,228.06149627345832,22.906687178886347,thin,thin,thin,0.0457,22.80483659577503,True,True
12058204,2133124511477266176,289.388,50.597,0.9109,0.3269,7.9749,3.0158,-25.831,-226.226,-2.0,0.0,0.0,0.0,0.0509,thin,False,-25.831,-226.226,-2.0,221.2,54.037024344425184,-226.3286222998012,24.99589422032997,226.24180007792333,25.769902939300124,thin,thin,thin,0.0509,25.908310655077454,True,True
12058931,2133080462292772096,289.8301,50.5862,0.6117,0.4636,7.9083,2.9562,-40.6886,-211.6263,30.0,-40.8314,-189.3814,22.92,0.662,thick,True,-40.8314,-189.3814,22.92,178.61,78.4622711881322,-189.72605921889075,45.407956937853584,189.52313692673923,46.24760176969675,thick,thick,thick,0.662,46.82445542619797,True,True
12061222,2130168405747219072,291.2212,50.5814,1.9614,0.1564,8.056,3.0822,36.9716,-234.1173,-10.0,0.0,0.0,0.0,0.1142,thin,False,36.9716,-234.1173,-10.0,235.9,25.079872407968907,-234.0849217466095,38.49752473710116,234.1436656272131,38.13861359110789,thin,thin,thin,0.1142,38.300120189889746,True,True
12061969,2130124219123552256,291.6595,50.5839,1.2448,0.2298,8.02,3.0481,-16.5074,-220.204,12.0,0.0,0.0,0.0,0.0477,thin,False,-16.5074,-220.204,12.0,217.7,38.897300677553446,-220.235081059102,20.069854780011376,220.19387969756104,20.51695259379501,thin,thin,thin,0.0477,20.408190874254387,True,True
12066335,2135223204298512128,293.9734,50.5318,3.1241,0.0978,8.0838,3.1038,-17.0776,-236.5139,-10.0,-18.2759,-254.0517,-5.57,0.0837,thin,True,-18.2759,-254.0517,-5.57,253.18,28.41134456515566,-254.0574791201881,19.02929854448645,254.03914534641396,19.272507145246536,thick,thin,thin,0.0837,19.105847817095164,False,True
12066569,2135220283720198528,294.0831,50.5028,2.7428,0.1079,8.0786,3.0986,-13.9908,-233.117,-5.0,0.0,0.0,0.0,0.0434,thin,False,-13.9908,-233.117,-5.0,232.3,24.515301344262525,-233.12300864013355,14.763226021849889,233.1070044337659,15.013809773547258,thin,thin,thin,0.0434,14.857405043950306,True,True
12070811,2135356142125982464,296.0213,50.5678,1.1233,0.2149,8.0262,3.037,31.92,-217.959,14.0,31.7696,-185.0952,6.15,0.4145,thin,True,31.7696,-185.0952,6.15,187.4,13.733932430298324,-185.0152816531078,32.81351024839014,185.10535619973345,32.30151708774381,thick,thin,thin,0.4145,32.35938788296219,False,True
12071754,2135328448177680512,296.4009,50.5583,1.0987,0.2168,8.0252,3.0341,11.5385,-228.1786,-10.0,11.277,-217.0826,-12.79,0.0502,thin,True,11.277,-217.0826,-12.79,217.04,17.58604560439896,-217.05860886516976,17.354852852076938,217.0915190577264,16.93820985844757,thin,thin,thin,0.0502,17.05153450572704,True,True
12072872,2135320919095465984,296.8593,50.5601,2.2968,0.1135,8.0762,3.0898,-13.1225,-229.887,0.0,-11.3084,-204.409,-5.57,0.0881,thin,True,-11.3084,-204.409,-5.57,203.55,22.56815898561511,-204.4148532050624,12.509679818156956,204.39927374011384,12.761708134650767,thin,thin,thin,0.0881,12.605745141006144,True,True
12105086,2132943057698462848,288.0558,50.6538,2.2223,0.1548,8.0587,3.0896,33.9667,-229.3445,5.0,34.4798,-225.5427,4.27,0.0841,thin,True,34.4798,-225.5427,4.27,227.03,23.10794235755317,-225.5218174916168,34.878470942372225,225.56956266315464,34.56834245307644,thin,thin,thin,0.0841,34.743193693729424,True,True
12110942,2130124528361197952,291.6224,50.6182,0.6684,0.4065,7.9349,2.9689,-37.6513,-238.0134,-25.0,0.0,0.0,0.0,0.2314,thin,False,-37.6513,-238.0134,-25.0,228.0,81.9084855189009,-238.2201019904836,44.09289067007959,238.04688218552351,45.018683696344205,thick,thin,thin,0.2314,45.19535807679811,False,True
12116380,2135239112857020032,294.5177,50.6704,1.4057,0.1875,8.0412,3.0579,22.7691,-235.6214,-23.0,23.2424,-219.4854,-27.07,0.0977,thin,True,23.2424,-219.4854,-27.07,220.66,27.495768765393706,-219.4513846036365,35.88791851789095,219.50364007317475,35.566907296335906,thin,thin,thin,0.0977,35.679042276384045,True,True
12120307,2135378231142791808,296.302,50.6723,0.9469,0.249,8.0115,3.0175,9.5886,-230.3847,-19.0,0.0,0.0,0.0,0.0442,thin,False,9.5886,-230.3847,-19.0,229.8,26.87005768508881,-230.35445660781625,21.60704331734707,230.38756809457612,21.251081559935844,thin,thin,thin,0.0442,21.282416450206025,True,True
12120943,2135336041680008832,296.5716,50.6778,0.4877,0.4499,7.9147,2.9058,27.1855,-228.678,-30.0,0.0,0.0,0.0,0.1344,thin,False,27.1855,-228.678,-30.0,228.7,40.36087214122113,-228.3752711390204,42.1595248096906,228.560000223762,41.14627926938139,thin,thin,thin,0.1344,40.48519989144181,True,True
12156174,2133132276778226176,289.6434,50.727,1.1286,0.2696,8.0044,3.0389,-45.9821,-226.9089,-2.0,0.0,0.0,0.0,0.2315,thin,False,-45.9821,-226.9089,-2.0,221.0,69.02897942168927,-226.99891619013013,45.5795134737776,226.87217287022105,46.206246083668695,thin,thin,thin,0.2315,46.025574634218316,True,True
12156347,2133086887563878912,289.7428,50.7871,2.4008,0.1383,8.0669,3.0932,8.2216,-231.8737,-3.0,0.0,0.0,0.0,0.0492,thin,False,8.2216,-231.8737,-3.0,232.0,4.242640687119285,-231.8687703135347,8.881067125593436,231.87934787564944,8.600466775911919,thin,thin,thin,0.0492,8.751840181356147,True,True
12156930,2133176566480194432,290.0393,50.7684,1.5258,0.2031,8.0362,3.0655,-80.7492,-216.7685,21.0,0.0,0.0,0.0,0.9991,thick,False,-80.7492,-216.7685,21.0,210.0,99.24716620639605,-216.86629586450704,83.18058498236283,216.70169324715812,83.60846933065193,thick,thick,thick,0.9991,83.43520420446036,True,True
12159249,2130131297229656832,291.4675,50.7596,1.6923,0.1779,8.0474,3.0723,71.5562,-236.7148,-19.0,0.0,0.0,0.0,0.9875,thick,False,71.5562,-236.7148,-19.0,241.1,58.18934610390462,-236.66262325498124,74.20251177737045,236.79450119121927,73.7805814940602,thin,thick,thick,0.9875,74.03573298374239,False,True
12164564,2135251791600414336,294.2945,50.7254,0.5088,0.4757,7.9037,2.9155,48.265,-209.8204,12.0,0.0,0.0,0.0,0.4282,thin,False,48.265,-209.8204,12.0,215.3,12.0,-209.35900579522493,51.64200511632937,209.66340009339729,50.39195036189844,thin,thin,thin,0.4282,49.734396799398304,True,True
12168993,2135382015009830656,296.2806,50.7556,0.4345,0.5039,7.8918,2.8807,-91.5509,-246.353,-15.0,-94.7732,-239.1297,-16.77,1.0,thick,True,-94.7732,-239.1297,-16.77,206.59,154.16483191701016,-240.52524350334957,92.70291655419702,239.87053913800773,94.3840450163135,thick,thick,thick,1.0,96.24547957301684,True,True
12206313,2133178765503484160,290.0827,50.8634,1.0017,0.2953,7.9944,3.0267,-32.6701,-231.5715,-11.0,0.0,0.0,0.0,0.0822,thin,False,-32.6701,-231.5715,-11.0,226.3,60.01666435249463,-231.6768671646673,33.756765555442506,231.5761688151687,34.44079030580609,thin,thin,thin,0.0822,34.47224149964722,True,True
12252424,2133369840008452224,287.9979,50.9442,3.7984,0.1002,8.0859,3.1111,-51.873,-234.3917,-6.0,-54.4981,-256.5521,1.55,0.7376,thick,True,-54.4981,-256.5521,1.55,254.77,62.31927871854744,-256.56161661817504,54.475519990804855,256.5176439897237,54.68220663032365,thick,thick,thick,0.7376,54.52013759713011,True,True
12253474,2133314452110319872,288.6348,50.9122,2.3015,0.1491,8.0632,3.091,-18.6851,-224.3312,11.0,-15.5559,-185.0628,-1.7,0.3073,thin,True,-15.5559,-185.0628,-1.7,184.04,24.94798789481829,-185.06778020591864,15.589753995935444,185.0468563618544,15.836181692416442,thick,thin,thin,0.3073,15.648515099203502,False,True
12253769,2133335823867642752,288.8046,50.9907,2.2243,0.1524,8.0624,3.0895,24.9621,-229.1111,4.0,24.0317,-238.9229,6.68,0.0542,thin,True,24.0317,-238.9229,6.68,239.85,13.351254622693704,-238.90825892359248,25.08231086039915,238.9415653765064,24.76301345605456,thin,thin,thin,0.0542,24.94283474046204,True,True
12254378,2133150418720312832,289.1867,50.9376,0.7253,0.41,7.944,2.984,23.0021,-227.51,-12.0,0.0,0.0,0.0,0.0506,thin,False,23.0021,-227.51,-12.0,228.3,17.69180601295413,-227.3824956731177,27.03868823490959,227.48468206269456,26.16504207592243,thin,thin,thin,0.0506,25.944105388507808,True,True
12254909,2133138942567823744,289.4858,50.9442,1.2545,0.2466,8.0186,3.0495,30.8565,-225.3169,0.0,32.6038,-191.7238,-10.12,0.3003,thin,True,32.6038,-191.7238,-10.12,193.91,17.9539215771931,-191.6620246217763,34.483325214973426,191.74322762179935,34.028900381511555,thick,thin,thin,0.3003,34.13828019159723,False,True
12256520,2133173542823321344,290.3485,50.9028,1.5449,0.1994,8.0394,3.0664,6.0503,-226.6862,1.0,0.0,0.0,0.0,0.055,thin,False,6.0503,-226.6862,1.0,226.5,11.04536101718726,-226.67860501318629,6.407810021830732,226.6908998962276,5.95700463643582,thin,thin,thin,0.055,6.132383720055358,True,True
12266636,2135398473324811392,295.8066,50.9098,1.2319,0.2017,8.038,3.0463,-23.5709,-226.3692,1.0,0.0,0.0,0.0,0.047,thin,False,-23.5709,-226.3692,1.0,223.1,45.0111097397076,-226.420029465194,23.09935620273203,226.36011257634303,23.67930392611432,thin,thin,thin,0.047,23.592103060346275,True,True
12306058,2133196151531241216,290.6219,51.0573,1.1481,0.2591,8.0143,3.0404,57.0643,-235.3395,-23.0,56.0759,-275.1027,-11.8,0.96,thick,True,56.0759,-275.1027,-11.8,279.36,30.384864653310537,-274.9933688332625,57.82643597640502,275.146377342188,57.09396321390131,thick,thick,thick,0.96,57.3039838127333,True,True
12352520,2133344104564365184,288.8744,51.1542,3.7324,0.0996,8.0871,3.1105,25.2275,-232.0277,7.0,0.0,0.0,0.0,0.0515,thin,False,25.2275,-232.0277,7.0,232.7,19.313207915827967,-232.02189067831773,26.232274892939884,232.0426129919502,26.048334992241365,thin,thin,thin,0.0515,26.180656146284797,True,True
12365184,2135604425595213440,295.4179,51.1848,0.9932,0.2522,8.0196,3.0228,9.4431,-222.5494,-1.0,0.0,0.0,0.0,0.0505,thin,False,9.4431,-222.5494,-1.0,222.1,17.029386365926403,-222.52996197163668,9.941127949178057,222.56026005066448,9.238000118022796,thin,thin,thin,0.0505,9.495901095209447,True,True
12366084,2135595045386787200,295.8162,51.1217,0.7268,0.3267,7.9854,2.9814,32.5373,-220.1285,-1.0,0.0,0.0,0.0,0.0774,thin,False,32.5373,-220.1285,-1.0,222.5,3.1622776601683795,-219.9593965154432,33.676607379040426,220.10327372038904,32.72306369470162,thin,thin,thin,0.0774,32.55266335171364,True,True
12401863,2133404474624835840,288.1447,51.2756,1.2504,0.2585,8.019,3.0499,5.9462,-206.7235,35.0,5.1932,-228.6846,42.29,0.1644,thin,True,5.1932,-228.6846,42.29,228.2,45.131161075248215,-228.6726889403521,42.67157171688175,228.6860940236347,42.59967253645625,thin,thin,thin,0.1644,42.60766863183199,True,True
12403119,2133344791759137152,288.8489,51.209,3.3182,0.1099,8.0828,3.1065,8.8871,-252.9439,-36.0,10.406,-236.6505,-41.21,0.1738,thin,True,10.406,-236.6505,-41.21,236.87,41.26296402344359,-236.6491266236542,42.51140985972676,236.65869338714373,42.45811988642353,thin,thin,thin,0.1738,42.5035167486174,True,True
12404086,2133249099888182912,289.3997,51.2502,1.4597,0.218,8.0357,3.0621,-52.1599,-239.2004,-21.0,0.0,0.0,0.0,0.6286,thick,False,-52.1599,-239.2004,-21.0,234.3,74.04052944165107,-239.2583617640821,55.98148199152652,239.14746093959053,56.453360627575,thick,thick,thick,0.6286,56.228597421685706,True,True
12404954,2133263737136893696,289.8806,51.277,2.2431,0.1476,8.0666,3.0897,-43.2169,-228.2494,2.0,-43.6852,-229.8358,2.22,0.1841,thin,True,-43.6852,-229.8358,2.22,227.26,55.59434233804731,-229.85904214007908,43.61948241835697,229.79872575518223,43.93613707751872,thin,thin,thin,0.1841,43.741571748623755,True,True
12406749,2136207095405014912,290.8541,51.2227,0.9862,0.2957,8.0006,3.0242,-52.0635,-224.5418,3.0,0.0,0.0,0.0,0.4266,thin,False,-52.0635,-224.5418,3.0,216.9,78.05767098754612,-224.6891446664047,51.51114703711679,224.5249483318927,52.22219429094229,thin,thin,thin,0.4266,52.14986128696796,True,True
12406807,2136206476929730688,290.8883,51.2482,0.5544,0.4992,7.9118,2.9368,4.7787,-214.8159,13.0,0.0,0.0,0.0,0.055,thin,False,4.7787,-214.8159,13.0,211.3,41.10960958218893,-214.76128904465688,14.672379761897885,214.7961026727704,14.1535958889849,thin,thin,thin,0.055,13.85048640626025,True,True
12416661,2135594392551675520,295.5384,51.203,1.2661,0.2012,8.0425,3.0486,48.1941,-226.1028,-6.0,48.5918,-227.0299,-5.65,0.3099,thin,True,48.5918,-227.0299,-5.65,230.56,27.88832372158642,-226.94387165159276,49.31684620680251,227.0652138478411,48.75511111908361,thin,thin,thin,0.3099,48.91917341125052,True,True
12418724,2135506706499750656,296.4031,51.2713,0.8083,0.292,8.0047,2.9967,-56.3596,-230.1494,-6.0,-55.8179,-241.965,-2.88,0.6336,thick,True,-55.8179,-241.965,-2.88,231.37,90.21598140019316,-242.1799388381556,54.9534113986312,241.9639069233974,55.89694040254333,thick,thick,thick,0.6336,55.892149362947215,True,True
12453581,2133394407221680256,287.522,51.3759,1.0634,0.3059,8.0006,3.0341,70.5364,-206.2217,29.0,0.0,0.0,0.0,0.9953,thick,False,70.5364,-206.2217,29.0,212.6,56.08029957123981,-206.02935315471632,76.78323800575994,206.23553036283096,76.22772471982752,thin,thick,thick,0.9953,76.26521962834697,False,True
12456601,2133250405558238976,289.3115,51.3209,0.8172,0.3698,7.9709,3.001,90.3958,-217.6806,-3.0,0.0,0.0,0.0,0.9999,thick,False,90.3958,-217.6806,-3.0,228.2,59.07622195096772,-217.322631027181,91.30232222360912,217.66911976321677,90.47316895912518,thin,thick,thick,0.9999,90.44556737419474,False,True
12458605,2133210307743921024,290.4231,51.3887,0.7782,0.3745,7.9701,2.9935,32.0103,-221.2991,-2.0,0.0,0.0,0.0,0.0736,thin,False,32.0103,-221.2991,-2.0,223.6,2.23606797749979,-221.16372199806256,32.99345498676497,221.29412522117948,32.10716653012116,thin,thin,thin,0.0736,32.07271903175657,True,True
12459913,2136210874976312192,291.1594,51.3348,0.7461,0.3785,7.9667,2.9873,-43.6035,-240.2524,-28.0,-42.5472,-256.0274,-23.29,0.5106,thick,True,-42.5472,-256.0274,-23.29,246.45,84.64708205248424,-256.2352185210257,47.39455442856519,256.0599015648912,48.3327819453649,thick,thick,thick,0.5106,48.504518633216016,True,True
12469800,2135692661402242176,295.9092,51.3479,1.1787,0.2128,8.0399,3.0416,-41.1456,-230.9622,-8.0,0.0,0.0,0.0,0.1548,thin,False,-41.1456,-230.9622,-8.0,225.7,64.4980619863884,-231.03633455701117,41.50544680473663,230.9264850435226,42.112331987717376,thin,thin,thin,0.1548,41.916111453234784,True,True
12470844,2135507084456876928,296.3665,51.3195,1.1762,0.2089,8.0414,3.0415,-19.4156,-236.9271,-29.0,0.0,0.0,0.0,0.0904,thin,False,-19.4156,-236.9271,-29.0,233.8,51.86520991955976,-236.96614958223225,34.63356684159355,236.9144585805369,34.985415754155234,thin,thin,thin,0.0904,34.89936279303678,True,True
12505076,2133366369675069568,288.3087,51.4783,0.4401,0.6812,7.8439,2.8857,61.9162,-201.0757,17.0,0.0,0.0,0.0,0.9407,thick,False,61.9162,-201.0757,17.0,210.2,19.235384061671343,-200.35226685941967,66.43048369756077,200.7949940304782,65.0800305185871,thin,thick,thick,0.9407,64.20759941346508,False,True
12506770,2133259510888931456,289.2907,51.409,1.8008,0.1814,8.0534,3.0774,60.8713,-214.2358,28.0,0.0,0.0,0.0,0.9406,thick,False,60.8713,-214.2358,28.0,217.7,54.70831746635972,-214.17195731557015,67.20612099814703,214.27664722461577,66.87158181303585,thin,thick,thick,0.9406,67.00235192655553,False,True
12554634,2133450619753013248,289.1815,51.5626,1.1445,0.2737,8.0165,3.0409,37.4311,-221.3592,6.0,0.0,0.0,0.0,0.113,thin,False,37.4311,-221.3592,6.0,224.0,16.15549442140351,-221.27436159097115,38.40126173067952,221.37651685780887,37.80790636764004,thin,thin,thin,0.113,37.90893360686898,True,True
12600735,2133285383772329344,289.5007,51.6857,0.9787,0.3145,8.0018,3.0236,-3.488,-225.4775,-2.0,0.0,0.0,0.0,0.0619,thin,False,-3.488,-225.4775,-2.0,223.5,30.066592756745816,-225.4857295711542,3.5264372622114437,225.4753544422814,4.136972217406573,thin,thin,thin,0.0619,4.020714364388497,True,True
12602314,2139230133905068928,290.4333,51.6261,1.4846,0.2092,8.0441,3.0634,44.9464,-215.2474,23.0,0.0,0.0,0.0,0.4074,thin,False,44.9464,-215.2474,23.0,218.1,36.23534186398688,-215.18660117816611,50.7477750585074,215.28089077720227,50.3462815526064,thin,thin,thin,0.4074,50.48939366797743,True,True
12602568,2139225048663855872,290.5868,51.6958,0.663,0.4315,7.9541,2.9698,-28.4321,-228.1154,-7.0,0.0,0.0,0.0,0.0588,thin,False,-28.4321,-228.1154,-7.0,219.9,67.36467917239716,-228.30888970290457,27.73194696783761,228.180284942169,28.77094999666445,thin,thin,thin,0.0588,29.28112549766487,True,True
12644822,2133476080319167104,289.1122,51.7374,0.4943,0.5934,7.8897,2.9147,-45.0583,-222.7406,12.0,0.0,0.0,0.0,0.2524,thin,False,-45.0583,-222.7406,12.0,206.9,94.76286192385707,-223.2539713241939,44.10526372187337,222.9849583001291,45.44577397173133,thick,thin,thin,0.2524,46.62885800542407,False,True
12645057,2133476973672382464,289.267,51.7512,0.5486,0.5406,7.9114,2.9345,37.9805,-205.0725,22.0,0.0,0.0,0.0,0.302,thin,False,37.9805,-205.0725,22.0,208.5,22.56102834535696,-204.75983668936783,45.32834961636496,204.98014439561013,44.32144405989974,thin,thin,thin,0.302,43.89212207503756,True,True
12647577,2139226285614497792,290.7344,51.771,1.2785,0.2381,8.0342,3.0507,38.5863,-224.9252,1.0,0.0,0.0,0.0,0.1151,thin,False,38.5863,-224.9252,1.0,227.5,18.027756377319943,-224.8656036016848,38.94496523107923,224.95979426627744,38.39714785858627,thin,thin,thin,0.1151,38.5992557919191,True,True
12735793,2139300227772183168,289.7916,51.9936,2.5883,0.1326,8.0784,3.0968,-51.5604,-234.1454,-7.0,-47.8556,-179.0441,-24.03,0.9382,thick,True,-47.8556,-179.0441,-24.03,176.72,60.78182129551565,-179.07042313536712,53.46187200351836,179.01335037266347,53.652666181225634,thick,thick,thick,0.9382,53.54997060092564,True,True
12784167,2139306790481711232,289.8432,52.0702,1.2222,0.2551,8.0318,3.0473,49.2268,-212.5092,23.0,49.5749,-194.4161,17.3,0.7445,thick,True,49.5749,-194.4161,17.3,198.22,35.54423300621354,-194.30883650425864,52.90214510169962,194.4352534087052,52.43560938801616,thick,thick,thick,0.7445,52.506768230486244,True,True
12834874,2139316308129355520,290.2471,52.1491,1.4409,0.2178,8.0472,3.0614,-8.1088,-236.1087,-19.0,-7.4746,-216.6654,-25.22,0.0606,thin,True,-7.4746,-216.6654,-25.22,215.37,35.377740176557346,-216.6772939270376,26.206329320531644,216.66144493710627,26.33704003424175,thin,thin,thin,0.0606,26.304335102032134,True,True
12885212,2139317545079940608,290.175,52.2204,1.6777,0.1918,8.0579,3.0723,44.7423,-225.8444,4.0,0.0,0.0,0.0,0.2079,thin,False,44.7423,-225.8444,4.0,228.4,29.27456233660889,-225.80289994527277,45.12881979738837,225.88556758145265,44.713201164812766,thin,thin,thin,0.2079,44.92074586747197,True,True
