kepid,kepoi_name,koi_target,disk,system,posterior_status,qc_primary_exclude,qc_reasons,koi_period,koi_impact,koi_model_snr,koi_num_transits,missing_posterior,primary_qc_exclude,candidate_score,candidate_rank_within_disk,count_constrained_candidate_set,identity_status
8105398,K05475.02,K05475,thick,multi,missing_after_uniform_assembly,True,original_archive:ALDERAAN results file not found;cloud_missing:ALDERAAN results file not found,5.68325648,0.844,10.0,233.0,True,True,1515.4196771024172,1,True,sensitivity_candidate_not_author_confirmed
9022166,K02175.02,K02175,thick,multi,missing_after_uniform_assembly,True,original_archive:ALDERAAN results file not found;cloud_missing:ALDERAAN results file not found,72.3826983,0.791,29.5,9.0,True,True,1514.9256318049265,2,True,sensitivity_candidate_not_author_confirmed
9022166,K02175.01,K02175,thick,multi,missing_after_uniform_assembly,True,original_archive:ALDERAAN results file not found;cloud_missing:ALDERAAN results file not found,26.8475962,0.457,39.2,27.0,True,True,1509.6888837222982,3,True,sensitivity_candidate_not_author_confirmed
4860678,K01602.02,K01602,thick,multi,missing_after_uniform_assembly,True,original_archive:ALDERAAN results file not found;cloud_missing:ALDERAAN results file not found,3.03359398,0.023,12.3,415.0,True,True,1506.4235401787957,4,True,sensitivity_candidate_not_author_confirmed
2975770,K01788.01,K01788,thick,multi,missing_after_uniform_assembly,True,original_archive:ALDERAAN results file not found;cloud_missing:ALDERAAN results file not found,71.52543938,0.066,111.3,8.0,True,True,1506.0912897937894,5,True,sensitivity_candidate_not_author_confirmed
6607357,K02838.02,K02838,thick,multi,missing_after_uniform_assembly,True,original_archive:ALDERAAN results file not found;cloud_missing:ALDERAAN results file not found,4.77466043,0.03,15.5,265.0,True,True,1505.9943001968416,6,False,not_selected_by_diagnostic_ranking
6607357,K02838.01,K02838,thick,multi,missing_after_uniform_assembly,True,original_archive:ALDERAAN results file not found;cloud_missing:ALDERAAN results file not found,7.69994466,0.018,17.4,176.0,True,True,1505.7284113762983,7,False,not_selected_by_diagnostic_ranking
4860678,K01602.01,K01602,thick,multi,missing_after_uniform_assembly,True,original_archive:ALDERAAN results file not found;cloud_missing:ALDERAAN results file not found,9.97716876,0.002,21.8,137.0,True,True,1505.157887026498,8,False,not_selected_by_diagnostic_ranking
7449554,K02357.02,K02357,thick,multi,posterior_available,False,missing_qc_reason,15.9042402,0.876,13.3,0.0,False,False,24.24408497107082,9,False,not_selected_by_diagnostic_ranking
5088536,K00282.03,K00282,thick,multi,posterior_available,False,missing_qc_reason,87.5177787,0.983,12.2,14.0,False,False,18.228595762262927,10,False,not_selected_by_diagnostic_ranking
3962243,K01203.03,K01203,thick,multi,posterior_available,False,missing_qc_reason,48.6478543,0.988,12.2,20.0,False,False,17.842051320638472,11,False,not_selected_by_diagnostic_ranking
11450414,K01992.03,K01992,thick,multi,posterior_available,False,missing_qc_reason,85.517344,0.944,12.9,15.0,False,False,17.590449361368655,12,False,not_selected_by_diagnostic_ranking
4645174,K03437.02,K03437,thick,multi,posterior_available,False,missing_qc_reason,34.7496038,0.984,11.4,37.0,False,False,17.407478650644496,13,False,not_selected_by_diagnostic_ranking
4472818,K03878.02,K03878,thick,multi,posterior_available,False,missing_qc_reason,15.3573445,0.966,9.6,70.0,False,False,17.31020085301342,14,False,not_selected_by_diagnostic_ranking
11450414,K01992.02,K01992,thick,multi,posterior_available,False,missing_qc_reason,27.3214242,0.983,14.9,46.0,False,False,16.485697163057367,15,False,not_selected_by_diagnostic_ranking
10513530,K00533.02,K00533,thick,multi,posterior_available,False,missing_qc_reason,3.52467888,0.976,12.3,370.0,False,False,15.982534730032047,16,False,not_selected_by_diagnostic_ranking
9364290,K02374.02,K02374,thick,multi,posterior_available,False,missing_qc_reason,12.1628195,0.971,15.2,97.0,False,False,15.85523792555939,17,False,not_selected_by_diagnostic_ranking
8168187,K02209.02,K02209,thick,multi,posterior_available,False,missing_qc_reason,35.502865,0.783,11.0,38.0,False,False,15.482441102862897,18,False,not_selected_by_diagnostic_ranking
6949061,K01960.02,K01960,thick,multi,posterior_available,False,missing_qc_reason,23.2218115,0.913,16.9,55.0,False,False,15.343442279031684,19,False,not_selected_by_diagnostic_ranking
11601584,K01831.04,K01831,thick,multi,posterior_available,False,missing_qc_reason,13.97945055,0.924,17.1,71.0,False,False,15.263289992260598,20,False,not_selected_by_diagnostic_ranking
11176166,K05875.01,K05875,thick,multi,posterior_available,False,missing_qc_reason,9.8788502,0.732,13.4,17.0,False,False,15.20893989744486,21,False,not_selected_by_diagnostic_ranking
4645174,K03437.01,K03437,thick,multi,posterior_available,False,missing_qc_reason,15.0330623,0.896,14.9,92.0,False,False,15.183849671793773,22,False,not_selected_by_diagnostic_ranking
3962243,K01203.01,K01203,thick,multi,posterior_available,False,missing_qc_reason,31.8841473,0.938,25.3,31.0,False,False,15.152266882705469,23,False,not_selected_by_diagnostic_ranking
7285757,K03271.01,K03271,thick,multi,posterior_available,False,missing_qc_reason,19.5489666,0.83,12.6,71.0,False,False,15.121143356383962,24,False,not_selected_by_diagnostic_ranking
7673841,K02585.02,K02585,thick,multi,posterior_available,False,missing_qc_reason,10.42317343,0.811,11.2,123.0,False,False,14.9878126813394,25,False,not_selected_by_diagnostic_ranking
2302548,K00988.02,K00988,thick,multi,posterior_available,False,missing_qc_reason,24.5709023,0.945,26.3,50.0,False,False,14.764101442208254,26,False,not_selected_by_diagnostic_ranking
7183745,K02521.02,K02521,thick,multi,posterior_available,False,missing_qc_reason,4.86634094,0.895,15.2,229.0,False,False,14.74071036088086,27,False,not_selected_by_diagnostic_ranking
7102316,K02028.02,K02028,thick,multi,posterior_available,False,missing_qc_reason,37.0551726,0.884,23.2,37.0,False,False,14.63626386574057,28,False,not_selected_by_diagnostic_ranking
5438099,K01567.04,K01567,thick,multi,posterior_available,False,missing_qc_reason,44.8411168,0.864,28.9,20.0,False,False,14.596394636521413,29,False,not_selected_by_diagnostic_ranking
8972058,K00159.02,K00159,thick,multi,posterior_available,False,missing_qc_reason,2.403640701,0.918,16.3,524.0,False,False,14.570626074511217,30,False,not_selected_by_diagnostic_ranking
7256914,K04136.01,K04136,thick,multi,posterior_available,False,missing_qc_reason,2.41750021,0.895,15.2,561.0,False,False,14.502092091346519,31,False,not_selected_by_diagnostic_ranking
5956342,K01052.04,K01052,thick,multi,posterior_available,False,missing_qc_reason,43.1312147,0.67,11.8,26.0,False,False,14.48338644877766,32,False,not_selected_by_diagnostic_ranking
12306058,K02541.02,K02541,thick,multi,posterior_available,False,missing_qc_reason,20.4853893,0.834,17.9,56.0,False,False,14.403500802032777,33,False,not_selected_by_diagnostic_ranking
6849310,K00864.03,K00864,thick,multi,posterior_available,False,missing_qc_reason,9.76734503,0.9,21.1,122.0,False,False,14.259360902266266,34,False,not_selected_by_diagnostic_ranking
7183745,K02521.01,K02521,thick,multi,posterior_available,False,missing_qc_reason,28.4750006,0.835,21.4,41.0,False,False,14.23511463055723,35,False,not_selected_by_diagnostic_ranking
7256914,K04136.02,K04136,thick,multi,posterior_available,False,missing_qc_reason,4.03357434,0.855,15.5,282.0,False,False,14.225496414183034,36,False,not_selected_by_diagnostic_ranking
10028792,K01574.04,K01574,thick,multi,posterior_available,False,missing_qc_reason,8.9772888,0.702,10.3,108.0,False,False,14.214019977146934,37,False,not_selected_by_diagnostic_ranking
2715695,K03077.01,K03077,thick,multi,posterior_available,False,missing_qc_reason,4.09578199,0.752,11.9,298.0,False,False,13.896994802887974,38,False,not_selected_by_diagnostic_ranking
12306058,K02541.01,K02541,thick,multi,posterior_available,False,missing_qc_reason,7.41683033,0.873,20.6,179.0,False,False,13.883961585144252,39,False,not_selected_by_diagnostic_ranking
5456651,K00835.02,K00835,thick,multi,posterior_available,False,missing_qc_reason,56.2279271,0.7,20.9,18.0,False,False,13.73180899655323,40,False,not_selected_by_diagnostic_ranking
7445445,K00567.03,K00567,thick,multi,posterior_available,False,missing_qc_reason,29.02235217,0.902,41.4,43.0,False,False,13.653335064127093,41,False,not_selected_by_diagnostic_ranking
11014932,K01432.01,K01432,thick,multi,posterior_available,False,missing_qc_reason,6.88595222,0.953,34.5,197.0,False,False,13.64749662291409,42,False,not_selected_by_diagnostic_ranking
8738735,K00693.01,K00693,thick,multi,posterior_available,False,missing_qc_reason,28.7796446,0.886,36.5,46.0,False,False,13.644843115958443,43,False,not_selected_by_diagnostic_ranking
9821454,K01529.02,K01529,thick,multi,posterior_available,False,missing_qc_reason,11.8693144,0.73,13.9,109.0,False,False,13.62224409307935,44,False,not_selected_by_diagnostic_ranking
6690082,K01240.02,K01240,thick,multi,posterior_available,False,missing_qc_reason,4.807103254,0.94,32.9,243.0,False,False,13.528340517871616,45,False,not_selected_by_diagnostic_ranking
3962243,K01203.02,K01203,thick,multi,posterior_available,False,missing_qc_reason,14.12847677,0.811,23.0,72.0,False,False,13.458799583119076,46,False,not_selected_by_diagnostic_ranking
10973814,K01307.01,K01307,thick,multi,posterior_available,False,missing_qc_reason,44.8520997,0.807,33.0,28.0,False,False,13.441375484160094,47,False,not_selected_by_diagnostic_ranking
6448890,K01241.01,K01241,thick,multi,posterior_available,False,missing_qc_reason,21.4054422,0.943,60.9,64.0,False,False,13.242839148128297,48,False,not_selected_by_diagnostic_ranking
10973814,K01307.02,K01307,thick,multi,posterior_available,False,missing_qc_reason,20.34237838,0.826,28.7,65.0,False,False,13.233614310624871,49,False,not_selected_by_diagnostic_ranking
5438099,K01567.02,K01567,thick,multi,posterior_available,False,missing_qc_reason,4.64622383,0.88,28.2,228.0,False,False,13.22848406430607,50,False,not_selected_by_diagnostic_ranking
2715695,K03077.02,K03077,thick,multi,posterior_available,False,missing_qc_reason,7.55842923,0.619,10.3,155.0,False,False,13.224988857400056,51,False,not_selected_by_diagnostic_ranking
9823457,K00954.02,K00954,thick,multi,posterior_available,False,missing_qc_reason,36.9250409,0.838,39.3,37.0,False,False,13.214306009167053,52,False,not_selected_by_diagnostic_ranking
8164257,K02073.03,K02073,thick,multi,posterior_available,False,missing_qc_reason,16.85825609,0.763,21.8,76.0,False,False,13.060608038134001,53,False,not_selected_by_diagnostic_ranking
12058931,K00546.02,K00546,thick,multi,posterior_available,False,missing_qc_reason,9.82578495,0.888,38.1,135.0,False,False,12.980830810865545,54,False,not_selected_by_diagnostic_ranking
6685609,K00665.03,K00665,thick,multi,posterior_available,False,missing_qc_reason,3.07155284,0.855,27.2,348.0,False,False,12.92088121165575,55,False,not_selected_by_diagnostic_ranking
8557374,K00692.02,K00692,thick,multi,posterior_available,False,missing_qc_reason,4.822969318,0.891,36.0,256.0,False,False,12.868333333333334,56,False,not_selected_by_diagnostic_ranking
10513530,K00533.01,K00533,thick,multi,posterior_available,False,missing_qc_reason,16.54967098,0.88,46.8,83.0,False,False,12.821169330920336,57,False,not_selected_by_diagnostic_ranking
1717722,K03145.01,K03145,thick,multi,posterior_available,False,missing_qc_reason,4.53702121,0.706,15.7,286.0,False,False,12.69885704723977,58,False,not_selected_by_diagnostic_ranking
5706595,K02183.01,K02183,thick,multi,posterior_available,False,missing_qc_reason,19.0231361,0.698,19.7,70.0,False,False,12.681287699927722,59,False,not_selected_by_diagnostic_ranking
8355239,K00574.02,K00574,thick,multi,posterior_available,False,missing_qc_reason,10.39986173,0.757,22.8,127.0,False,False,12.645895592333067,60,False,not_selected_by_diagnostic_ranking
10554999,K00534.01,K00534,thick,multi,posterior_available,False,missing_qc_reason,6.400157105,0.898,49.1,170.0,False,False,12.601196848945921,61,False,not_selected_by_diagnostic_ranking
8168187,K02209.01,K02209,thick,multi,posterior_available,False,missing_qc_reason,18.3027235,0.742,24.7,76.0,False,False,12.591296852280477,62,False,not_selected_by_diagnostic_ranking
7673841,K02585.03,K02585,thick,multi,posterior_available,False,missing_qc_reason,7.87845756,0.562,10.5,163.0,False,False,12.575394448471634,63,False,not_selected_by_diagnostic_ranking
9823457,K00954.01,K00954,thick,multi,posterior_available,False,missing_qc_reason,8.11528727,0.916,59.1,164.0,False,False,12.542443238381448,64,False,not_selected_by_diagnostic_ranking
8806123,K00523.01,K00523,thick,multi,posterior_available,False,missing_qc_reason,49.41121127,0.885,125.4,28.0,False,False,12.525821430968868,65,False,not_selected_by_diagnostic_ranking
9821454,K01529.01,K01529,thick,multi,posterior_available,False,missing_qc_reason,17.9776037,0.721,23.3,73.0,False,False,12.523765424286513,66,False,not_selected_by_diagnostic_ranking
8760040,K02963.02,K02963,thick,multi,posterior_available,False,missing_qc_reason,7.35101287,0.608,12.8,175.0,False,False,12.426098889767928,67,False,not_selected_by_diagnostic_ranking
11337372,K01650.01,K01650,thick,multi,posterior_available,False,missing_qc_reason,6.53194024,0.83,39.6,129.0,False,False,12.358659537144263,68,False,not_selected_by_diagnostic_ranking
7445445,K00567.02,K00567,thick,multi,posterior_available,False,missing_qc_reason,20.30303506,0.793,44.7,62.0,False,False,12.191413287978957,69,False,not_selected_by_diagnostic_ranking
5438099,K01567.03,K01567,thick,multi,posterior_available,False,missing_qc_reason,17.32670445,0.756,34.8,67.0,False,False,12.172011961667105,70,False,not_selected_by_diagnostic_ranking
9364290,K02374.01,K02374,thick,multi,posterior_available,False,missing_qc_reason,5.26211833,0.71,20.3,254.0,False,False,12.16642342132291,71,False,not_selected_by_diagnostic_ranking
9209624,K02443.02,K02443,thick,multi,posterior_available,False,missing_qc_reason,11.8376933,0.557,12.7,110.0,False,False,12.13559792190873,72,False,not_selected_by_diagnostic_ranking
9904006,K02135.02,K02135,thick,multi,posterior_available,False,missing_qc_reason,20.1890396,0.541,15.0,49.0,False,False,12.00254922351465,73,False,not_selected_by_diagnostic_ranking
8226994,K00906.02,K00906,thick,multi,posterior_available,False,missing_qc_reason,17.64830851,0.653,23.8,73.0,False,False,11.800011780415243,74,False,not_selected_by_diagnostic_ranking
11599038,K01437.01,K01437,thick,multi,posterior_available,False,missing_qc_reason,7.01733571,0.581,15.5,152.0,False,False,11.701112185661431,75,False,not_selected_by_diagnostic_ranking
8355239,K00574.01,K00574,thick,multi,posterior_available,False,missing_qc_reason,20.13490007,0.798,64.7,69.0,False,False,11.670297795425261,76,False,not_selected_by_diagnostic_ranking
3939150,K01215.01,K01215,thick,multi,posterior_available,False,missing_qc_reason,17.32419108,0.764,49.1,78.0,False,False,11.626508894243146,77,False,not_selected_by_diagnostic_ranking
11450414,K01992.01,K01992,thick,multi,posterior_available,False,missing_qc_reason,12.7983174,0.738,38.2,107.0,False,False,11.582660497498532,78,False,not_selected_by_diagnostic_ranking
2161949,K06259.02,K06259,thick,multi,posterior_available,False,missing_qc_reason,7.18864064,0.424,9.3,179.0,False,False,11.545693450591465,79,False,not_selected_by_diagnostic_ranking
5531694,K00647.02,K00647,thick,multi,posterior_available,False,missing_qc_reason,8.1134681,0.454,10.5,150.0,False,False,11.528630579411402,80,False,not_selected_by_diagnostic_ranking
6685609,K00665.02,K00665,thick,multi,posterior_available,False,missing_qc_reason,1.61189046,0.782,38.0,775.0,False,False,11.4236390266688,81,False,not_selected_by_diagnostic_ranking
7445445,K00567.01,K00567,thick,multi,posterior_available,False,missing_qc_reason,10.68758211,0.818,78.9,128.0,False,False,11.315484793715372,82,False,not_selected_by_diagnostic_ranking
10538176,K01301.01,K01301,thick,multi,posterior_available,False,missing_qc_reason,12.69905011,0.663,30.4,94.0,False,False,11.288802496808852,83,False,not_selected_by_diagnostic_ranking
8193178,K00572.02,K00572,thick,multi,posterior_available,False,missing_qc_reason,4.93883135,0.633,21.3,262.0,False,False,11.281315963389611,84,False,not_selected_by_diagnostic_ranking
4275721,K01342.02,K01342,thick,multi,posterior_available,False,missing_qc_reason,8.18182189,0.655,27.4,125.0,False,False,11.265230790504267,85,False,not_selected_by_diagnostic_ranking
8193178,K00572.01,K00572,thick,multi,posterior_available,False,missing_qc_reason,10.64021008,0.77,58.6,126.0,False,False,11.203520527740569,86,False,not_selected_by_diagnostic_ranking
11601584,K01831.03,K01831,thick,multi,posterior_available,False,missing_qc_reason,34.205785079,0.319,11.6,27.0,False,False,10.986703092445788,87,False,not_selected_by_diagnostic_ranking
10468940,K01163.02,K01163,thick,multi,posterior_available,False,missing_qc_reason,8.01500821,0.645,28.6,159.0,False,False,10.982839545751974,88,False,not_selected_by_diagnostic_ranking
6021193,K02148.03,K02148,thick,multi,posterior_available,False,missing_qc_reason,3.61460279,0.516,14.9,246.0,False,False,10.978854314571738,89,False,not_selected_by_diagnostic_ranking
9828127,K04192.02,K04192,thick,multi,posterior_available,False,missing_qc_reason,32.0273169,0.259,8.8,40.0,False,False,10.91313745471661,90,False,not_selected_by_diagnostic_ranking
3645438,K04385.03,K04385,thick,multi,posterior_available,False,missing_qc_reason,17.3695112,0.28,8.6,62.0,False,False,10.88994466470664,91,False,not_selected_by_diagnostic_ranking
4270253,K00551.02,K00551,thick,multi,posterior_available,False,missing_qc_reason,5.68798675,0.663,33.0,180.0,False,False,10.856909111613886,92,False,not_selected_by_diagnostic_ranking
6685609,K00665.01,K00665,thick,multi,posterior_available,False,missing_qc_reason,5.868066282,0.801,97.6,224.0,False,False,10.70259393022835,93,False,not_selected_by_diagnostic_ranking
9415172,K00938.03,K00938,thick,multi,posterior_available,False,missing_qc_reason,5.71462396,0.503,16.7,192.0,False,False,10.645775678810995,94,False,not_selected_by_diagnostic_ranking
8972058,K00159.01,K00159,thick,multi,posterior_available,False,missing_qc_reason,8.99088621,0.77,93.6,147.0,False,False,10.59203167532913,95,False,not_selected_by_diagnostic_ranking
6359320,K01127.02,K01127,thick,multi,posterior_available,False,missing_qc_reason,8.1280933,0.357,10.7,128.0,False,False,10.568061881640615,96,False,not_selected_by_diagnostic_ranking
5965819,K03319.01,K03319,thick,multi,posterior_available,False,missing_qc_reason,19.5906103,0.529,24.9,64.0,False,False,10.548024080281012,97,False,not_selected_by_diagnostic_ranking
4472818,K03878.01,K03878,thick,multi,posterior_available,False,missing_qc_reason,70.9672087,0.545,69.3,16.0,False,False,10.35249990052149,98,False,not_selected_by_diagnostic_ranking
3645438,K04385.01,K04385,thick,multi,posterior_available,False,missing_qc_reason,7.298142,0.411,13.6,155.0,False,False,10.336480774368903,99,False,not_selected_by_diagnostic_ranking
9334289,K00934.03,K00934,thick,multi,posterior_available,False,missing_qc_reason,18.74649011,0.508,26.7,67.0,False,False,10.17225944214397,100,False,not_selected_by_diagnostic_ranking
9941859,K00528.03,K00528,thick,multi,posterior_available,False,missing_qc_reason,20.55280311,0.568,42.4,59.0,False,False,10.053364693977993,101,False,not_selected_by_diagnostic_ranking
12252424,K00153.01,K00153,thick,multi,posterior_available,False,missing_qc_reason,8.925079516,0.74,135.8,140.0,False,False,9.961402517698438,102,False,not_selected_by_diagnostic_ranking
9650808,K01970.01,K01970,thick,multi,posterior_available,False,missing_qc_reason,21.96401646,0.483,26.9,63.0,False,False,9.946031013095919,103,False,not_selected_by_diagnostic_ranking
6436505,K06707.01,K06707,thick,multi,posterior_available,False,missing_qc_reason,43.535891,0.258,13.9,30.0,False,False,9.770159666208755,104,False,not_selected_by_diagnostic_ranking
9837661,K02715.01,K02715,thick,multi,posterior_available,False,missing_qc_reason,11.12827427,0.594,65.6,58.0,False,False,9.7223883202212,105,False,not_selected_by_diagnostic_ranking
6949061,K01960.01,K01960,thick,multi,posterior_available,False,missing_qc_reason,8.96847034,0.558,38.2,145.0,False,False,9.646378806990267,106,False,not_selected_by_diagnostic_ranking
9896558,K01718.01,K01718,thick,multi,posterior_available,False,missing_qc_reason,67.6690554,0.354,37.2,13.0,False,False,9.59263016004591,107,False,not_selected_by_diagnostic_ranking
6359320,K01127.03,K01127,thick,multi,posterior_available,False,missing_qc_reason,2.83668931,0.33,12.1,355.0,False,False,9.580340638194965,108,False,not_selected_by_diagnostic_ranking
10028792,K01574.03,K01574,thick,multi,posterior_available,False,missing_qc_reason,5.83393857,0.398,17.6,184.0,False,False,9.484522727002446,109,False,not_selected_by_diagnostic_ranking
8022244,K00519.02,K00519,thick,multi,posterior_available,False,missing_qc_reason,34.0350605,0.474,41.3,40.0,False,False,9.433249050531575,110,False,not_selected_by_diagnostic_ranking
8164257,K02073.02,K02073,thick,multi,posterior_available,False,missing_qc_reason,6.47539108,0.486,28.1,207.0,False,False,9.32796143637964,111,False,not_selected_by_diagnostic_ranking
5088536,K00282.02,K00282,thick,multi,posterior_available,False,missing_qc_reason,8.45744892,0.494,31.0,160.0,False,False,9.322675455577592,112,False,not_selected_by_diagnostic_ranking
11176166,K05875.02,K05875,thick,multi,posterior_available,False,missing_qc_reason,4.2742605,0.089,11.4,17.0,False,False,9.238845027954252,113,False,not_selected_by_diagnostic_ranking
5511081,K01930.04,K01930,thick,multi,posterior_available,False,missing_qc_reason,9.34145925,0.455,29.4,101.0,False,False,9.233592758026576,114,False,not_selected_by_diagnostic_ranking
11014932,K01432.02,K01432,thick,multi,posterior_available,False,missing_qc_reason,15.0549356,0.321,16.6,86.0,False,False,9.197134668772545,115,False,not_selected_by_diagnostic_ranking
10468940,K01163.01,K01163,thick,multi,posterior_available,False,missing_qc_reason,2.936527336,0.524,34.7,452.0,False,False,9.105559621517019,116,False,not_selected_by_diagnostic_ranking
10538176,K01301.02,K01301,thick,multi,posterior_available,False,missing_qc_reason,37.5142128,0.366,28.9,34.0,False,False,9.09531251044671,117,False,not_selected_by_diagnostic_ranking
9597345,K00711.01,K00711,thick,multi,posterior_available,False,missing_qc_reason,44.6996563,0.472,71.3,26.0,False,False,9.049725932878003,118,False,not_selected_by_diagnostic_ranking
12252424,K00153.02,K00153,thick,multi,posterior_available,False,missing_qc_reason,4.75400072,0.672,141.4,278.0,False,False,9.00167997374223,119,False,not_selected_by_diagnostic_ranking
9941859,K00528.02,K00528,thick,multi,posterior_available,False,missing_qc_reason,96.6781852,0.336,44.7,15.0,False,False,8.933400915448663,120,False,not_selected_by_diagnostic_ranking
3939150,K01215.02,K01215,thick,multi,posterior_available,False,missing_qc_reason,33.0063185,0.39,38.2,38.0,False,False,8.758138219760493,121,False,not_selected_by_diagnostic_ranking
5438099,K01567.01,K01567,thick,multi,posterior_available,False,missing_qc_reason,7.24022418,0.507,48.2,158.0,False,False,8.746313293754117,122,False,not_selected_by_diagnostic_ranking
12058931,K00546.01,K00546,thick,multi,posterior_available,False,missing_qc_reason,20.68420772,0.488,59.6,65.0,False,False,8.710986146646283,123,False,not_selected_by_diagnostic_ranking
5088536,K00282.01,K00282,thick,multi,posterior_available,False,missing_qc_reason,27.50871575,0.577,190.3,47.0,False,False,8.678458281100513,124,False,not_selected_by_diagnostic_ranking
6266741,K00508.01,K00508,thick,multi,posterior_available,False,missing_qc_reason,7.930583519,0.559,89.9,130.0,False,False,8.576415316950378,125,False,not_selected_by_diagnostic_ranking
8949925,K02972.01,K02972,thick,multi,posterior_available,False,missing_qc_reason,13.2511214,0.231,15.2,84.0,False,False,8.530981211605734,126,False,not_selected_by_diagnostic_ranking
6607286,K01239.02,K01239,thick,multi,posterior_available,False,missing_qc_reason,3.17405898,0.422,29.2,290.0,False,False,8.50838627050273,127,False,not_selected_by_diagnostic_ranking
3632089,K03308.01,K03308,thick,multi,posterior_available,False,missing_qc_reason,31.7787564,0.29,25.9,42.0,False,False,8.372920959080215,128,False,not_selected_by_diagnostic_ranking
6849310,K00864.02,K00864,thick,multi,posterior_available,False,missing_qc_reason,20.0504494,0.383,37.8,64.0,False,False,8.333000243161777,129,False,not_selected_by_diagnostic_ranking
2161949,K06259.01,K06259,thick,multi,posterior_available,False,missing_qc_reason,4.78113942,0.118,9.6,277.0,False,False,8.235814011805138,130,False,not_selected_by_diagnostic_ranking
6266741,K00508.02,K00508,thick,multi,posterior_available,False,missing_qc_reason,16.6658994,0.429,60.8,59.0,False,False,8.156834990021125,131,False,not_selected_by_diagnostic_ranking
8226994,K00906.01,K00906,thick,multi,posterior_available,False,missing_qc_reason,7.15681552,0.45,47.7,186.0,False,False,8.129050526860562,132,False,not_selected_by_diagnostic_ranking
11014932,K01432.04,K01432,thick,multi,posterior_available,False,missing_qc_reason,38.2856338,0.115,15.0,31.0,False,False,8.110030815210973,133,False,not_selected_by_diagnostic_ranking
8022244,K00519.01,K00519,thick,multi,posterior_available,False,missing_qc_reason,11.90352088,0.421,47.2,109.0,False,False,8.07893883391906,134,False,not_selected_by_diagnostic_ranking
6021193,K02148.02,K02148,thick,multi,posterior_available,False,missing_qc_reason,7.54235832,0.318,25.8,134.0,False,False,7.98136458037215,135,False,not_selected_by_diagnostic_ranking
9904006,K02135.01,K02135,thick,multi,posterior_available,False,missing_qc_reason,55.1866213,0.225,36.2,18.0,False,False,7.9311350805278265,136,False,not_selected_by_diagnostic_ranking
11601584,K01831.02,K01831,thick,multi,posterior_available,False,missing_qc_reason,4.38536428,0.335,25.9,240.0,False,False,7.9253846838272,137,False,not_selected_by_diagnostic_ranking
5956342,K01052.03,K01052,thick,multi,posterior_available,False,missing_qc_reason,67.8321638,0.027,15.5,16.0,False,False,7.8500050800076195,138,False,not_selected_by_diagnostic_ranking
11601584,K01831.01,K01831,thick,multi,posterior_available,False,missing_qc_reason,51.8098276,0.273,56.8,17.0,False,False,7.809080712534707,139,False,not_selected_by_diagnostic_ranking
10982872,K00343.02,K00343,thick,multi,posterior_available,False,missing_qc_reason,2.024143568,0.513,88.4,599.0,False,False,7.665767072280304,140,False,not_selected_by_diagnostic_ranking
8494410,K03685.02,K03685,thick,multi,posterior_available,False,missing_qc_reason,7.2593226,0.366,40.1,182.0,False,False,7.559581525935428,141,False,not_selected_by_diagnostic_ranking
5175024,K02563.02,K02563,thick,multi,posterior_available,False,missing_qc_reason,6.2614227,0.069,10.6,217.0,False,False,7.511795401641644,142,False,not_selected_by_diagnostic_ranking
8949925,K02972.02,K02972,thick,multi,posterior_available,False,missing_qc_reason,42.0292298,0.015,14.5,23.0,False,False,7.48740145495965,143,False,not_selected_by_diagnostic_ranking
9828127,K04192.01,K04192,thick,multi,posterior_available,False,missing_qc_reason,18.0541469,0.175,19.3,72.0,False,False,7.481025838037433,144,False,not_selected_by_diagnostic_ranking
6381846,K00509.03,K00509,thick,multi,posterior_available,False,missing_qc_reason,39.6034,0.166,25.8,31.0,False,False,7.3935491750585385,145,False,not_selected_by_diagnostic_ranking
10610039,K04577.02,K04577,thick,multi,posterior_available,False,missing_qc_reason,3.07365139,0.034,9.6,347.0,False,False,7.3318003707740464,146,False,not_selected_by_diagnostic_ranking
8164257,K02073.01,K02073,thick,multi,posterior_available,False,missing_qc_reason,49.5004725,0.162,27.8,28.0,False,False,7.303038574100544,147,False,not_selected_by_diagnostic_ranking
7620413,K02103.02,K02103,thick,multi,posterior_available,False,missing_qc_reason,3.66520844,0.045,10.3,336.0,False,False,7.22731425408754,148,False,not_selected_by_diagnostic_ranking
7285757,K03271.02,K03271,thick,multi,posterior_available,False,missing_qc_reason,7.41834569,0.049,11.2,183.0,False,False,7.205364317626541,149,False,not_selected_by_diagnostic_ranking
2302548,K00988.01,K00988,thick,multi,posterior_available,False,missing_qc_reason,10.38122447,0.319,41.9,130.0,False,False,7.156805481394334,150,False,not_selected_by_diagnostic_ranking
9837661,K02715.03,K02715,thick,multi,posterior_available,False,missing_qc_reason,5.72084599,0.166,20.5,94.0,False,False,7.1086822892526556,151,False,not_selected_by_diagnostic_ranking
7449554,K02357.01,K02357,thick,multi,posterior_available,False,missing_qc_reason,2.42088277,0.227,20.7,536.0,False,False,7.09780403542926,152,False,not_selected_by_diagnostic_ranking
8226994,K00906.03,K00906,thick,multi,posterior_available,False,missing_qc_reason,4.14810719,0.093,12.9,314.0,False,False,7.062793111880145,153,False,not_selected_by_diagnostic_ranking
6690082,K01240.01,K01240,thick,multi,posterior_available,False,missing_qc_reason,2.1395563,0.368,48.9,625.0,False,False,6.940062779067008,154,False,not_selected_by_diagnostic_ranking
8760040,K02963.01,K02963,thick,multi,posterior_available,False,missing_qc_reason,18.2206024,0.125,19.7,74.0,False,False,6.918535478031522,155,False,not_selected_by_diagnostic_ranking
3632089,K03308.02,K03308,thick,multi,posterior_available,False,missing_qc_reason,5.32784157,0.116,15.9,243.0,False,False,6.817198924854775,156,False,not_selected_by_diagnostic_ranking
5956342,K01052.01,K01052,thick,multi,posterior_available,False,missing_qc_reason,17.02902786,0.202,29.8,82.0,False,False,6.788031787985024,157,False,not_selected_by_diagnostic_ranking
10600261,K00597.02,K00597,thick,multi,posterior_available,False,missing_qc_reason,2.09227115,0.271,30.0,622.0,False,False,6.76244718658342,158,False,not_selected_by_diagnostic_ranking
5965819,K03319.03,K03319,thick,multi,posterior_available,False,missing_qc_reason,3.54553077,0.143,18.1,333.0,False,False,6.679001571573875,159,False,not_selected_by_diagnostic_ranking
9881662,K00327.02,K00327,thick,multi,posterior_available,False,missing_qc_reason,91.3514816,0.008,25.5,15.0,False,False,6.622579069378309,160,False,not_selected_by_diagnostic_ranking
9209624,K02443.01,K02443,thick,multi,posterior_available,False,missing_qc_reason,6.79164656,0.121,18.5,200.0,False,False,6.567012330939319,161,False,not_selected_by_diagnostic_ranking
7620413,K02103.01,K02103,thick,multi,posterior_available,False,missing_qc_reason,2.543063763,0.215,26.5,532.0,False,False,6.468698434191117,162,False,not_selected_by_diagnostic_ranking
5956342,K01052.02,K01052,thick,multi,posterior_available,False,missing_qc_reason,6.84619236,0.077,17.7,193.0,False,False,6.243642636163979,163,False,not_selected_by_diagnostic_ranking
5175024,K02563.01,K02563,thick,multi,posterior_available,False,missing_qc_reason,23.4772553,0.013,17.6,56.0,False,False,6.233619155790083,164,False,not_selected_by_diagnostic_ranking
9881662,K00327.01,K00327,thick,multi,posterior_available,False,missing_qc_reason,3.254277742,0.303,58.6,410.0,False,False,6.136514519690616,165,False,not_selected_by_diagnostic_ranking
10982872,K00343.01,K00343,thick,multi,posterior_available,False,missing_qc_reason,4.761705895,0.384,138.5,282.0,False,False,6.134928488823763,166,False,not_selected_by_diagnostic_ranking
8738735,K00693.02,K00693,thick,multi,posterior_available,False,missing_qc_reason,15.66057688,0.244,67.5,80.0,False,False,5.992356466550634,167,False,not_selected_by_diagnostic_ranking
7102316,K02028.01,K02028,thick,multi,posterior_available,False,missing_qc_reason,57.2488518,0.022,29.8,23.0,False,False,5.968860667807306,168,False,not_selected_by_diagnostic_ranking
7673841,K02585.01,K02585,thick,multi,posterior_available,False,missing_qc_reason,5.34182466,0.07,19.2,247.0,False,False,5.900639408852162,169,False,not_selected_by_diagnostic_ranking
5511081,K01930.02,K01930,thick,multi,posterior_available,False,missing_qc_reason,24.3110031,0.146,48.9,43.0,False,False,5.8450484823930555,170,False,not_selected_by_diagnostic_ranking
6021193,K02148.01,K02148,thick,multi,posterior_available,False,missing_qc_reason,11.93205399,0.123,32.3,90.0,False,False,5.803169268778394,171,False,not_selected_by_diagnostic_ranking
10600261,K00597.03,K00597,thick,multi,posterior_available,False,missing_qc_reason,52.8148051,0.002,27.4,26.0,False,False,5.801964950886191,172,False,not_selected_by_diagnostic_ranking
10982872,K00343.03,K00343,thick,multi,posterior_available,False,missing_qc_reason,41.8085031,0.011,27.3,31.0,False,False,5.733848032022513,173,False,not_selected_by_diagnostic_ranking
11014932,K01432.03,K01432,thick,multi,posterior_available,False,missing_qc_reason,2.92721119,0.043,18.0,417.0,False,False,5.633747314784708,174,False,not_selected_by_diagnostic_ranking
5706595,K02183.02,K02183,thick,multi,posterior_available,False,missing_qc_reason,4.57948235,0.055,20.0,285.0,False,False,5.614484832758672,175,False,not_selected_by_diagnostic_ranking
5031857,K01573.02,K01573,thick,multi,posterior_available,False,missing_qc_reason,7.136922,0.072,23.7,186.0,False,False,5.561475725195571,176,False,not_selected_by_diagnostic_ranking
5531694,K00647.01,K00647,thick,multi,posterior_available,False,missing_qc_reason,5.16949729,0.235,66.2,265.0,False,False,5.42240334726392,177,False,not_selected_by_diagnostic_ranking
10554999,K00534.02,K00534,thick,multi,posterior_available,False,missing_qc_reason,2.735900074,0.189,44.5,375.0,False,False,5.404524535477768,178,False,not_selected_by_diagnostic_ranking
9904006,K02135.03,K02135,thick,multi,posterior_available,False,missing_qc_reason,8.48651582,0.009,21.1,124.0,False,False,5.342029951974956,179,False,not_selected_by_diagnostic_ranking
10358759,K00738.01,K00738,thick,multi,posterior_available,False,missing_qc_reason,10.3392408,0.15,51.4,107.0,False,False,5.2563782523040175,180,False,not_selected_by_diagnostic_ranking
5511081,K01930.03,K01930,thick,multi,posterior_available,False,missing_qc_reason,44.4304059,0.025,50.5,22.0,False,False,5.1963973424772725,181,False,not_selected_by_diagnostic_ranking
8806123,K00523.02,K00523,thick,multi,posterior_available,False,missing_qc_reason,36.8567758,0.05,43.8,38.0,False,False,5.1442036373851225,182,False,not_selected_by_diagnostic_ranking
9334289,K00934.02,K00934,thick,multi,posterior_available,False,missing_qc_reason,12.41216347,0.021,25.6,106.0,False,False,5.134132937567738,183,False,not_selected_by_diagnostic_ranking
2716853,K01022.01,K01022,thick,multi,posterior_available,False,missing_qc_reason,18.82744023,0.025,29.5,74.0,False,False,5.094774859031487,184,False,not_selected_by_diagnostic_ranking
4270253,K00551.01,K00551,thick,multi,posterior_available,False,missing_qc_reason,11.6370303,0.066,36.4,93.0,False,False,5.011919415389405,185,False,not_selected_by_diagnostic_ranking
7207061,K02113.02,K02113,thick,multi,posterior_available,False,missing_qc_reason,12.33087921,0.011,28.3,88.0,False,False,4.935561483762614,186,False,not_selected_by_diagnostic_ranking
7898352,K01486.02,K01486,thick,multi,posterior_available,False,missing_qc_reason,30.1837021,0.011,37.9,41.0,False,False,4.92044347041564,187,False,not_selected_by_diagnostic_ranking
7207061,K02113.01,K02113,thick,multi,posterior_available,False,missing_qc_reason,15.94248453,0.022,34.3,73.0,False,False,4.805350355773859,188,False,not_selected_by_diagnostic_ranking
6849310,K00864.01,K00864,thick,multi,posterior_available,False,missing_qc_reason,4.311780262,0.196,86.1,299.0,False,False,4.693717619011451,189,False,not_selected_by_diagnostic_ranking
6381846,K00509.02,K00509,thick,multi,posterior_available,False,missing_qc_reason,11.46347165,0.103,56.5,108.0,False,False,4.653010869600334,190,False,not_selected_by_diagnostic_ranking
9415172,K00938.02,K00938,thick,multi,posterior_available,False,missing_qc_reason,1.04562195,0.037,25.3,1233.0,False,False,4.6309997483433065,191,False,not_selected_by_diagnostic_ranking
5965819,K03319.02,K03319,thick,multi,posterior_available,False,missing_qc_reason,8.23983041,0.012,29.4,165.0,False,False,4.587054511978111,192,False,not_selected_by_diagnostic_ranking
9597345,K00711.02,K00711,thick,multi,posterior_available,False,missing_qc_reason,3.619309734,0.116,47.4,371.0,False,False,4.5841386005218,193,False,not_selected_by_diagnostic_ranking
6359320,K01127.01,K01127,thick,multi,posterior_available,False,missing_qc_reason,5.32667299,0.043,34.1,213.0,False,False,4.5401274360812405,194,False,not_selected_by_diagnostic_ranking
4275721,K01342.01,K01342,thick,multi,posterior_available,False,missing_qc_reason,3.77359871,0.0,25.6,290.0,False,False,4.540067294725177,195,False,not_selected_by_diagnostic_ranking
9837661,K02715.02,K02715,thick,multi,posterior_available,False,missing_qc_reason,2.226496196,0.048,36.0,274.0,False,False,4.41745542666351,196,False,not_selected_by_diagnostic_ranking
10358759,K00738.02,K00738,thick,multi,posterior_available,False,missing_qc_reason,13.28689997,0.017,41.3,79.0,False,False,4.407198121373409,197,False,not_selected_by_diagnostic_ranking
5456651,K00835.01,K00835,thick,multi,posterior_available,False,missing_qc_reason,11.76307164,0.048,48.9,88.0,False,False,4.4060663608450605,198,False,not_selected_by_diagnostic_ranking
6448890,K01241.02,K01241,thick,multi,posterior_available,False,missing_qc_reason,10.5007712,0.034,45.3,126.0,False,False,4.202406112416927,199,False,not_selected_by_diagnostic_ranking
7626506,K00150.02,K00150,thick,multi,posterior_available,False,missing_qc_reason,28.5742692,0.068,97.1,46.0,False,False,4.184065951839396,200,False,not_selected_by_diagnostic_ranking
10600261,K00597.01,K00597,thick,multi,posterior_available,False,missing_qc_reason,17.30795548,0.0,46.4,77.0,False,False,4.075706862169897,201,False,not_selected_by_diagnostic_ranking
9415172,K00938.01,K00938,thick,multi,posterior_available,False,missing_qc_reason,9.94602357,0.035,51.0,131.0,False,False,4.024264224717057,202,False,not_selected_by_diagnostic_ranking
8557374,K00692.01,K00692,thick,multi,posterior_available,False,missing_qc_reason,2.462344253,0.051,42.1,544.0,False,False,4.021146120340041,203,False,not_selected_by_diagnostic_ranking
5511081,K01930.01,K01930,thick,multi,posterior_available,False,missing_qc_reason,13.72710334,0.025,62.5,74.0,False,False,3.9422985155728965,204,False,not_selected_by_diagnostic_ranking
3342970,K00800.02,K00800,thick,multi,posterior_available,False,missing_qc_reason,7.21203748,0.012,51.5,165.0,False,False,3.685431001327994,205,False,not_selected_by_diagnostic_ranking
5031857,K01573.01,K01573,thick,multi,posterior_available,False,missing_qc_reason,24.81097206,0.039,123.9,53.0,False,False,3.5603833130099742,206,False,not_selected_by_diagnostic_ranking
9941859,K00528.01,K00528,thick,multi,posterior_available,False,missing_qc_reason,9.57665962,0.043,82.6,144.0,False,False,3.4639275740116413,207,False,not_selected_by_diagnostic_ranking
9334289,K00934.01,K00934,thick,multi,posterior_available,False,missing_qc_reason,5.826657508,0.033,81.1,228.0,False,False,3.2131179274685375,208,False,not_selected_by_diagnostic_ranking
3342970,K00800.01,K00800,thick,multi,posterior_available,False,missing_qc_reason,2.711504086,0.023,64.5,494.0,False,False,3.170212496124609,209,False,not_selected_by_diagnostic_ranking
6381846,K00509.01,K00509,thick,multi,posterior_available,False,missing_qc_reason,4.16696628,0.022,80.1,323.0,False,False,3.0110866279212933,210,False,not_selected_by_diagnostic_ranking
7626506,K00150.01,K00150,thick,multi,posterior_available,False,missing_qc_reason,8.408878137,0.018,147.2,162.0,False,False,2.6141253848078536,211,False,not_selected_by_diagnostic_ranking
10937029,K00433.01,K00433,thick,multi,posterior_available,False,missing_qc_reason,4.030466786,0.033,227.4,264.0,False,False,2.271736065003563,212,False,not_selected_by_diagnostic_ranking
7974634,K06168.02,K06168,thin,multi,missing_after_uniform_assembly,True,original_archive:ALDERAAN results file not found;cloud_missing:ALDERAAN results file not found,75.072964,0.2602,7.1,,True,True,1520.107866250408,1,True,sensitivity_candidate_not_author_confirmed
4739229,K06118.02,K06118,thin,multi,missing_after_uniform_assembly,True,original_archive:ALDERAAN results file not found;cloud_missing:ALDERAAN results file not found,4.66185924,0.2695,15.8,,True,True,1517.7265460542662,2,True,sensitivity_candidate_not_author_confirmed
4770617,K02243.03,K02243,thin,multi,missing_after_uniform_assembly,True,original_archive:ALDERAAN results file not found;cloud_missing:ALDERAAN results file not found,31.4452709,0.97,12.7,38.0,True,True,1516.934349543971,3,True,sensitivity_candidate_not_author_confirmed
7869917,K01525.02,K01525,thin,multi,missing_after_uniform_assembly,True,original_archive:ALDERAAN results file not found;cloud_missing:ALDERAAN results file not found,11.8061737,0.905,10.1,107.0,True,True,1516.3099042443212,4,True,sensitivity_candidate_not_author_confirmed
7906892,K04773.01,K04773,thin,multi,missing_after_uniform_assembly,True,original_archive:ALDERAAN results file not found;cloud_missing:ALDERAAN results file not found,8.8493948,0.819,12.1,142.0,True,True,1514.7787771040573,5,True,sensitivity_candidate_not_author_confirmed
7517261,K03496.02,K03496,thin,multi,missing_after_uniform_assembly,True,original_archive:ALDERAAN results file not found;cloud_missing:ALDERAAN results file not found,8.5433774,0.748,10.3,151.0,True,True,1514.5255579872687,6,True,sensitivity_candidate_not_author_confirmed
11071200,K02696.02,K02696,thin,multi,missing_after_uniform_assembly,True,original_archive:ALDERAAN results file not found;cloud_missing:ALDERAAN results file not found,44.5643831,0.851,27.0,24.0,True,True,1514.400243246917,7,True,sensitivity_candidate_not_author_confirmed
9117416,K03425.03,K03425,thin,multi,missing_after_uniform_assembly,True,original_archive:ALDERAAN results file not found;cloud_missing:ALDERAAN results file not found,7.64370363,0.785,13.2,144.0,True,True,1514.188152158965,8,True,sensitivity_candidate_not_author_confirmed
5621333,K03341.01,K03341,thin,multi,missing_after_uniform_assembly,True,original_archive:ALDERAAN results file not found;cloud_missing:ALDERAAN results file not found,27.0965146,0.769,16.4,52.0,True,True,1514.015398473811,9,True,sensitivity_candidate_not_author_confirmed
11071200,K02696.01,K02696,thin,multi,missing_after_uniform_assembly,True,original_archive:ALDERAAN results file not found;cloud_missing:ALDERAAN results file not found,96.4562198,0.775,54.6,11.0,True,True,1513.4717732555814,10,True,sensitivity_candidate_not_author_confirmed
7906892,K04773.02,K04773,thin,multi,missing_after_uniform_assembly,True,original_archive:ALDERAAN results file not found;cloud_missing:ALDERAAN results file not found,11.1438086,0.629,10.9,122.0,True,True,1513.253182788579,11,True,sensitivity_candidate_not_author_confirmed
7869917,K01525.01,K01525,thin,multi,missing_after_uniform_assembly,True,original_archive:ALDERAAN results file not found;cloud_missing:ALDERAAN results file not found,7.71467686,0.899,33.3,180.0,True,True,1513.201190958567,12,True,sensitivity_candidate_not_author_confirmed
6058816,K03500.02,K03500,thin,multi,missing_after_uniform_assembly,True,original_archive:ALDERAAN results file not found;cloud_missing:ALDERAAN results file not found,4.7482669,0.673,12.1,280.0,True,True,1513.0772100504278,13,True,sensitivity_candidate_not_author_confirmed
3640905,K01221.01,K01221,thin,multi,missing_after_uniform_assembly,True,original_archive:ALDERAAN results file not found;cloud_missing:ALDERAAN results file not found,30.1599411,0.802,32.3,44.0,True,True,1513.046633438278,14,True,sensitivity_candidate_not_author_confirmed
8394721,K00152.04,K00152,thin,multi,missing_after_uniform_assembly,True,original_archive:ALDERAAN results file not found;cloud_missing:ALDERAAN results file not found,81.0637895,0.584,19.4,17.0,True,True,1512.8061223422283,15,True,sensitivity_candidate_not_author_confirmed
4770617,K02243.02,K02243,thin,multi,missing_after_uniform_assembly,True,original_archive:ALDERAAN results file not found;cloud_missing:ALDERAAN results file not found,8.45805119,0.697,18.3,140.0,True,True,1512.4904000768504,16,True,sensitivity_candidate_not_author_confirmed
2305866,K02610.01,K02610,thin,multi,missing_after_uniform_assembly,True,original_archive:ALDERAAN results file not found;cloud_missing:ALDERAAN results file not found,24.1073172,0.693,23.6,58.0,True,True,1512.3599991765604,17,True,sensitivity_candidate_not_author_confirmed
5621333,K03341.02,K03341,thin,multi,missing_after_uniform_assembly,True,original_archive:ALDERAAN results file not found;cloud_missing:ALDERAAN results file not found,11.5474983,0.495,12.3,112.0,True,True,1511.5975706676452,18,True,sensitivity_candidate_not_author_confirmed
3640905,K01221.02,K01221,thin,multi,missing_after_uniform_assembly,True,original_archive:ALDERAAN results file not found;cloud_missing:ALDERAAN results file not found,51.0771048,0.498,24.1,24.0,True,True,1511.0952456709529,19,True,sensitivity_candidate_not_author_confirmed
5384079,K02011.01,K02011,thin,multi,missing_after_uniform_assembly,True,original_archive:ALDERAAN results file not found;cloud_missing:ALDERAAN results file not found,7.05675145,0.631,25.2,181.0,True,True,1511.037389510695,20,True,sensitivity_candidate_not_author_confirmed
5544450,K03226.02,K03226,thin,multi,missing_after_uniform_assembly,True,original_archive:ALDERAAN results file not found;cloud_missing:ALDERAAN results file not found,6.93650854,0.331,11.3,143.0,True,True,1510.0958831830942,21,True,sensitivity_candidate_not_author_confirmed
7517261,K03496.01,K03496,thin,multi,missing_after_uniform_assembly,True,original_archive:ALDERAAN results file not found;cloud_missing:ALDERAAN results file not found,23.2385587,0.355,15.5,54.0,True,True,1509.9908327148871,22,False,not_selected_by_diagnostic_ranking
5769810,K04913.02,K04913,thin,multi,missing_after_uniform_assembly,True,original_archive:ALDERAAN results file not found;cloud_missing:ALDERAAN results file not found,8.97377221,0.237,9.4,115.0,True,True,1509.8257855387747,23,False,not_selected_by_diagnostic_ranking
5613330,K00649.02,K00649,thin,multi,missing_after_uniform_assembly,True,original_archive:ALDERAAN results file not found;cloud_missing:ALDERAAN results file not found,10.2090268,0.213,9.8,126.0,True,True,1509.4096364563743,24,False,not_selected_by_diagnostic_ranking
5202905,K01932.01,K01932,thin,multi,missing_after_uniform_assembly,True,original_archive:ALDERAAN results file not found;cloud_missing:ALDERAAN results file not found,22.8245144,0.279,15.9,48.0,True,True,1509.2490742987293,25,False,not_selected_by_diagnostic_ranking
6462863,K00094.03,K00094,thin,multi,missing_after_uniform_assembly,True,original_archive:ALDERAAN results file not found;cloud_missing:ALDERAAN results file not found,54.31996151,0.497,291.3,11.0,True,True,1509.1569303355716,26,False,not_selected_by_diagnostic_ranking
6196457,K00285.01,K00285,thin,multi,missing_after_uniform_assembly,True,original_archive:ALDERAAN results file not found;cloud_missing:ALDERAAN results file not found,13.74883059,0.658,167.6,98.0,True,True,1509.135026275596,27,False,not_selected_by_diagnostic_ranking
5202905,K01932.02,K01932,thin,multi,missing_after_uniform_assembly,True,original_archive:ALDERAAN results file not found;cloud_missing:ALDERAAN results file not found,14.8444836,0.149,10.5,74.0,True,True,1508.824610385922,28,False,not_selected_by_diagnostic_ranking
7219825,K00238.02,K00238,thin,multi,missing_after_uniform_assembly,True,original_archive:ALDERAAN results file not found;cloud_missing:ALDERAAN results file not found,26.6951944,0.136,13.4,46.0,True,True,1508.2980032086305,29,False,not_selected_by_diagnostic_ranking
5769810,K04913.01,K04913,thin,multi,missing_after_uniform_assembly,True,original_archive:ALDERAAN results file not found;cloud_missing:ALDERAAN results file not found,6.78788113,0.022,7.8,150.0,True,True,1508.1976453213222,30,False,not_selected_by_diagnostic_ranking
6196457,K00285.03,K00285,thin,multi,missing_after_uniform_assembly,True,original_archive:ALDERAAN results file not found;cloud_missing:ALDERAAN results file not found,49.3567907,0.277,35.0,27.0,True,True,1508.0751179162128,31,False,not_selected_by_diagnostic_ranking
7219825,K00238.01,K00238,thin,multi,missing_after_uniform_assembly,True,original_archive:ALDERAAN results file not found;cloud_missing:ALDERAAN results file not found,17.23232894,0.395,64.1,77.0,True,True,1507.5876549254385,32,False,not_selected_by_diagnostic_ranking
3561464,K03398.03,K03398,thin,multi,missing_after_uniform_assembly,True,original_archive:ALDERAAN results file not found;cloud_missing:ALDERAAN results file not found,4.32710579,0.025,9.5,224.0,True,True,1507.4070099500116,33,False,not_selected_by_diagnostic_ranking
9117416,K03425.01,K03425,thin,multi,missing_after_uniform_assembly,True,original_archive:ALDERAAN results file not found;cloud_missing:ALDERAAN results file not found,20.034708,0.193,22.9,69.0,True,True,1507.3132423261434,34,False,not_selected_by_diagnostic_ranking
6058816,K03500.01,K03500,thin,multi,missing_after_uniform_assembly,True,original_archive:ALDERAAN results file not found;cloud_missing:ALDERAAN results file not found,73.7502765,0.127,33.9,19.0,True,True,1506.9991842715692,35,False,not_selected_by_diagnostic_ranking
3561464,K03398.01,K03398,thin,multi,missing_after_uniform_assembly,True,original_archive:ALDERAAN results file not found;cloud_missing:ALDERAAN results file not found,7.31945294,0.112,16.3,142.0,True,True,1506.9129554044773,36,False,not_selected_by_diagnostic_ranking
8121310,K00317.02,K00317,thin,multi,missing_after_uniform_assembly,True,original_archive:ALDERAAN results file not found;cloud_missing:ALDERAAN results file not found,11.505879,0.029,12.5,113.0,True,True,1506.887575117876,37,False,not_selected_by_diagnostic_ranking
5384079,K02011.02,K02011,thin,multi,missing_after_uniform_assembly,True,original_archive:ALDERAAN results file not found;cloud_missing:ALDERAAN results file not found,17.2653659,0.007,13.9,77.0,True,True,1506.5740235724545,38,False,not_selected_by_diagnostic_ranking
7017274,K03209.02,K03209,thin,multi,missing_after_uniform_assembly,True,original_archive:ALDERAAN results file not found;cloud_missing:ALDERAAN results file not found,6.77067637,0.127,19.6,187.0,True,True,1506.5188119386535,39,False,not_selected_by_diagnostic_ranking
7017274,K03209.01,K03209,thin,multi,missing_after_uniform_assembly,True,original_archive:ALDERAAN results file not found;cloud_missing:ALDERAAN results file not found,11.91256675,0.174,27.8,112.0,True,True,1506.4781273915776,40,False,not_selected_by_diagnostic_ranking
3561464,K03398.02,K03398,thin,multi,missing_after_uniform_assembly,True,original_archive:ALDERAAN results file not found;cloud_missing:ALDERAAN results file not found,35.8007112,0.043,25.0,33.0,True,True,1506.170776559557,41,False,not_selected_by_diagnostic_ranking
5613330,K00649.01,K00649,thin,multi,missing_after_uniform_assembly,True,original_archive:ALDERAAN results file not found;cloud_missing:ALDERAAN results file not found,23.44970494,0.193,67.9,60.0,True,True,1505.6481360186272,42,False,not_selected_by_diagnostic_ranking
9117416,K03425.02,K03425,thin,multi,missing_after_uniform_assembly,True,original_archive:ALDERAAN results file not found;cloud_missing:ALDERAAN results file not found,3.15722086,0.001,17.4,410.0,True,True,1505.2984978131785,43,False,not_selected_by_diagnostic_ranking
8056665,K00089.01,K00089,thin,multi,missing_after_uniform_assembly,True,original_archive:ALDERAAN results file not found;cloud_missing:ALDERAAN results file not found,84.6877524,0.017,95.1,18.0,True,True,1504.577900182779,44,False,not_selected_by_diagnostic_ranking
4770617,K02243.01,K02243,thin,multi,missing_after_uniform_assembly,True,original_archive:ALDERAAN results file not found;cloud_missing:ALDERAAN results file not found,5.18560081,0.012,27.6,261.0,True,True,1504.5459193987244,45,False,not_selected_by_diagnostic_ranking
6196457,K00285.02,K00285,thin,multi,missing_after_uniform_assembly,True,original_archive:ALDERAAN results file not found;cloud_missing:ALDERAAN results file not found,26.723169,0.035,67.5,51.0,True,True,1504.1846025618288,46,False,not_selected_by_diagnostic_ranking
11013201,K00972.02,K00972,thin,multi,missing_after_uniform_assembly,True,original_archive:ALDERAAN results file not found;cloud_missing:ALDERAAN results file not found,7.82187328,0.005,37.2,166.0,True,True,1504.105279704626,47,False,not_selected_by_diagnostic_ranking
8394721,K00152.02,K00152,thin,multi,missing_after_uniform_assembly,True,original_archive:ALDERAAN results file not found;cloud_missing:ALDERAAN results file not found,27.40229859,0.022,79.3,49.0,True,True,1503.8944868748154,48,False,not_selected_by_diagnostic_ranking
8394721,K00152.01,K00152,thin,multi,missing_after_uniform_assembly,True,original_archive:ALDERAAN results file not found;cloud_missing:ALDERAAN results file not found,52.09081627,0.065,243.5,27.0,True,True,1503.8561835695227,49,False,not_selected_by_diagnostic_ranking
6462863,K00094.04,K00094,thin,multi,missing_after_uniform_assembly,True,original_archive:ALDERAAN results file not found;cloud_missing:ALDERAAN results file not found,3.743166733,0.008,47.2,154.0,True,True,1503.7969355127232,50,False,not_selected_by_diagnostic_ranking
8121310,K00317.01,K00317,thin,multi,missing_after_uniform_assembly,True,original_archive:ALDERAAN results file not found;cloud_missing:ALDERAAN results file not found,22.20809549,0.017,92.7,58.0,True,True,1503.5603208380965,51,False,not_selected_by_diagnostic_ranking
8394721,K00152.03,K00152,thin,multi,missing_after_uniform_assembly,True,original_archive:ALDERAAN results file not found;cloud_missing:ALDERAAN results file not found,13.48457668,0.011,80.8,98.0,True,True,1503.3451233420021,52,False,not_selected_by_diagnostic_ranking
6462863,K00094.02,K00094,thin,multi,missing_after_uniform_assembly,True,original_archive:ALDERAAN results file not found;cloud_missing:ALDERAAN results file not found,10.423677439,0.005,204.4,57.0,True,True,1502.7734416330463,53,False,not_selected_by_diagnostic_ranking
6462863,K00094.01,K00094,thin,multi,missing_after_uniform_assembly,True,original_archive:ALDERAAN results file not found;cloud_missing:ALDERAAN results file not found,22.342964828,0.031,1118.9,30.0,True,True,1502.7336498506781,54,False,not_selected_by_diagnostic_ranking
11013201,K00972.01,K00972,thin,multi,missing_after_uniform_assembly,True,original_archive:ALDERAAN results file not found;cloud_missing:ALDERAAN results file not found,13.118962443,0.042,267.4,103.0,True,True,1502.6283935907172,55,False,not_selected_by_diagnostic_ranking
8331612,K03318.02,K03318,thin,multi,posterior_available,False,missing_qc_reason,25.6970688,0.943,6.4,14.0,False,False,20.00830656954519,56,False,not_selected_by_diagnostic_ranking
6779260,K02678.02,K02678,thin,multi,posterior_available,False,missing_qc_reason,2.2165905,0.703,2.8,579.0,False,False,19.397871910805627,57,False,not_selected_by_diagnostic_ranking
8216763,K04838.02,K04838,thin,multi,posterior_available,False,missing_qc_reason,6.33342309,1.101,7.5,199.0,False,False,19.02184863841055,58,False,not_selected_by_diagnostic_ranking
7765528,K01840.02,K01840,thin,multi,posterior_available,False,missing_qc_reason,9.3888216,1.14,9.6,147.0,False,False,18.67975834252135,59,False,not_selected_by_diagnostic_ranking
8216763,K04838.03,K04838,thin,multi,posterior_available,False,missing_qc_reason,24.0721647,0.949,6.7,56.0,False,False,18.55298030242468,60,False,not_selected_by_diagnostic_ranking
10285631,K00331.02,K00331,thin,multi,posterior_available,False,missing_qc_reason,10.52286678,1.12,10.1,95.0,False,False,18.519146107360683,61,False,not_selected_by_diagnostic_ranking
11918099,K00780.02,K00780,thin,multi,posterior_available,False,missing_qc_reason,7.2406612,1.198,13.7,168.0,False,False,18.154949019393452,62,False,not_selected_by_diagnostic_ranking
6307083,K02050.02,K02050,thin,multi,posterior_available,False,missing_qc_reason,3.17796408,0.901,6.0,414.0,False,False,17.66643899646025,63,False,not_selected_by_diagnostic_ranking
6221385,K06145.03,K06145,thin,multi,posterior_available,False,missing_qc_reason,7.3138454,0.893,9.2,23.0,False,False,17.60894887452862,64,False,not_selected_by_diagnostic_ranking
6587280,K00857.02,K00857,thin,multi,posterior_available,False,missing_qc_reason,20.0261412,0.957,10.7,54.0,False,False,17.045006040036977,65,False,not_selected_by_diagnostic_ranking
8644365,K03384.01,K03384,thin,multi,posterior_available,False,missing_qc_reason,10.54841329,1.017,11.7,118.0,False,False,16.937628079945185,66,False,not_selected_by_diagnostic_ranking
8331612,K03318.01,K03318,thin,multi,posterior_available,False,missing_qc_reason,13.8353959,0.94,10.3,67.0,False,False,16.85346397206061,67,False,not_selected_by_diagnostic_ranking
10252275,K03130.01,K03130,thin,multi,posterior_available,False,missing_qc_reason,14.8638496,1.006,12.3,92.0,False,False,16.805231555407385,68,False,not_selected_by_diagnostic_ranking
4548098,K04157.02,K04157,thin,multi,posterior_available,False,missing_qc_reason,5.215752,0.729,5.1,247.0,False,False,16.78243361837673,69,False,not_selected_by_diagnostic_ranking
8216763,K04838.01,K04838,thin,multi,posterior_available,False,missing_qc_reason,13.2965044,0.902,9.1,98.0,False,False,16.660087985870167,70,False,not_selected_by_diagnostic_ranking
9474756,K03495.01,K03495,thin,multi,posterior_available,False,missing_qc_reason,17.6062701,0.923,10.4,75.0,False,False,16.586437267839674,71,False,not_selected_by_diagnostic_ranking
11360805,K02422.02,K02422,thin,multi,posterior_available,False,missing_qc_reason,57.3888262,0.876,11.9,25.0,False,False,16.557710356524485,72,False,not_selected_by_diagnostic_ranking
10460984,K00474.03,K00474,thin,multi,posterior_available,False,missing_qc_reason,94.886902,0.982,25.5,14.0,False,False,16.453202591030944,73,False,not_selected_by_diagnostic_ranking
4947556,K03936.02,K03936,thin,multi,posterior_available,False,missing_qc_reason,13.0267964,0.93,11.4,100.0,False,False,16.223488777590923,74,False,not_selected_by_diagnostic_ranking
2832589,K01942.02,K01942,thin,multi,posterior_available,False,missing_qc_reason,2.433703498,0.952,10.2,534.0,False,False,16.21498523325941,75,False,not_selected_by_diagnostic_ranking
1996180,K02534.02,K02534,thin,multi,posterior_available,False,missing_qc_reason,5.42204257,0.94,10.7,218.0,False,False,16.191463866636028,76,False,not_selected_by_diagnostic_ranking
4458082,K02303.02,K02303,thin,multi,posterior_available,False,missing_qc_reason,8.93484887,0.888,9.7,134.0,False,False,16.165481416260715,77,False,not_selected_by_diagnostic_ranking
4466677,K01338.03,K01338,thin,multi,posterior_available,False,missing_qc_reason,21.0112068,0.853,10.2,56.0,False,False,16.128549120413616,78,False,not_selected_by_diagnostic_ranking
9006449,K01413.03,K01413,thin,multi,posterior_available,False,missing_qc_reason,33.8845825,0.961,17.2,36.0,False,False,16.09909488837079,79,False,not_selected_by_diagnostic_ranking
11521793,K00352.02,K00352,thin,multi,posterior_available,False,missing_qc_reason,16.00747237,0.975,14.7,80.0,False,False,16.084439298322906,80,False,not_selected_by_diagnostic_ranking
9909735,K01779.02,K01779,thin,multi,posterior_available,False,missing_qc_reason,11.8150174,0.875,10.5,85.0,False,False,16.006786287576958,81,False,not_selected_by_diagnostic_ranking
5003670,K04524.03,K04524,thin,multi,posterior_available,False,missing_qc_reason,3.33930957,0.934,10.7,360.0,False,False,15.981224681852161,82,False,not_selected_by_diagnostic_ranking
8158127,K01015.03,K01015,thin,multi,posterior_available,False,missing_qc_reason,16.9972894,0.825,11.1,34.0,False,False,15.967988103301732,83,False,not_selected_by_diagnostic_ranking
6442340,K00664.03,K00664,thin,multi,posterior_available,False,missing_qc_reason,23.4433748,0.924,14.1,53.0,False,False,15.939842052399964,84,False,not_selected_by_diagnostic_ranking
4857058,K03061.01,K03061,thin,multi,posterior_available,False,missing_qc_reason,7.32851947,0.983,14.0,182.0,False,False,15.916474154909588,85,False,not_selected_by_diagnostic_ranking
8320630,K04846.01,K04846,thin,multi,posterior_available,False,missing_qc_reason,19.254536,0.806,9.2,64.0,False,False,15.903804733957871,86,False,not_selected_by_diagnostic_ranking
6422155,K00510.04,K00510,thin,multi,posterior_available,False,missing_qc_reason,35.1184432,0.958,20.4,28.0,False,False,15.897896792746613,87,False,not_selected_by_diagnostic_ranking
11773022,K00620.03,K00620,thin,multi,posterior_available,False,missing_qc_reason,85.3162004,0.972,32.6,14.0,False,False,15.895459639644537,88,False,not_selected_by_diagnostic_ranking
7703955,K01707.01,K01707,thin,multi,posterior_available,False,missing_qc_reason,96.109323,0.948,28.7,14.0,False,False,15.88587938385703,89,False,not_selected_by_diagnostic_ranking
7609553,K02924.02,K02924,thin,multi,posterior_available,False,missing_qc_reason,8.85686712,0.923,11.9,137.0,False,False,15.882068014241245,90,False,not_selected_by_diagnostic_ranking
8037145,K00520.04,K00520,thin,multi,posterior_available,False,missing_qc_reason,51.1658019,0.817,12.2,26.0,False,False,15.857144694520521,91,False,not_selected_by_diagnostic_ranking
10788461,K03925.03,K03925,thin,multi,posterior_available,False,missing_qc_reason,5.3235335,0.804,14.6,15.0,False,False,15.856228123373748,92,False,not_selected_by_diagnostic_ranking
5978559,K02321.02,K02321,thin,multi,posterior_available,False,missing_qc_reason,36.2530992,0.721,8.3,36.0,False,False,15.8187680116729,93,False,not_selected_by_diagnostic_ranking
9947653,K04647.02,K04647,thin,multi,posterior_available,False,missing_qc_reason,12.008552,0.901,11.8,107.0,False,False,15.798961586441484,94,False,not_selected_by_diagnostic_ranking
5003670,K04524.01,K04524,thin,multi,posterior_available,False,missing_qc_reason,7.99144696,0.94,12.8,167.0,False,False,15.76399317628361,95,False,not_selected_by_diagnostic_ranking
3348082,K01196.03,K01196,thin,multi,posterior_available,False,missing_qc_reason,33.1981761,0.826,11.8,36.0,False,False,15.748891764062487,96,False,not_selected_by_diagnostic_ranking
9605514,K00945.03,K00945,thin,multi,posterior_available,False,missing_qc_reason,66.789347,0.667,9.5,15.0,False,False,15.740845742702113,97,False,not_selected_by_diagnostic_ranking
9892816,K01955.04,K01955,thin,multi,posterior_available,False,missing_qc_reason,26.2347447,0.985,22.0,39.0,False,False,15.71529586516308,98,False,not_selected_by_diagnostic_ranking
8395660,K00116.04,K00116,thin,multi,posterior_available,False,missing_qc_reason,23.9800854,0.95,17.1,56.0,False,False,15.672814543628867,99,False,not_selected_by_diagnostic_ranking
9474756,K03495.02,K03495,thin,multi,posterior_available,False,missing_qc_reason,6.685438,0.853,9.7,193.0,False,False,15.671428741428048,100,False,not_selected_by_diagnostic_ranking
1718189,K00993.03,K00993,thin,multi,posterior_available,False,missing_qc_reason,86.723653,0.662,9.4,16.0,False,False,15.643280730534421,101,False,not_selected_by_diagnostic_ranking
6103377,K03004.02,K03004,thin,multi,posterior_available,False,missing_qc_reason,7.03965141,0.778,9.8,46.0,False,False,15.643185211548372,102,False,not_selected_by_diagnostic_ranking
5941160,K00654.02,K00654,thin,multi,posterior_available,False,missing_qc_reason,10.22215697,0.911,13.6,94.0,False,False,15.564682691725197,103,False,not_selected_by_diagnostic_ranking
3559860,K03440.02,K03440,thin,multi,posterior_available,False,missing_qc_reason,58.940569,0.643,9.2,16.0,False,False,15.52380473395787,104,False,not_selected_by_diagnostic_ranking
11401767,K02195.02,K02195,thin,multi,posterior_available,False,missing_qc_reason,30.0899459,0.907,16.6,43.0,False,False,15.503792640064207,105,False,not_selected_by_diagnostic_ranking
8950568,K02038.03,K02038,thin,multi,posterior_available,False,missing_qc_reason,17.9134215,0.832,11.4,65.0,False,False,15.483836123483007,106,False,not_selected_by_diagnostic_ranking
6347299,K00661.02,K00661,thin,multi,posterior_available,False,missing_qc_reason,25.6613816,0.864,14.6,43.0,False,False,15.399224929228184,107,False,not_selected_by_diagnostic_ranking
11288051,K00241.02,K00241,thin,multi,posterior_available,False,missing_qc_reason,30.9505927,0.958,23.2,36.0,False,False,15.398940659353665,108,False,not_selected_by_diagnostic_ranking
10252275,K03130.02,K03130,thin,multi,posterior_available,False,missing_qc_reason,5.65245733,0.889,11.7,230.0,False,False,15.39643393544265,109,False,not_selected_by_diagnostic_ranking
7582689,K03097.01,K03097,thin,multi,posterior_available,False,missing_qc_reason,11.9216035,0.929,15.1,110.0,False,False,15.390312715795382,110,False,not_selected_by_diagnostic_ranking
11709244,K01832.02,K01832,thin,multi,posterior_available,False,missing_qc_reason,12.76220558,0.955,17.4,95.0,False,False,15.370611366938995,111,False,not_selected_by_diagnostic_ranking
10004738,K01598.03,K01598,thin,multi,posterior_available,False,missing_qc_reason,13.93068791,0.912,14.9,93.0,False,False,15.338229296238826,112,False,not_selected_by_diagnostic_ranking
5438757,K01601.02,K01601,thin,multi,posterior_available,False,missing_qc_reason,62.9224936,0.928,28.7,19.0,False,False,15.307424303438406,113,False,not_selected_by_diagnostic_ranking
10253547,K02153.01,K02153,thin,multi,posterior_available,False,missing_qc_reason,59.9809868,0.918,25.2,22.0,False,False,15.296102528004084,114,False,not_selected_by_diagnostic_ranking
8611832,K02414.02,K02414,thin,multi,posterior_available,False,missing_qc_reason,45.3486381,0.847,15.9,31.0,False,False,15.28175164602294,115,False,not_selected_by_diagnostic_ranking
7582689,K03097.03,K03097,thin,multi,posterior_available,False,missing_qc_reason,8.70312154,0.886,13.0,140.0,False,False,15.252156216980808,116,False,not_selected_by_diagnostic_ranking
5880320,K01060.03,K01060,thin,multi,posterior_available,False,missing_qc_reason,20.4972755,0.966,22.8,51.0,False,False,15.248819166944964,117,False,not_selected_by_diagnostic_ranking
9963524,K00720.03,K00720,thin,multi,posterior_available,False,missing_qc_reason,18.36974658,0.947,20.1,58.0,False,False,15.24406169605193,118,False,not_selected_by_diagnostic_ranking
4077526,K01336.03,K01336,thin,multi,posterior_available,False,missing_qc_reason,40.1015561,0.868,19.0,26.0,False,False,15.229476028793075,119,False,not_selected_by_diagnostic_ranking
5308663,K01562.02,K01562,thin,multi,posterior_available,False,missing_qc_reason,20.0679247,0.849,13.8,56.0,False,False,15.210125230143777,120,False,not_selected_by_diagnostic_ranking
10788461,K03925.01,K03925,thin,multi,posterior_available,False,missing_qc_reason,9.2075634,0.898,43.4,10.0,False,False,15.17816136376296,121,False,not_selected_by_diagnostic_ranking
9100953,K04500.03,K04500,thin,multi,posterior_available,False,missing_qc_reason,14.7510068,0.75,9.5,72.0,False,False,15.16736814720808,122,False,not_selected_by_diagnostic_ranking
6221385,K06145.01,K06145,thin,multi,posterior_available,False,missing_qc_reason,19.672324,0.721,20.6,8.0,False,False,15.152060398325055,123,False,not_selected_by_diagnostic_ranking
11401767,K02195.03,K02195,thin,multi,posterior_available,False,missing_qc_reason,6.84978728,0.954,17.0,182.0,False,False,15.13196181738776,124,False,not_selected_by_diagnostic_ranking
11669239,K00542.02,K00542,thin,multi,posterior_available,False,missing_qc_reason,13.81733587,0.967,20.4,96.0,False,False,15.118695153860134,125,False,not_selected_by_diagnostic_ranking
10723367,K02236.01,K02236,thin,multi,posterior_available,False,missing_qc_reason,19.9865916,0.962,21.8,68.0,False,False,15.116207493962857,126,False,not_selected_by_diagnostic_ranking
6932987,K01366.02,K01366,thin,multi,posterior_available,False,missing_qc_reason,54.1558384,0.927,29.1,23.0,False,False,15.06266412937107,127,False,not_selected_by_diagnostic_ranking
9886361,K02732.03,K02732,thin,multi,posterior_available,False,missing_qc_reason,54.2811949,0.85,20.0,23.0,False,False,15.057280095570327,128,False,not_selected_by_diagnostic_ranking
6345732,K02857.01,K02857,thin,multi,posterior_available,False,missing_qc_reason,20.2642023,0.914,19.9,51.0,False,False,15.023638480650215,129,False,not_selected_by_diagnostic_ranking
9588822,K04388.02,K04388,thin,multi,posterior_available,False,missing_qc_reason,61.858947,0.621,9.1,21.0,False,False,15.022114343677883,130,False,not_selected_by_diagnostic_ranking
10004738,K01598.02,K01598,thin,multi,posterior_available,False,missing_qc_reason,92.8747294,0.917,37.9,16.0,False,False,14.91870585152958,131,False,not_selected_by_diagnostic_ranking
9655711,K06209.02,K06209,thin,multi,posterior_available,False,missing_qc_reason,7.72966941,0.668,8.4,56.0,False,False,14.916961802985664,132,False,not_selected_by_diagnostic_ranking
6422155,K00510.03,K00510,thin,multi,posterior_available,False,missing_qc_reason,14.62709685,0.945,22.7,63.0,False,False,14.90763637830856,133,False,not_selected_by_diagnostic_ranking
4141593,K07685.02,K07685,thin,multi,posterior_available,False,missing_qc_reason,33.502923,0.756,12.5,38.0,False,False,14.839068460800005,134,False,not_selected_by_diagnostic_ranking
7582689,K03097.02,K03097,thin,multi,posterior_available,False,missing_qc_reason,6.80257947,0.889,14.7,190.0,False,False,14.831881559683023,135,False,not_selected_by_diagnostic_ranking
9489524,K02029.01,K02029,thin,multi,posterior_available,False,missing_qc_reason,16.33269981,0.893,17.5,80.0,False,False,14.82894842608747,136,False,not_selected_by_diagnostic_ranking
6345732,K02857.02,K02857,thin,multi,posterior_available,False,missing_qc_reason,7.44136102,0.862,14.2,136.0,False,False,14.784941850055295,137,False,not_selected_by_diagnostic_ranking
11560897,K02365.01,K02365,thin,multi,posterior_available,False,missing_qc_reason,35.9682692,0.883,21.0,40.0,False,False,14.775496634804037,138,False,not_selected_by_diagnostic_ranking
11657614,K03370.01,K03370,thin,multi,posterior_available,False,missing_qc_reason,24.352541,0.505,5.8,51.0,False,False,14.754828069402008,139,False,not_selected_by_diagnostic_ranking
3942670,K00392.01,K00392,thin,multi,posterior_available,False,missing_qc_reason,33.4160553,0.947,29.3,40.0,False,False,14.74598349977002,140,False,not_selected_by_diagnostic_ranking
7778767,K02523.02,K02523,thin,multi,posterior_available,False,missing_qc_reason,2.61090223,0.813,10.7,416.0,False,False,14.734468743002891,141,False,not_selected_by_diagnostic_ranking
6428700,K00853.02,K00853,thin,multi,posterior_available,False,missing_qc_reason,14.49645186,0.97,25.7,89.0,False,False,14.705147095768718,142,False,not_selected_by_diagnostic_ranking
4077526,K01336.02,K01336,thin,multi,posterior_available,False,missing_qc_reason,15.573637,0.946,24.7,68.0,False,False,14.696896308109332,143,False,not_selected_by_diagnostic_ranking
12885212,K02184.02,K02184,thin,multi,posterior_available,False,missing_qc_reason,95.906433,0.576,11.0,12.0,False,False,14.6769782375034,144,False,not_selected_by_diagnostic_ranking
10460984,K00474.04,K00474,thin,multi,posterior_available,False,missing_qc_reason,5.03505665,0.911,16.6,250.0,False,False,14.651262468771835,145,False,not_selected_by_diagnostic_ranking
10265898,K00732.03,K00732,thin,multi,posterior_available,False,missing_qc_reason,5.25449393,0.837,12.6,241.0,False,False,14.64851832459094,146,False,not_selected_by_diagnostic_ranking
6026737,K02949.02,K02949,thin,multi,posterior_available,False,missing_qc_reason,3.75030469,0.77,10.3,255.0,False,False,14.557993819582707,147,False,not_selected_by_diagnostic_ranking
4725681,K00817.02,K00817,thin,multi,posterior_available,False,missing_qc_reason,8.29561738,0.888,17.9,119.0,False,False,14.523893089498866,148,False,not_selected_by_diagnostic_ranking
10973664,K00601.02,K00601,thin,multi,posterior_available,False,missing_qc_reason,11.67894236,0.94,23.1,108.0,False,False,14.523502341531769,149,False,not_selected_by_diagnostic_ranking
9026749,K02564.02,K02564,thin,multi,posterior_available,False,missing_qc_reason,17.6637979,0.695,9.7,76.0,False,False,14.518691660032164,150,False,not_selected_by_diagnostic_ranking
9892816,K01955.02,K01955,thin,multi,posterior_available,False,missing_qc_reason,39.4576228,0.967,41.6,33.0,False,False,14.51164492428719,151,False,not_selected_by_diagnostic_ranking
5351250,K00408.03,K00408,thin,multi,posterior_available,False,missing_qc_reason,30.8261043,0.943,32.3,41.0,False,False,14.510814334274995,152,False,not_selected_by_diagnostic_ranking
11288051,K00241.03,K00241,thin,multi,posterior_available,False,missing_qc_reason,3.41045981,0.971,22.5,302.0,False,False,14.501805551206274,153,False,not_selected_by_diagnostic_ranking
8226050,K01910.02,K01910,thin,multi,posterior_available,False,missing_qc_reason,18.3848331,0.711,10.3,75.0,False,False,14.49647006687681,154,False,not_selected_by_diagnostic_ranking
9884104,K00718.03,K00718,thin,multi,posterior_available,False,missing_qc_reason,47.903427,0.918,34.1,28.0,False,False,14.494761091299845,155,False,not_selected_by_diagnostic_ranking
4141593,K07685.01,K07685,thin,multi,posterior_available,False,missing_qc_reason,64.740274,0.74,16.4,22.0,False,False,14.470655146804052,156,False,not_selected_by_diagnostic_ranking
7303287,K01353.02,K01353,thin,multi,posterior_available,False,missing_qc_reason,34.5439452,0.87,23.4,38.0,False,False,14.456705364281241,157,False,not_selected_by_diagnostic_ranking
8463346,K02529.02,K02529,thin,multi,posterior_available,False,missing_qc_reason,64.0019669,0.701,14.2,22.0,False,False,14.449456087898856,158,False,not_selected_by_diagnostic_ranking
8463346,K02529.01,K02529,thin,multi,posterior_available,False,missing_qc_reason,16.79716262,0.899,21.2,81.0,False,False,14.444833538741804,159,False,not_selected_by_diagnostic_ranking
11401767,K02195.01,K02195,thin,multi,posterior_available,False,missing_qc_reason,20.0545282,0.939,26.9,70.0,False,False,14.441378045732886,160,False,not_selected_by_diagnostic_ranking
5689351,K00505.05,K00505,thin,multi,posterior_available,False,missing_qc_reason,87.0912594,0.845,41.8,12.0,False,False,14.43019247039686,161,False,not_selected_by_diagnostic_ranking
9006186,K02169.04,K02169,thin,multi,posterior_available,False,missing_qc_reason,2.19251903,0.616,6.6,524.0,False,False,14.38184146994575,162,False,not_selected_by_diagnostic_ranking
11080405,K02442.02,K02442,thin,multi,posterior_available,False,missing_qc_reason,12.3101351,0.783,12.9,104.0,False,False,14.379041139587965,163,False,not_selected_by_diagnostic_ranking
6103377,K03004.01,K03004,thin,multi,posterior_available,False,missing_qc_reason,20.0708757,0.643,12.8,18.0,False,False,14.377192547704633,164,False,not_selected_by_diagnostic_ranking
10723367,K02236.02,K02236,thin,multi,posterior_available,False,missing_qc_reason,12.12580644,0.805,14.0,105.0,False,False,14.371124911197022,165,False,not_selected_by_diagnostic_ranking
1724719,K04212.01,K04212,thin,multi,posterior_available,False,missing_qc_reason,5.79179934,0.896,17.7,233.0,False,False,14.368948667495701,166,False,not_selected_by_diagnostic_ranking
7939330,K01581.01,K01581,thin,multi,posterior_available,False,missing_qc_reason,29.5422566,0.959,39.5,46.0,False,False,14.246648698251892,167,False,not_selected_by_diagnostic_ranking
3541946,K00624.02,K00624,thin,multi,posterior_available,False,missing_qc_reason,49.5674085,0.866,31.2,25.0,False,False,14.240574370197164,168,False,not_selected_by_diagnostic_ranking
9100953,K04500.02,K04500,thin,multi,posterior_available,False,missing_qc_reason,44.9851885,0.664,12.7,26.0,False,False,14.213296684044977,169,False,not_selected_by_diagnostic_ranking
9634821,K02037.01,K02037,thin,multi,posterior_available,False,missing_qc_reason,73.7578875,0.714,20.2,15.0,False,False,14.171930492371459,170,False,not_selected_by_diagnostic_ranking
7678434,K00892.02,K00892,thin,multi,posterior_available,False,missing_qc_reason,3.96996298,0.836,15.0,320.0,False,False,14.082994789318168,171,False,not_selected_by_diagnostic_ranking
6467363,K02840.01,K02840,thin,multi,posterior_available,False,missing_qc_reason,3.67936863,0.885,18.1,362.0,False,False,14.07659327845032,172,False,not_selected_by_diagnostic_ranking
6026737,K02949.01,K02949,thin,multi,posterior_available,False,missing_qc_reason,10.1747037,0.726,11.8,103.0,False,False,14.067554375560114,173,False,not_selected_by_diagnostic_ranking
8410727,K01148.02,K01148,thin,multi,posterior_available,False,missing_qc_reason,25.2630467,0.743,14.3,55.0,False,False,14.067258578405934,174,False,not_selected_by_diagnostic_ranking
10265898,K00732.02,K00732,thin,multi,posterior_available,False,missing_qc_reason,3.29534567,0.729,10.4,330.0,False,False,14.042218612023603,175,False,not_selected_by_diagnostic_ranking
8958939,K07117.01,K07117,thin,multi,posterior_available,False,missing_qc_reason,8.2927558,0.6346,8.4,158.0,False,False,14.042212877599273,176,False,not_selected_by_diagnostic_ranking
5880320,K01060.04,K01060,thin,multi,posterior_available,False,missing_qc_reason,8.19345065,0.815,15.7,142.0,False,False,14.036726009547376,177,False,not_selected_by_diagnostic_ranking
7202957,K02687.02,K02687,thin,multi,posterior_available,False,missing_qc_reason,8.16733851,0.801,14.8,153.0,False,False,14.017204532554807,178,False,not_selected_by_diagnostic_ranking
10271806,K00733.04,K00733,thin,multi,posterior_available,False,missing_qc_reason,18.64349986,0.774,16.1,60.0,False,False,14.015442311528073,179,False,not_selected_by_diagnostic_ranking
11176127,K01430.03,K01430,thin,multi,posterior_available,False,missing_qc_reason,77.4740991,0.758,27.5,15.0,False,False,13.97583925445398,180,False,not_selected_by_diagnostic_ranking
2581316,K03681.02,K03681,thin,multi,posterior_available,False,missing_qc_reason,10.51421162,0.877,21.6,125.0,False,False,13.967742020119267,181,False,not_selected_by_diagnostic_ranking
11037335,K01435.02,K01435,thin,multi,posterior_available,False,missing_qc_reason,10.44635944,0.967,34.4,127.0,False,False,13.96732820676848,182,False,not_selected_by_diagnostic_ranking
10019643,K00471.02,K00471,thin,multi,posterior_available,False,missing_qc_reason,7.81100952,0.816,15.8,170.0,False,False,13.958511043113646,183,False,not_selected_by_diagnostic_ranking
9092504,K02716.02,K02716,thin,multi,posterior_available,False,missing_qc_reason,6.46004728,0.828,17.0,167.0,False,False,13.904535733260795,184,False,not_selected_by_diagnostic_ranking
9518318,K01978.02,K01978,thin,multi,posterior_available,False,missing_qc_reason,23.85163321,0.88,28.6,54.0,False,False,13.900615594913372,185,False,not_selected_by_diagnostic_ranking
10130039,K01909.03,K01909,thin,multi,posterior_available,False,missing_qc_reason,25.0985083,0.814,21.3,50.0,False,False,13.887727462547488,186,False,not_selected_by_diagnostic_ranking
10864531,K02080.02,K02080,thin,multi,posterior_available,False,missing_qc_reason,34.0607677,0.786,20.5,39.0,False,False,13.878542581044734,187,False,not_selected_by_diagnostic_ranking
9892816,K01955.03,K01955,thin,multi,posterior_available,False,missing_qc_reason,1.644221032,0.942,24.1,752.0,False,False,13.85866669737829,188,False,not_selected_by_diagnostic_ranking
11669239,K00542.01,K00542,thin,multi,posterior_available,False,missing_qc_reason,41.8854433,0.917,47.0,32.0,False,False,13.85506678292426,189,False,not_selected_by_diagnostic_ranking
3942670,K00392.02,K00392,thin,multi,posterior_available,False,missing_qc_reason,12.6119685,0.709,12.2,104.0,False,False,13.796564018829603,190,False,not_selected_by_diagnostic_ranking
9006186,K02169.01,K02169,thin,multi,posterior_available,False,missing_qc_reason,5.45298742,0.879,21.0,245.0,False,False,13.793234369719787,191,False,not_selected_by_diagnostic_ranking
7778767,K02523.01,K02523,thin,multi,posterior_available,False,missing_qc_reason,13.0313583,0.813,18.9,89.0,False,False,13.790434942288721,192,False,not_selected_by_diagnostic_ranking
8612275,K02111.02,K02111,thin,multi,posterior_available,False,missing_qc_reason,7.18644594,0.892,23.8,172.0,False,False,13.782093160116961,193,False,not_selected_by_diagnostic_ranking
4466677,K01338.02,K01338,thin,multi,posterior_available,False,missing_qc_reason,42.0370662,0.672,14.7,30.0,False,False,13.762147167923565,194,False,not_selected_by_diagnostic_ranking
9006449,K01413.01,K01413,thin,multi,posterior_available,False,missing_qc_reason,12.64504291,0.931,32.7,110.0,False,False,13.760949673158938,195,False,not_selected_by_diagnostic_ranking
10426656,K01161.02,K01161,thin,multi,posterior_available,False,missing_qc_reason,10.93725572,0.866,24.6,88.0,False,False,13.758392774505612,196,False,not_selected_by_diagnostic_ranking
11547513,K00295.02,K00295,thin,multi,posterior_available,False,missing_qc_reason,10.10575764,0.828,19.9,102.0,False,False,13.753505939598876,197,False,not_selected_by_diagnostic_ranking
3338885,K01845.02,K01845,thin,multi,posterior_available,False,missing_qc_reason,5.05821338,1.004,43.2,237.0,False,False,13.732472899712553,198,False,not_selected_by_diagnostic_ranking
8950568,K02038.04,K02038,thin,multi,posterior_available,False,missing_qc_reason,25.2149143,0.599,9.9,53.0,False,False,13.720022901124171,199,False,not_selected_by_diagnostic_ranking
11176127,K01430.02,K01430,thin,multi,posterior_available,False,missing_qc_reason,22.92886314,0.805,21.3,56.0,False,False,13.719820109736517,200,False,not_selected_by_diagnostic_ranking
8013439,K02352.03,K02352,thin,multi,posterior_available,False,missing_qc_reason,8.2562857,0.816,18.2,140.0,False,False,13.69322656411347,201,False,not_selected_by_diagnostic_ranking
4545187,K00223.02,K00223,thin,multi,posterior_available,False,missing_qc_reason,41.0081117,0.878,43.9,28.0,False,False,13.688367927411045,202,False,not_selected_by_diagnostic_ranking
5880320,K01060.01,K01060,thin,multi,posterior_available,False,missing_qc_reason,12.10968709,0.924,33.4,110.0,False,False,13.654105290275506,203,False,not_selected_by_diagnostic_ranking
11018648,K00759.02,K00759,thin,multi,posterior_available,False,missing_qc_reason,91.7732862,0.606,19.1,11.0,False,False,13.65140106534039,204,False,not_selected_by_diagnostic_ranking
11521793,K00352.01,K00352,thin,multi,posterior_available,False,missing_qc_reason,27.08239734,0.915,40.9,53.0,False,False,13.650896975490701,205,False,not_selected_by_diagnostic_ranking
3234843,K03057.01,K03057,thin,multi,posterior_available,False,missing_qc_reason,29.72722,0.744,19.4,36.0,False,False,13.647432758531663,206,False,not_selected_by_diagnostic_ranking
6382217,K02036.01,K02036,thin,multi,posterior_available,False,missing_qc_reason,8.41100305,0.905,27.6,162.0,False,False,13.64260913945279,207,False,not_selected_by_diagnostic_ranking
5816144,K06137.01,K06137,thin,multi,posterior_available,False,missing_qc_reason,12.4970599,0.65,10.6,109.0,False,False,13.600777453560662,208,False,not_selected_by_diagnostic_ranking
11709244,K01832.03,K01832,thin,multi,posterior_available,False,missing_qc_reason,38.7149617,0.691,16.2,34.0,False,False,13.594025801424621,209,False,not_selected_by_diagnostic_ranking
10788461,K03925.02,K03925,thin,multi,posterior_available,False,missing_qc_reason,2.5903958,0.725,18.3,36.0,False,False,13.59191248878851,210,False,not_selected_by_diagnostic_ranking
7604328,K02458.02,K02458,thin,multi,posterior_available,False,missing_qc_reason,2.936587946,0.863,20.1,455.0,False,False,13.5598045983932,211,False,not_selected_by_diagnostic_ranking
5219234,K01563.02,K01563,thin,multi,posterior_available,False,missing_qc_reason,8.29084167,0.929,34.7,132.0,False,False,13.55558746710371,212,False,not_selected_by_diagnostic_ranking
9579641,K00115.03,K00115,thin,multi,posterior_available,False,missing_qc_reason,3.43591631,0.624,8.7,357.0,False,False,13.549891160233068,213,False,not_selected_by_diagnostic_ranking
4077526,K01336.04,K01336,thin,multi,posterior_available,False,missing_qc_reason,4.45814897,0.754,14.3,210.0,False,False,13.518924412821805,214,False,not_selected_by_diagnostic_ranking
7287995,K00877.03,K00877,thin,multi,posterior_available,False,missing_qc_reason,20.83762895,0.706,14.9,67.0,False,False,13.46297204507145,215,False,not_selected_by_diagnostic_ranking
9006449,K01413.02,K01413,thin,multi,posterior_available,False,missing_qc_reason,21.5262958,0.804,23.4,61.0,False,False,13.454859952302575,216,False,not_selected_by_diagnostic_ranking
3642289,K00301.02,K00301,thin,multi,posterior_available,False,missing_qc_reason,11.44865823,0.824,21.9,115.0,False,False,13.446243239947197,217,False,not_selected_by_diagnostic_ranking
9006186,K02169.03,K02169,thin,multi,posterior_available,False,missing_qc_reason,4.27226421,0.744,13.7,277.0,False,False,13.4442740377091,218,False,not_selected_by_diagnostic_ranking
10460984,K00474.02,K00474,thin,multi,posterior_available,False,missing_qc_reason,28.9869016,0.842,31.5,47.0,False,False,13.442133140477937,219,False,not_selected_by_diagnostic_ranking
4857058,K03061.02,K03061,thin,multi,posterior_available,False,missing_qc_reason,77.915425,0.448,9.2,18.0,False,False,13.43082733791303,220,False,not_selected_by_diagnostic_ranking
10973664,K00601.03,K00601,thin,multi,posterior_available,False,missing_qc_reason,1.208462378,0.831,17.4,1039.0,False,False,13.41486903913269,221,False,not_selected_by_diagnostic_ranking
7870390,K00898.03,K00898,thin,multi,posterior_available,False,missing_qc_reason,20.09017037,0.886,36.9,63.0,False,False,13.41231356552939,222,False,not_selected_by_diagnostic_ranking
8167996,K01867.02,K01867,thin,multi,posterior_available,False,missing_qc_reason,13.96950181,0.901,37.0,89.0,False,False,13.357977626113506,223,False,not_selected_by_diagnostic_ranking
8773015,K04301.01,K04301,thin,multi,posterior_available,False,missing_qc_reason,15.604841,0.715,15.3,86.0,False,False,13.341427657683521,224,False,not_selected_by_diagnostic_ranking
9896018,K02579.02,K02579,thin,multi,posterior_available,False,missing_qc_reason,3.59645081,0.781,16.2,335.0,False,False,13.325398314707686,225,False,not_selected_by_diagnostic_ranking
12366084,K00787.02,K00787,thin,multi,posterior_available,False,missing_qc_reason,11.37936986,0.911,37.9,109.0,False,False,13.31653213675073,226,False,not_selected_by_diagnostic_ranking
9002538,K03196.02,K03196,thin,multi,posterior_available,False,missing_qc_reason,6.88297756,0.707,13.2,185.0,False,False,13.31003344772561,227,False,not_selected_by_diagnostic_ranking
10872983,K00756.03,K00756,thin,multi,posterior_available,False,missing_qc_reason,2.56658897,0.755,15.0,355.0,False,False,13.244722687377497,228,False,not_selected_by_diagnostic_ranking
4157325,K01860.04,K01860,thin,multi,posterior_available,False,missing_qc_reason,24.8434837,0.641,14.2,43.0,False,False,13.2424346276688,229,False,not_selected_by_diagnostic_ranking
9285265,K03410.02,K03410,thin,multi,posterior_available,False,missing_qc_reason,61.569765,0.486,10.9,19.0,False,False,13.211982666859445,230,False,not_selected_by_diagnostic_ranking
9892816,K01955.01,K01955,thin,multi,posterior_available,False,missing_qc_reason,15.17026921,0.917,45.4,90.0,False,False,13.192353439367084,231,False,not_selected_by_diagnostic_ranking
5689351,K00505.04,K00505,thin,multi,posterior_available,False,missing_qc_reason,8.34819209,0.799,22.1,114.0,False,False,13.180942109696865,232,False,not_selected_by_diagnostic_ranking
8490993,K00911.01,K00911,thin,multi,posterior_available,False,missing_qc_reason,4.093578461,0.93,36.4,328.0,False,False,13.167125351033212,233,False,not_selected_by_diagnostic_ranking
7765528,K01840.01,K01840,thin,multi,posterior_available,False,missing_qc_reason,7.03932913,0.956,48.6,187.0,False,False,13.160148976873364,234,False,not_selected_by_diagnostic_ranking
5113822,K00638.02,K00638,thin,multi,posterior_available,False,missing_qc_reason,67.0930642,0.822,73.7,15.0,False,False,13.13166879232477,235,False,not_selected_by_diagnostic_ranking
5791986,K00413.02,K00413,thin,multi,posterior_available,False,missing_qc_reason,24.67458244,0.817,31.9,52.0,False,False,13.09782164954563,236,False,not_selected_by_diagnostic_ranking
3758499,K05007.01,K05007,thin,multi,posterior_available,False,missing_qc_reason,14.5168151,0.607,11.7,72.0,False,False,13.095564764024441,237,False,not_selected_by_diagnostic_ranking
5709725,K00555.02,K00555,thin,multi,posterior_available,False,missing_qc_reason,86.4943704,0.741,42.6,15.0,False,False,13.056245962651088,238,False,not_selected_by_diagnostic_ranking
10004738,K01598.01,K01598,thin,multi,posterior_available,False,missing_qc_reason,56.4758069,0.862,70.0,24.0,False,False,13.051698670988102,239,False,not_selected_by_diagnostic_ranking
7673192,K02722.01,K02722,thin,multi,posterior_available,False,missing_qc_reason,6.12479773,0.79,20.1,217.0,False,False,13.039841600756835,240,False,not_selected_by_diagnostic_ranking
8247638,K00907.02,K00907,thin,multi,posterior_available,False,missing_qc_reason,30.1329298,0.839,44.8,37.0,False,False,13.022061396389557,241,False,not_selected_by_diagnostic_ranking
10055126,K01608.02,K01608,thin,multi,posterior_available,False,missing_qc_reason,19.7383992,0.732,20.3,63.0,False,False,13.018849192882177,242,False,not_selected_by_diagnostic_ranking
5184911,K02719.01,K02719,thin,multi,posterior_available,False,missing_qc_reason,4.11585514,0.807,20.8,319.0,False,False,13.015182607491,243,False,not_selected_by_diagnostic_ranking
6382217,K02036.02,K02036,thin,multi,posterior_available,False,missing_qc_reason,5.79529495,0.714,14.8,219.0,False,False,13.014489827499848,244,False,not_selected_by_diagnostic_ranking
6779260,K02678.01,K02678,thin,multi,posterior_available,False,missing_qc_reason,3.833087643,0.932,40.2,350.0,False,False,13.008923973207407,245,False,not_selected_by_diagnostic_ranking
6347299,K00661.01,K00661,thin,multi,posterior_available,False,missing_qc_reason,14.40090414,0.872,41.1,75.0,False,False,12.994373613770904,246,False,not_selected_by_diagnostic_ranking
3548044,K02194.01,K02194,thin,multi,posterior_available,False,missing_qc_reason,34.7630543,0.731,24.0,39.0,False,False,12.993764442689502,247,False,not_selected_by_diagnostic_ranking
7673192,K02722.05,K02722,thin,multi,posterior_available,False,missing_qc_reason,16.5340022,0.525,9.3,73.0,False,False,12.978669829800834,248,False,not_selected_by_diagnostic_ranking
1996180,K02534.01,K02534,thin,multi,posterior_available,False,missing_qc_reason,3.02558494,0.839,23.8,440.0,False,False,12.966331603076735,249,False,not_selected_by_diagnostic_ranking
11080405,K02442.01,K02442,thin,multi,posterior_available,False,missing_qc_reason,25.1933989,0.679,18.0,50.0,False,False,12.918258770283412,250,False,not_selected_by_diagnostic_ranking
4139816,K00812.04,K00812,thin,multi,posterior_available,False,missing_qc_reason,7.82502168,0.708,15.9,154.0,False,False,12.90152158978057,251,False,not_selected_by_diagnostic_ranking
10657406,K01837.01,K01837,thin,multi,posterior_available,False,missing_qc_reason,34.1732156,0.815,38.9,42.0,False,False,12.899710338595247,252,False,not_selected_by_diagnostic_ranking
1724719,K04212.02,K04212,thin,multi,posterior_available,False,missing_qc_reason,10.0989634,0.529,8.9,122.0,False,False,12.899372691965093,253,False,not_selected_by_diagnostic_ranking
8558011,K00577.01,K00577,thin,multi,posterior_available,False,missing_qc_reason,39.6766071,0.639,24.9,16.0,False,False,12.898024080281012,254,False,not_selected_by_diagnostic_ranking
6442340,K00664.02,K00664,thin,multi,posterior_available,False,missing_qc_reason,7.78199862,0.816,25.6,167.0,False,False,12.88667030774461,255,False,not_selected_by_diagnostic_ranking
10002866,K00723.03,K00723,thin,multi,posterior_available,False,missing_qc_reason,10.08881066,0.921,51.4,132.0,False,False,12.870030043036843,256,False,not_selected_by_diagnostic_ranking
7977197,K00459.02,K00459,thin,multi,posterior_available,False,missing_qc_reason,6.91986988,0.819,25.6,193.0,False,False,12.862662825959168,257,False,not_selected_by_diagnostic_ranking
8890924,K04269.01,K04269,thin,multi,posterior_available,False,missing_qc_reason,26.6565737,0.686,18.8,53.0,False,False,12.846261679631315,258,False,not_selected_by_diagnostic_ranking
10019643,K00471.01,K00471,thin,multi,posterior_available,False,missing_qc_reason,21.34736612,0.885,53.1,65.0,False,False,12.834970577867479,259,False,not_selected_by_diagnostic_ranking
8773015,K04301.02,K04301,thin,multi,posterior_available,False,missing_qc_reason,6.31915999,0.575,9.8,207.0,False,False,12.833813696856316,260,False,not_selected_by_diagnostic_ranking
11125613,K02485.01,K02485,thin,multi,posterior_available,False,missing_qc_reason,9.99115241,0.691,16.7,102.0,False,False,12.794235385300636,261,False,not_selected_by_diagnostic_ranking
8962094,K00700.01,K00700,thin,multi,posterior_available,False,missing_qc_reason,30.86436512,0.851,51.8,45.0,False,False,12.779562056883503,262,False,not_selected_by_diagnostic_ranking
9518318,K01978.01,K01978,thin,multi,posterior_available,False,missing_qc_reason,6.51112385,0.882,38.4,209.0,False,False,12.73920058570559,263,False,not_selected_by_diagnostic_ranking
1718189,K00993.02,K00993,thin,multi,posterior_available,False,missing_qc_reason,13.0607936,0.718,19.4,101.0,False,False,12.715803282074988,264,False,not_selected_by_diagnostic_ranking
9146018,K00584.03,K00584,thin,multi,posterior_available,False,missing_qc_reason,6.47027706,0.732,18.3,195.0,False,False,12.711360696161277,265,False,not_selected_by_diagnostic_ranking
8320630,K04846.02,K04846,thin,multi,posterior_available,False,missing_qc_reason,32.526674,0.472,9.7,42.0,False,False,12.684646490300274,266,False,not_selected_by_diagnostic_ranking
7202957,K02687.01,K02687,thin,multi,posterior_available,False,missing_qc_reason,1.716828304,0.7,14.2,782.0,False,False,12.665048194268829,267,False,not_selected_by_diagnostic_ranking
9517393,K02076.01,K02076,thin,multi,posterior_available,False,missing_qc_reason,56.7769831,0.703,33.6,21.0,False,False,12.662506699071693,268,False,not_selected_by_diagnostic_ranking
9489524,K02029.03,K02029,thin,multi,posterior_available,False,missing_qc_reason,6.8873113,0.489,8.1,189.0,False,False,12.644676656716374,269,False,not_selected_by_diagnostic_ranking
9579641,K00115.02,K00115,thin,multi,posterior_available,False,missing_qc_reason,7.12594387,0.898,47.1,181.0,False,False,12.637495409393406,270,False,not_selected_by_diagnostic_ranking
10552611,K00338.02,K00338,thin,multi,posterior_available,False,missing_qc_reason,3.10762684,0.7,15.6,329.0,False,False,12.615014681838305,271,False,not_selected_by_diagnostic_ranking
10285631,K00331.01,K00331,thin,multi,posterior_available,False,missing_qc_reason,18.68405716,0.858,54.2,59.0,False,False,12.598518234429045,272,False,not_selected_by_diagnostic_ranking
2307415,K02053.01,K02053,thin,multi,posterior_available,False,missing_qc_reason,13.12162167,0.807,32.7,97.0,False,False,12.582833249046965,273,False,not_selected_by_diagnostic_ranking
11135694,K04896.02,K04896,thin,multi,posterior_available,False,missing_qc_reason,49.537365,0.435,10.1,27.0,False,False,12.567668652574278,274,False,not_selected_by_diagnostic_ranking
5511659,K04541.01,K04541,thin,multi,posterior_available,False,missing_qc_reason,8.5291223,0.606,12.8,120.0,False,False,12.563040872924752,275,False,not_selected_by_diagnostic_ranking
8395660,K00116.02,K00116,thin,multi,posterior_available,False,missing_qc_reason,43.84439721,0.852,83.7,29.0,False,False,12.56303950105036,276,False,not_selected_by_diagnostic_ranking
10253547,K02153.02,K02153,thin,multi,posterior_available,False,missing_qc_reason,25.7457957,0.661,19.3,52.0,False,False,12.549265026622926,277,False,not_selected_by_diagnostic_ranking
2438513,K01944.01,K01944,thin,multi,posterior_available,False,missing_qc_reason,12.18420006,0.746,23.3,113.0,False,False,12.544074820708804,278,False,not_selected_by_diagnostic_ranking
7515212,K00679.01,K00679,thin,multi,posterior_available,False,missing_qc_reason,31.80475991,0.87,73.4,44.0,False,False,12.541992689167172,279,False,not_selected_by_diagnostic_ranking
6422155,K00510.02,K00510,thin,multi,posterior_available,False,missing_qc_reason,6.38899658,0.876,45.8,150.0,False,False,12.531767203755434,280,False,not_selected_by_diagnostic_ranking
3240158,K01106.02,K01106,thin,multi,posterior_available,False,missing_qc_reason,15.9868932,0.533,10.9,79.0,False,False,12.512913229079851,281,False,not_selected_by_diagnostic_ranking
7604328,K02458.01,K02458,thin,multi,posterior_available,False,missing_qc_reason,4.35407371,0.734,19.0,297.0,False,False,12.508573530596895,282,False,not_selected_by_diagnostic_ranking
11288051,K00241.01,K00241,thin,multi,posterior_available,False,missing_qc_reason,13.82142084,0.904,75.3,76.0,False,False,12.491874754337314,283,False,not_selected_by_diagnostic_ranking
4644952,K01805.01,K01805,thin,multi,posterior_available,False,missing_qc_reason,6.94135824,0.871,43.1,189.0,False,False,12.483824069480196,284,False,not_selected_by_diagnostic_ranking
8505670,K00912.02,K00912,thin,multi,posterior_available,False,missing_qc_reason,6.66833241,0.644,14.2,192.0,False,False,12.469136760829784,285,False,not_selected_by_diagnostic_ranking
8644365,K03384.02,K03384,thin,multi,posterior_available,False,missing_qc_reason,19.9158863,0.748,28.3,68.0,False,False,12.452236027166226,286,False,not_selected_by_diagnostic_ranking
6936909,K01363.02,K01363,thin,multi,posterior_available,False,missing_qc_reason,5.70070626,0.664,15.2,221.0,False,False,12.442564554422084,287,False,not_selected_by_diagnostic_ranking
5942808,K02250.01,K02250,thin,multi,posterior_available,False,missing_qc_reason,2.935362067,0.86,38.0,281.0,False,False,12.440978408887144,288,False,not_selected_by_diagnostic_ranking
9963524,K00720.02,K00720,thin,multi,posterior_available,False,missing_qc_reason,10.04157214,0.768,28.1,104.0,False,False,12.433494065213644,289,False,not_selected_by_diagnostic_ranking
8395660,K00116.03,K00116,thin,multi,posterior_available,False,missing_qc_reason,6.164876,0.646,14.4,207.0,False,False,12.425510813804214,290,False,not_selected_by_diagnostic_ranking
9962455,K02748.02,K02748,thin,multi,posterior_available,False,missing_qc_reason,5.77721259,0.692,17.7,178.0,False,False,12.423358574411147,291,False,not_selected_by_diagnostic_ranking
10337517,K01165.01,K01165,thin,multi,posterior_available,False,missing_qc_reason,7.053934488,0.899,56.3,190.0,False,False,12.380958521130127,292,False,not_selected_by_diagnostic_ranking
8150320,K00904.05,K00904,thin,multi,posterior_available,False,missing_qc_reason,10.19849255,0.714,21.4,119.0,False,False,12.380075508699381,293,False,not_selected_by_diagnostic_ranking
3218908,K01108.01,K01108,thin,multi,posterior_available,False,missing_qc_reason,18.92537246,0.806,41.0,72.0,False,False,12.3619865397497,294,False,not_selected_by_diagnostic_ranking
3661886,K02279.02,K02279,thin,multi,posterior_available,False,missing_qc_reason,12.50945798,0.626,16.0,83.0,False,False,12.357642599896904,295,False,not_selected_by_diagnostic_ranking
5966154,K00655.01,K00655,thin,multi,posterior_available,False,missing_qc_reason,25.6721559,0.867,78.4,50.0,False,False,12.342983319636222,296,False,not_selected_by_diagnostic_ranking
8494142,K00370.02,K00370,thin,multi,posterior_available,False,missing_qc_reason,22.95062278,0.748,32.9,56.0,False,False,12.303146428334156,297,False,not_selected_by_diagnostic_ranking
5689351,K00505.01,K00505,thin,multi,posterior_available,False,missing_qc_reason,13.76710058,0.806,41.6,77.0,False,False,12.300474129326592,298,False,not_selected_by_diagnostic_ranking
4142847,K02210.01,K02210,thin,multi,posterior_available,False,missing_qc_reason,2.888904439,0.77,23.7,457.0,False,False,12.276020419813793,299,False,not_selected_by_diagnostic_ranking
8410727,K01148.01,K01148,thin,multi,posterior_available,False,missing_qc_reason,11.47609015,0.755,27.7,120.0,False,False,12.262927930457808,300,False,not_selected_by_diagnostic_ranking
9590976,K00710.02,K00710,thin,multi,posterior_available,False,missing_qc_reason,8.58600968,0.728,23.2,149.0,False,False,12.251505913206039,301,False,not_selected_by_diagnostic_ranking
6587002,K00612.01,K00612,thin,multi,posterior_available,False,missing_qc_reason,20.73989406,0.777,44.2,47.0,False,False,12.23693410295988,302,False,not_selected_by_diagnostic_ranking
8733898,K02842.02,K02842,thin,multi,posterior_available,False,missing_qc_reason,5.14892346,0.719,25.4,88.0,False,False,12.224382532440776,303,False,not_selected_by_diagnostic_ranking
1718189,K00993.01,K00993,thin,multi,posterior_available,False,missing_qc_reason,21.85362905,0.676,23.0,60.0,False,False,12.221282729877302,304,False,not_selected_by_diagnostic_ranking
8958939,K07117.02,K07117,thin,multi,posterior_available,False,missing_qc_reason,22.786522,0.3817,7.9,61.0,False,False,12.21304946897716,305,False,not_selected_by_diagnostic_ranking
11122894,K01426.02,K01426,thin,multi,posterior_available,False,missing_qc_reason,74.92768653,0.796,161.5,14.0,False,False,12.206391369853511,306,False,not_selected_by_diagnostic_ranking
9973109,K02018.01,K02018,thin,multi,posterior_available,False,missing_qc_reason,27.495634,0.664,24.7,43.0,False,False,12.189203886253717,307,False,not_selected_by_diagnostic_ranking
3642289,K00301.01,K00301,thin,multi,posterior_available,False,missing_qc_reason,6.002548291,0.914,71.6,223.0,False,False,12.173246826417753,308,False,not_selected_by_diagnostic_ranking
6026438,K02045.01,K02045,thin,multi,posterior_available,False,missing_qc_reason,5.47665801,0.788,32.1,188.0,False,False,12.139347505580512,309,False,not_selected_by_diagnostic_ranking
5438757,K01601.01,K01601,thin,multi,posterior_available,False,missing_qc_reason,10.35078415,0.79,36.5,131.0,False,False,12.08412761107051,310,False,not_selected_by_diagnostic_ranking
7831264,K00171.02,K00171,thin,multi,posterior_available,False,missing_qc_reason,13.07141889,0.751,32.0,98.0,False,False,12.055686450484949,311,False,not_selected_by_diagnostic_ranking
8008067,K00316.03,K00316,thin,multi,posterior_available,False,missing_qc_reason,7.305706326,0.826,43.6,173.0,False,False,12.04919858534662,312,False,not_selected_by_diagnostic_ranking
8581240,K03111.01,K03111,thin,multi,posterior_available,False,missing_qc_reason,10.76800074,0.583,14.2,122.0,False,False,12.042806384767937,313,False,not_selected_by_diagnostic_ranking
6442340,K00664.01,K00664,thin,multi,posterior_available,False,missing_qc_reason,13.13747785,0.8,43.1,101.0,False,False,12.041468292236877,314,False,not_selected_by_diagnostic_ranking
8827575,K03052.01,K03052,thin,multi,posterior_available,False,missing_qc_reason,10.12956201,0.544,12.2,132.0,False,False,12.036371622917171,315,False,not_selected_by_diagnostic_ranking
12058204,K02218.02,K02218,thin,multi,posterior_available,False,missing_qc_reason,16.7261969,0.496,11.6,76.0,False,False,11.979280864499843,316,False,not_selected_by_diagnostic_ranking
8962094,K00700.02,K00700,thin,multi,posterior_available,False,missing_qc_reason,9.36059705,0.802,42.0,136.0,False,False,11.963559924954382,317,False,not_selected_by_diagnostic_ranking
2716801,K03053.01,K03053,thin,multi,posterior_available,False,missing_qc_reason,42.5217006,0.495,14.7,31.0,False,False,11.96245832984076,318,False,not_selected_by_diagnostic_ranking
6026438,K02045.03,K02045,thin,multi,posterior_available,False,missing_qc_reason,16.9348104,0.471,11.5,57.0,False,False,11.932210603260929,319,False,not_selected_by_diagnostic_ranking
8613535,K02263.03,K02263,thin,multi,posterior_available,False,missing_qc_reason,15.5943758,0.5,11.9,81.0,False,False,11.908821467635594,320,False,not_selected_by_diagnostic_ranking
8630788,K01258.01,K01258,thin,multi,posterior_available,False,missing_qc_reason,36.33750453,0.825,96.8,38.0,False,False,11.90500328176198,321,False,not_selected_by_diagnostic_ranking
9963524,K00720.04,K00720,thin,multi,posterior_available,False,missing_qc_reason,2.79590004,0.638,16.3,351.0,False,False,11.867534558864325,322,False,not_selected_by_diagnostic_ranking
10460984,K00474.01,K00474,thin,multi,posterior_available,False,missing_qc_reason,10.94577783,0.819,52.5,122.0,False,False,11.855619697794602,323,False,not_selected_by_diagnostic_ranking
6029239,K00304.02,K00304,thin,multi,posterior_available,False,missing_qc_reason,5.518195,0.243,5.2,234.0,False,False,11.854300643530904,324,False,not_selected_by_diagnostic_ranking
4644952,K01805.03,K01805,thin,multi,posterior_available,False,missing_qc_reason,4.36273233,0.732,25.6,296.0,False,False,11.854085268929571,325,False,not_selected_by_diagnostic_ranking
9351316,K02078.01,K02078,thin,multi,posterior_available,False,missing_qc_reason,18.78429232,0.658,23.8,73.0,False,False,11.850011780415244,326,False,not_selected_by_diagnostic_ranking
6587002,K00612.02,K00612,thin,multi,posterior_available,False,missing_qc_reason,47.4277116,0.678,49.9,20.0,False,False,11.847327779094877,327,False,not_selected_by_diagnostic_ranking
9884104,K00718.02,K00718,thin,multi,posterior_available,False,missing_qc_reason,22.71443351,0.816,74.4,55.0,False,False,11.827094203727325,328,False,not_selected_by_diagnostic_ranking
11618601,K03022.02,K03022,thin,multi,posterior_available,False,missing_qc_reason,5.05368985,0.53,11.5,255.0,False,False,11.823902537281034,329,False,not_selected_by_diagnostic_ranking
11135694,K04896.01,K04896,thin,multi,posterior_available,False,missing_qc_reason,19.5945772,0.389,8.8,71.0,False,False,11.818780282826275,330,False,not_selected_by_diagnostic_ranking
9093086,K06191.02,K06191,thin,multi,posterior_available,False,missing_qc_reason,12.7713826,0.374,8.0,99.0,False,False,11.816105627124687,331,False,not_selected_by_diagnostic_ranking
4157325,K01860.02,K01860,thin,multi,posterior_available,False,missing_qc_reason,12.20951755,0.779,45.5,90.0,False,False,11.809089820033865,332,False,not_selected_by_diagnostic_ranking
4478168,K00626.02,K00626,thin,multi,posterior_available,False,missing_qc_reason,8.0292018,0.51,11.7,135.0,False,False,11.80771642787073,333,False,not_selected_by_diagnostic_ranking
9967009,K03462.02,K03462,thin,multi,posterior_available,False,missing_qc_reason,30.9902997,0.397,10.7,34.0,False,False,11.799164256582518,334,False,not_selected_by_diagnostic_ranking
10797460,K00752.02,K00752,thin,multi,posterior_available,False,missing_qc_reason,54.4183827,0.586,25.8,25.0,False,False,11.797496154790789,335,False,not_selected_by_diagnostic_ranking
9146018,K00584.02,K00584,thin,multi,posterior_available,False,missing_qc_reason,21.22349325,0.794,60.2,62.0,False,False,11.787697581134243,336,False,not_selected_by_diagnostic_ranking
9947653,K04647.01,K04647,thin,multi,posterior_available,False,missing_qc_reason,37.9043889,0.473,13.9,35.0,False,False,11.784726317315233,337,False,not_selected_by_diagnostic_ranking
8395660,K00116.01,K00116,thin,multi,posterior_available,False,missing_qc_reason,13.57078281,0.866,88.4,101.0,False,False,11.782215339267575,338,False,not_selected_by_diagnostic_ranking
2989404,K01824.02,K01824,thin,multi,posterior_available,False,missing_qc_reason,1.6783263,0.91,76.1,727.0,False,False,11.763528983266484,339,False,not_selected_by_diagnostic_ranking
3758499,K05007.02,K05007,thin,multi,posterior_available,False,missing_qc_reason,80.881757,0.335,12.2,14.0,False,False,11.748595762262926,340,False,not_selected_by_diagnostic_ranking
9466668,K00939.04,K00939,thin,multi,posterior_available,False,missing_qc_reason,10.6816951,0.646,21.9,100.0,False,False,11.733738431706882,341,False,not_selected_by_diagnostic_ranking
6428700,K00853.01,K00853,thin,multi,posterior_available,False,missing_qc_reason,8.20396958,0.823,54.4,162.0,False,False,11.72730492405159,342,False,not_selected_by_diagnostic_ranking
4349442,K01803.01,K01803,thin,multi,posterior_available,False,missing_qc_reason,4.539297295,0.83,50.3,290.0,False,False,11.707200056730949,343,False,not_selected_by_diagnostic_ranking
6467363,K02840.02,K02840,thin,multi,posterior_available,False,missing_qc_reason,7.4464635,0.531,12.7,165.0,False,False,11.700634276824662,344,False,not_selected_by_diagnostic_ranking
3240158,K01106.03,K01106,thin,multi,posterior_available,False,missing_qc_reason,13.2298203,0.435,10.0,99.0,False,False,11.67959313559597,345,False,not_selected_by_diagnostic_ranking
7102227,K01360.02,K01360,thin,multi,posterior_available,False,missing_qc_reason,14.58932429,0.694,29.3,94.0,False,False,11.666265915944624,346,False,not_selected_by_diagnostic_ranking
8226050,K01910.01,K01910,thin,multi,posterior_available,False,missing_qc_reason,34.2685741,0.677,38.2,37.0,False,False,11.649913881506443,347,False,not_selected_by_diagnostic_ranking
3338885,K01845.01,K01845,thin,multi,posterior_available,False,missing_qc_reason,1.970340203,0.859,56.3,675.0,False,False,11.640382450479867,348,False,not_selected_by_diagnostic_ranking
12061969,K02061.01,K02061,thin,multi,posterior_available,False,missing_qc_reason,14.092583189,0.586,17.8,94.0,False,False,11.631875877658564,349,False,not_selected_by_diagnostic_ranking
4367854,K02876.01,K02876,thin,multi,posterior_available,False,missing_qc_reason,5.1952021,0.604,17.7,156.0,False,False,11.594467654440718,350,False,not_selected_by_diagnostic_ranking
5219234,K01563.01,K01563,thin,multi,posterior_available,False,missing_qc_reason,5.48711441,0.812,51.9,207.0,False,False,11.591219708410348,351,False,not_selected_by_diagnostic_ranking
9475552,K02694.02,K02694,thin,multi,posterior_available,False,missing_qc_reason,6.56606941,0.687,25.8,170.0,False,False,11.57446114363816,352,False,not_selected_by_diagnostic_ranking
3967760,K01760.02,K01760,thin,multi,posterior_available,False,missing_qc_reason,8.77514782,0.504,12.7,119.0,False,False,11.568833829691348,353,False,not_selected_by_diagnostic_ranking
10271806,K00733.01,K00733,thin,multi,posterior_available,False,missing_qc_reason,5.924993927,0.848,68.5,226.0,False,False,11.561678478558447,354,False,not_selected_by_diagnostic_ranking
6422155,K00510.01,K00510,thin,multi,posterior_available,False,missing_qc_reason,2.940304817,0.825,51.8,353.0,False,False,11.561096367295992,355,False,not_selected_by_diagnostic_ranking
6716545,K02906.03,K02906,thin,multi,posterior_available,False,missing_qc_reason,21.9424316,0.413,10.7,58.0,False,False,11.557242733754656,356,False,not_selected_by_diagnostic_ranking
7977197,K00459.01,K00459,thin,multi,posterior_available,False,missing_qc_reason,19.44639139,0.813,82.4,67.0,False,False,11.55495768975921,357,False,not_selected_by_diagnostic_ranking
2307415,K02053.02,K02053,thin,multi,posterior_available,False,missing_qc_reason,4.6126736,0.755,34.3,293.0,False,False,11.54914512164954,358,False,not_selected_by_diagnostic_ranking
9489524,K02029.04,K02029,thin,multi,posterior_available,False,missing_qc_reason,4.78850084,0.343,7.2,251.0,False,False,11.514754328097101,359,False,not_selected_by_diagnostic_ranking
8890150,K02650.02,K02650,thin,multi,posterior_available,False,missing_qc_reason,7.05429483,0.48,11.2,188.0,False,False,11.505468004161441,360,False,not_selected_by_diagnostic_ranking
5219234,K01563.04,K01563,thin,multi,posterior_available,False,missing_qc_reason,16.73869035,0.578,20.4,60.0,False,False,11.499068876436281,361,False,not_selected_by_diagnostic_ranking
5689351,K00505.03,K00505,thin,multi,posterior_available,False,missing_qc_reason,3.25058201,0.684,24.0,309.0,False,False,11.491363028627205,362,False,not_selected_by_diagnostic_ranking
2165002,K00999.02,K00999,thin,multi,posterior_available,False,missing_qc_reason,47.3329299,0.43,14.0,30.0,False,False,11.470966696599042,363,False,not_selected_by_diagnostic_ranking
9451706,K00271.03,K00271,thin,multi,posterior_available,False,missing_qc_reason,14.4359459,0.613,22.0,90.0,False,False,11.448106880501669,364,False,not_selected_by_diagnostic_ranking
10872983,K00756.02,K00756,thin,multi,posterior_available,False,missing_qc_reason,4.13443512,0.762,40.2,240.0,False,False,11.419898713750461,365,False,not_selected_by_diagnostic_ranking
8689373,K00921.03,K00921,thin,multi,posterior_available,False,missing_qc_reason,3.78402867,0.691,25.6,330.0,False,False,11.413328957773654,366,False,not_selected_by_diagnostic_ranking
8616637,K00579.02,K00579,thin,multi,posterior_available,False,missing_qc_reason,3.763041531,0.76,37.9,325.0,False,False,11.403406047754808,367,False,not_selected_by_diagnostic_ranking
6026438,K02045.02,K02045,thin,multi,posterior_available,False,missing_qc_reason,24.2101973,0.45,14.1,41.0,False,False,11.387974031799137,368,False,not_selected_by_diagnostic_ranking
10843590,K00431.02,K00431,thin,multi,posterior_available,False,missing_qc_reason,46.9026431,0.645,40.6,31.0,False,False,11.384877123139471,369,False,not_selected_by_diagnostic_ranking
9636135,K01498.01,K01498,thin,multi,posterior_available,False,missing_qc_reason,5.83376197,0.742,36.6,234.0,False,False,11.379618474997043,370,False,not_selected_by_diagnostic_ranking
9006186,K02169.02,K02169,thin,multi,posterior_available,False,missing_qc_reason,3.26662733,0.623,18.6,393.0,False,False,11.371822229907002,371,False,not_selected_by_diagnostic_ranking
7289338,K03420.02,K03420,thin,multi,posterior_available,False,missing_qc_reason,12.5014905,0.43,10.8,107.0,False,False,11.35254268354751,372,False,not_selected_by_diagnostic_ranking
6948054,K00869.03,K00869,thin,multi,posterior_available,False,missing_qc_reason,17.46087931,0.594,22.6,69.0,False,False,11.350890149974404,373,False,not_selected_by_diagnostic_ranking
7106173,K03083.01,K03083,thin,multi,posterior_available,False,missing_qc_reason,10.18318233,0.449,11.2,130.0,False,False,11.343201065978997,374,False,not_selected_by_diagnostic_ranking
5794570,K02675.02,K02675,thin,multi,posterior_available,False,missing_qc_reason,1.116127169,0.648,19.2,1137.0,False,False,11.340919558806682,375,False,not_selected_by_diagnostic_ranking
8037145,K00520.02,K00520,thin,multi,posterior_available,False,missing_qc_reason,5.433132902,0.72,33.1,232.0,False,False,11.332822161553603,376,False,not_selected_by_diagnostic_ranking
4157325,K01860.03,K01860,thin,multi,posterior_available,False,missing_qc_reason,3.07644709,0.708,29.3,337.0,False,False,11.319579380388674,377,False,not_selected_by_diagnostic_ranking
7663405,K01519.02,K01519,thin,multi,posterior_available,False,missing_qc_reason,57.132855,0.32,11.0,23.0,False,False,11.31537103212602,378,False,not_selected_by_diagnostic_ranking
5791986,K00413.01,K00413,thin,multi,posterior_available,False,missing_qc_reason,15.22895514,0.777,63.8,93.0,False,False,11.310867123911098,379,False,not_selected_by_diagnostic_ranking
5792202,K00841.02,K00841,thin,multi,posterior_available,False,missing_qc_reason,31.33046135,0.798,117.2,46.0,False,False,11.301841896391888,380,False,not_selected_by_diagnostic_ranking
2438264,K00440.02,K00440,thin,multi,posterior_available,False,missing_qc_reason,4.973455252,0.817,65.4,258.0,False,False,11.26566964051218,381,False,not_selected_by_diagnostic_ranking
12206313,K02714.01,K02714,thin,multi,posterior_available,False,missing_qc_reason,14.3832267,0.7,39.0,89.0,False,False,11.262560956108103,382,False,not_selected_by_diagnostic_ranking
5003670,K04524.02,K04524,thin,multi,posterior_available,False,missing_qc_reason,4.52628739,0.5,12.5,291.0,False,False,11.24306463125293,383,False,not_selected_by_diagnostic_ranking
12061969,K02061.02,K02061,thin,multi,posterior_available,False,missing_qc_reason,1.090011003,0.531,12.6,1167.0,False,False,11.237089904746044,384,False,not_selected_by_diagnostic_ranking
7419318,K00313.01,K00313,thin,multi,posterior_available,False,missing_qc_reason,18.73577127,0.785,81.8,73.0,False,False,11.231740382395538,385,False,not_selected_by_diagnostic_ranking
10657406,K01837.02,K01837,thin,multi,posterior_available,False,missing_qc_reason,1.682934607,0.681,24.5,788.0,False,False,11.206845428148391,386,False,not_selected_by_diagnostic_ranking
5880320,K01060.02,K01060,thin,multi,posterior_available,False,missing_qc_reason,4.75796103,0.621,20.9,271.0,False,False,11.192243131828858,387,False,not_selected_by_diagnostic_ranking
10136549,K01929.01,K01929,thin,multi,posterior_available,False,missing_qc_reason,9.69315023,0.734,45.1,140.0,False,False,11.163271042379215,388,False,not_selected_by_diagnostic_ranking
5792202,K00841.03,K00841,thin,multi,posterior_available,False,missing_qc_reason,6.54626149,0.644,24.8,200.0,False,False,11.163203425699043,389,False,not_selected_by_diagnostic_ranking
10002866,K00723.01,K00723,thin,multi,posterior_available,False,missing_qc_reason,3.936993144,0.801,59.3,331.0,False,False,11.156833292820167,390,False,not_selected_by_diagnostic_ranking
5689351,K00505.02,K00505,thin,multi,posterior_available,False,missing_qc_reason,6.1954595,0.647,27.1,144.0,False,False,11.145227085309827,391,False,not_selected_by_diagnostic_ranking
3230805,K03068.02,K03068,thin,multi,posterior_available,False,missing_qc_reason,6.65171459,0.408,10.0,191.0,False,False,11.12812992562918,392,False,not_selected_by_diagnostic_ranking
6616218,K01692.02,K01692,thin,multi,posterior_available,False,missing_qc_reason,2.46106962,0.575,18.0,242.0,False,False,11.106869554443541,393,False,not_selected_by_diagnostic_ranking
8962094,K00700.04,K00700,thin,multi,posterior_available,False,missing_qc_reason,68.1609897,0.459,25.0,16.0,False,False,11.09,394,False,not_selected_by_diagnostic_ranking
9757613,K00250.02,K00250,thin,multi,posterior_available,False,missing_qc_reason,17.25121397,0.749,68.6,73.0,False,False,11.07513791404278,395,False,not_selected_by_diagnostic_ranking
5177859,K04246.01,K04246,thin,multi,posterior_available,False,missing_qc_reason,6.98472143,0.451,11.7,196.0,False,False,11.071339176332573,396,False,not_selected_by_diagnostic_ranking
4157325,K01860.01,K01860,thin,multi,posterior_available,False,missing_qc_reason,6.31943553,0.775,61.0,182.0,False,False,11.05198691531902,397,False,not_selected_by_diagnostic_ranking
9602613,K02612.02,K02612,thin,multi,posterior_available,False,missing_qc_reason,7.57299816,0.411,10.9,128.0,False,False,11.05170880463701,398,False,not_selected_by_diagnostic_ranking
3218908,K01108.03,K01108,thin,multi,posterior_available,False,missing_qc_reason,4.15246118,0.639,24.5,270.0,False,False,11.03919079765903,399,False,not_selected_by_diagnostic_ranking
10337517,K01165.02,K01165,thin,multi,posterior_available,False,missing_qc_reason,4.29263699,0.454,11.4,302.0,False,False,11.03892411523936,400,False,not_selected_by_diagnostic_ranking
9896018,K02579.03,K02579,thin,multi,posterior_available,False,missing_qc_reason,10.30148508,0.445,12.6,112.0,False,False,11.02927288071318,401,False,not_selected_by_diagnostic_ranking
7440748,K00457.02,K00457,thin,multi,posterior_available,False,missing_qc_reason,7.064252021,0.752,52.5,185.0,False,False,11.015476859463226,402,False,not_selected_by_diagnostic_ranking
4385148,K02942.02,K02942,thin,multi,posterior_available,False,missing_qc_reason,24.2758992,0.441,17.0,33.0,False,False,11.001489060283639,403,False,not_selected_by_diagnostic_ranking
5709725,K00555.01,K00555,thin,multi,posterior_available,False,missing_qc_reason,3.701765401,0.713,35.9,359.0,False,False,10.995752444374883,404,False,not_selected_by_diagnostic_ranking
9884104,K00718.01,K00718,thin,multi,posterior_available,False,missing_qc_reason,4.585466941,0.823,84.8,297.0,False,False,10.982120067001008,405,False,not_selected_by_diagnostic_ranking
7673192,K02722.02,K02722,thin,multi,posterior_available,False,missing_qc_reason,11.24284815,0.52,17.4,103.0,False,False,10.979962293018136,406,False,not_selected_by_diagnostic_ranking
3247268,K01089.02,K01089,thin,multi,posterior_available,False,missing_qc_reason,12.21828097,0.778,90.1,84.0,False,False,10.978104319119456,407,False,not_selected_by_diagnostic_ranking
9636135,K01498.02,K01498,thin,multi,posterior_available,False,missing_qc_reason,2.42150341,0.55,15.8,511.0,False,False,10.973920009470085,408,False,not_selected_by_diagnostic_ranking
5792202,K00841.01,K00841,thin,multi,posterior_available,False,missing_qc_reason,15.33528675,0.773,86.6,85.0,False,False,10.963823674614176,409,False,not_selected_by_diagnostic_ranking
11709244,K01832.01,K01832,thin,multi,posterior_available,False,missing_qc_reason,4.544436472,0.731,42.5,299.0,False,False,10.956174887355722,410,False,not_selected_by_diagnostic_ranking
7509886,K00678.01,K00678,thin,multi,posterior_available,False,missing_qc_reason,6.0404622,0.508,14.9,213.0,False,False,10.946466311335929,411,False,not_selected_by_diagnostic_ranking
5177859,K04246.02,K04246,thin,multi,posterior_available,False,missing_qc_reason,8.75630628,0.371,9.8,150.0,False,False,10.915262230927127,412,False,not_selected_by_diagnostic_ranking
9886361,K02732.04,K02732,thin,multi,posterior_available,False,missing_qc_reason,24.5607107,0.374,14.9,26.0,False,False,10.882438952890237,413,False,not_selected_by_diagnostic_ranking
8150320,K00904.04,K00904,thin,multi,posterior_available,False,missing_qc_reason,4.617490562,0.649,28.1,272.0,False,False,10.869252452113557,414,False,not_selected_by_diagnostic_ranking
8022489,K02674.02,K02674,thin,multi,posterior_available,False,missing_qc_reason,11.1726723,0.504,17.0,108.0,False,False,10.852962949376037,415,False,not_selected_by_diagnostic_ranking
10489206,K00251.02,K00251,thin,multi,posterior_available,False,missing_qc_reason,5.77440326,0.425,11.8,176.0,False,False,10.826003458840228,416,False,not_selected_by_diagnostic_ranking
3656121,K00386.02,K00386,thin,multi,posterior_available,False,missing_qc_reason,76.7324556,0.462,34.3,13.0,False,False,10.8084398649387,417,False,not_selected_by_diagnostic_ranking
12066335,K00784.02,K00784,thin,multi,posterior_available,False,missing_qc_reason,10.06524317,0.628,30.3,126.0,False,False,10.804232903938546,418,False,not_selected_by_diagnostic_ranking
8827575,K03052.02,K03052,thin,multi,posterior_available,False,missing_qc_reason,15.6112238,0.468,15.7,87.0,False,False,10.799657186088483,419,False,not_selected_by_diagnostic_ranking
5094751,K00123.01,K00123,thin,multi,posterior_available,False,missing_qc_reason,6.481633073,0.833,125.6,214.0,False,False,10.798162452645288,420,False,not_selected_by_diagnostic_ranking
9836563,K04421.02,K04421,thin,multi,posterior_available,False,missing_qc_reason,6.5595368,0.378,10.1,192.0,False,False,10.794855591762559,421,False,not_selected_by_diagnostic_ranking
6525946,K02093.01,K02093,thin,multi,posterior_available,False,missing_qc_reason,6.78341325,0.665,35.3,168.0,False,False,10.787737889190165,422,False,not_selected_by_diagnostic_ranking
7106173,K03083.02,K03083,thin,multi,posterior_available,False,missing_qc_reason,6.2321233,0.32,8.5,199.0,False,False,10.768824610708688,423,False,not_selected_by_diagnostic_ranking
6616218,K01692.01,K01692,thin,multi,posterior_available,False,missing_qc_reason,5.960400011,0.8,126.1,104.0,False,False,10.761615668697079,424,False,not_selected_by_diagnostic_ranking
11037335,K01435.01,K01435,thin,multi,posterior_available,False,missing_qc_reason,40.7150498,0.638,56.4,34.0,False,False,10.758104057881624,425,False,not_selected_by_diagnostic_ranking
6936909,K01363.01,K01363,thin,multi,posterior_available,False,missing_qc_reason,3.546531809,0.633,26.4,374.0,False,False,10.739582410802635,426,False,not_selected_by_diagnostic_ranking
7289317,K02450.01,K02450,thin,multi,posterior_available,False,missing_qc_reason,16.83203175,0.533,21.6,82.0,False,False,10.73763008986782,427,False,not_selected_by_diagnostic_ranking
10864531,K02080.01,K02080,thin,multi,posterior_available,False,missing_qc_reason,83.4887405,0.42,24.7,16.0,False,False,10.724218182927668,428,False,not_selected_by_diagnostic_ranking
7747425,K01952.02,K01952,thin,multi,posterior_available,False,missing_qc_reason,27.6666375,0.519,24.4,46.0,False,False,10.713301212443552,429,False,not_selected_by_diagnostic_ranking
7175184,K00369.01,K00369,thin,multi,posterior_available,False,missing_qc_reason,5.88527364,0.622,27.4,225.0,False,False,10.707470266171017,430,False,not_selected_by_diagnostic_ranking
11176127,K01430.01,K01430,thin,multi,posterior_available,False,missing_qc_reason,10.47548084,0.664,40.3,129.0,False,False,10.670936315378505,431,False,not_selected_by_diagnostic_ranking
8962094,K00700.03,K00700,thin,multi,posterior_available,False,missing_qc_reason,14.6672293,0.596,30.5,86.0,False,False,10.659757573735124,432,False,not_selected_by_diagnostic_ranking
7175184,K00369.02,K00369,thin,multi,posterior_available,False,missing_qc_reason,10.10463142,0.571,24.1,132.0,False,False,10.65439249841204,433,False,not_selected_by_diagnostic_ranking
10916600,K02623.01,K02623,thin,multi,posterior_available,False,missing_qc_reason,5.57654782,0.45,13.2,239.0,False,False,10.651665052984955,434,False,not_selected_by_diagnostic_ranking
6705026,K03374.02,K03374,thin,multi,posterior_available,False,missing_qc_reason,34.1086562,0.318,11.7,40.0,False,False,10.60819229213105,435,False,not_selected_by_diagnostic_ranking
8950568,K02038.02,K02038,thin,multi,posterior_available,False,missing_qc_reason,12.51353325,0.596,30.0,103.0,False,False,10.5968129948654,436,False,not_selected_by_diagnostic_ranking
11069176,K02007.02,K02007,thin,multi,posterior_available,False,missing_qc_reason,21.1285655,0.36,12.5,58.0,False,False,10.569918578089604,437,False,not_selected_by_diagnostic_ranking
4478168,K00626.01,K00626,thin,multi,posterior_available,False,missing_qc_reason,14.58649856,0.665,53.0,74.0,False,False,10.559687666411975,438,False,not_selected_by_diagnostic_ranking
10157458,K01083.02,K01083,thin,multi,posterior_available,False,missing_qc_reason,4.57797412,0.343,9.6,227.0,False,False,10.548695555279,439,False,not_selected_by_diagnostic_ranking
10552611,K00338.01,K00338,thin,multi,posterior_available,False,missing_qc_reason,7.0106324,0.683,48.7,147.0,False,False,10.520715679518775,440,False,not_selected_by_diagnostic_ranking
6436029,K02828.01,K02828,thin,multi,posterior_available,False,missing_qc_reason,59.4969009,0.406,23.2,19.0,False,False,10.506431331392616,441,False,not_selected_by_diagnostic_ranking
12266636,K01522.01,K01522,thin,multi,posterior_available,False,missing_qc_reason,33.3856176,0.562,37.1,39.0,False,False,10.504827054566464,442,False,not_selected_by_diagnostic_ranking
7908367,K06166.01,K06166,thin,multi,posterior_available,False,missing_qc_reason,12.2064304,0.104,16.2,5.0,False,False,10.481175904999112,443,False,not_selected_by_diagnostic_ranking
9839821,K02012.01,K02012,thin,multi,posterior_available,False,missing_qc_reason,34.8536903,0.493,27.0,35.0,False,False,10.469310304054538,444,False,not_selected_by_diagnostic_ranking
11090556,K02977.02,K02977,thin,multi,posterior_available,False,missing_qc_reason,4.13827684,0.499,16.8,289.0,False,False,10.457735658860313,445,False,not_selected_by_diagnostic_ranking
8013439,K02352.01,K02352,thin,multi,posterior_available,False,missing_qc_reason,13.39155154,0.539,24.5,95.0,False,False,10.456588530293999,446,False,not_selected_by_diagnostic_ranking
5364071,K00248.02,K00248,thin,multi,posterior_available,False,missing_qc_reason,10.91274065,0.685,57.4,111.0,False,False,10.438976382494772,447,False,not_selected_by_diagnostic_ranking
9101496,K01915.02,K01915,thin,multi,posterior_available,False,missing_qc_reason,67.844689,0.368,18.9,22.0,False,False,10.412444225838467,448,False,not_selected_by_diagnostic_ranking
10905239,K00046.02,K00046,thin,multi,posterior_available,False,missing_qc_reason,6.02977241,0.379,11.5,201.0,False,False,10.393023862054484,449,False,not_selected_by_diagnostic_ranking
8008206,K00569.01,K00569,thin,multi,posterior_available,False,missing_qc_reason,20.72904234,0.559,31.6,65.0,False,False,10.388187680716186,450,False,not_selected_by_diagnostic_ranking
11618601,K03022.01,K03022,thin,multi,posterior_available,False,missing_qc_reason,2.76263737,0.46,14.1,482.0,False,False,10.381723931587352,451,False,not_selected_by_diagnostic_ranking
8644288,K00137.03,K00137,thin,multi,posterior_available,False,missing_qc_reason,3.504691252,0.741,67.5,355.0,False,False,10.375067370235012,452,False,not_selected_by_diagnostic_ranking
8150320,K00904.01,K00904,thin,multi,posterior_available,False,missing_qc_reason,2.211116989,0.69,42.6,603.0,False,False,10.371488546367162,453,False,not_selected_by_diagnostic_ranking
7265298,K02051.02,K02051,thin,multi,posterior_available,False,missing_qc_reason,11.0317836,0.405,14.1,105.0,False,False,10.35213648586161,454,False,not_selected_by_diagnostic_ranking
3747817,K04103.02,K04103,thin,multi,posterior_available,False,missing_qc_reason,14.2378417,0.314,10.5,94.0,False,False,10.343555244742468,455,False,not_selected_by_diagnostic_ranking
5941160,K00654.01,K00654,thin,multi,posterior_available,False,missing_qc_reason,8.59481851,0.617,37.5,123.0,False,False,10.337655958378335,456,False,not_selected_by_diagnostic_ranking
8630788,K01258.02,K01258,thin,multi,posterior_available,False,missing_qc_reason,14.64613058,0.561,30.0,89.0,False,False,10.321481596707468,457,False,not_selected_by_diagnostic_ranking
2854181,K02232.02,K02232,thin,multi,posterior_available,False,missing_qc_reason,12.834857,0.278,9.4,102.0,False,False,10.293428273511095,458,False,not_selected_by_diagnostic_ranking
10136549,K01929.02,K01929,thin,multi,posterior_available,False,missing_qc_reason,3.29276797,0.663,40.8,383.0,False,False,10.272097585733343,459,False,not_selected_by_diagnostic_ranking
9101496,K01915.01,K01915,thin,multi,posterior_available,False,missing_qc_reason,6.56226483,0.643,41.2,203.0,False,False,10.247747170592376,460,False,not_selected_by_diagnostic_ranking
11125613,K02485.03,K02485,thin,multi,posterior_available,False,missing_qc_reason,5.72716067,0.447,16.0,171.0,False,False,10.234719112901871,461,False,not_selected_by_diagnostic_ranking
4139816,K00812.02,K00812,thin,multi,posterior_available,False,missing_qc_reason,20.06036336,0.556,35.2,59.0,False,False,10.232888422124448,462,False,not_selected_by_diagnostic_ranking
4164922,K03864.02,K03864,thin,multi,posterior_available,False,missing_qc_reason,18.2572722,0.412,17.3,59.0,False,False,10.230359478151689,463,False,not_selected_by_diagnostic_ranking
7102227,K01360.01,K01360,thin,multi,posterior_available,False,missing_qc_reason,36.7704935,0.545,40.8,37.0,False,False,10.225111328479322,464,False,not_selected_by_diagnostic_ranking
4545187,K00223.01,K00223,thin,multi,posterior_available,False,missing_qc_reason,3.177414601,0.786,113.7,421.0,False,False,10.223011376727095,465,False,not_selected_by_diagnostic_ranking
9896018,K02579.01,K02579,thin,multi,posterior_available,False,missing_qc_reason,2.7296036,0.509,18.4,492.0,False,False,10.203358858535283,466,False,not_selected_by_diagnostic_ranking
2989404,K01824.01,K01824,thin,multi,posterior_available,False,missing_qc_reason,3.553831111,0.74,77.4,377.0,False,False,10.188340667526182,467,False,not_selected_by_diagnostic_ranking
8581240,K03111.02,K03111,thin,multi,posterior_available,False,missing_qc_reason,4.32848303,0.367,11.4,301.0,False,False,10.16987919529516,468,False,not_selected_by_diagnostic_ranking
11705004,K02199.01,K02199,thin,multi,posterior_available,False,missing_qc_reason,9.03326435,0.455,18.3,119.0,False,False,10.141944319150054,469,False,not_selected_by_diagnostic_ranking
7595157,K00568.01,K00568,thin,multi,posterior_available,False,missing_qc_reason,3.383540239,0.63,36.2,390.0,False,False,10.130482160114502,470,False,not_selected_by_diagnostic_ranking
11547513,K00295.01,K00295,thin,multi,posterior_available,False,missing_qc_reason,5.317440164,0.72,80.9,201.0,False,False,10.128940851633022,471,False,not_selected_by_diagnostic_ranking
7289338,K03420.01,K03420,thin,multi,posterior_available,False,missing_qc_reason,5.77451117,0.348,11.2,225.0,False,False,10.122809713338635,472,False,not_selected_by_diagnostic_ranking
11705004,K02199.02,K02199,thin,multi,posterior_available,False,missing_qc_reason,3.05293416,0.328,10.1,340.0,False,False,10.115493899822168,473,False,not_selected_by_diagnostic_ranking
10577994,K00475.02,K00475,thin,multi,posterior_available,False,missing_qc_reason,15.31296388,0.607,45.3,87.0,False,False,10.113647840879974,474,False,not_selected_by_diagnostic_ranking
6276791,K04477.01,K04477,thin,multi,posterior_available,False,missing_qc_reason,5.30179786,0.357,11.5,249.0,False,False,10.101402496720363,475,False,not_selected_by_diagnostic_ranking
6975129,K01628.01,K01628,thin,multi,posterior_available,False,missing_qc_reason,19.74733983,0.595,47.1,66.0,False,False,10.095116172939566,476,False,not_selected_by_diagnostic_ranking
5219234,K01563.03,K01563,thin,multi,posterior_available,False,missing_qc_reason,3.20539622,0.512,20.6,326.0,False,False,10.080375268014029,477,False,not_selected_by_diagnostic_ranking
9579641,K00115.01,K00115,thin,multi,posterior_available,False,missing_qc_reason,5.412203927,0.787,166.7,244.0,False,False,10.059222842047626,478,False,not_selected_by_diagnostic_ranking
3967760,K01760.01,K01760,thin,multi,posterior_available,False,missing_qc_reason,5.52418625,0.492,20.7,194.0,False,False,10.033827981256318,479,False,not_selected_by_diagnostic_ranking
10265898,K00732.01,K00732,thin,multi,posterior_available,False,missing_qc_reason,1.260258822,0.791,128.2,1056.0,False,False,9.984116228817214,480,False,not_selected_by_diagnostic_ranking
4263293,K01895.03,K01895,thin,multi,posterior_available,False,missing_qc_reason,32.1340014,0.256,11.8,40.0,False,False,9.963363927480009,481,False,not_selected_by_diagnostic_ranking
6062088,K00658.01,K00658,thin,multi,posterior_available,False,missing_qc_reason,3.162692075,0.716,75.4,428.0,False,False,9.946635443047224,482,False,not_selected_by_diagnostic_ranking
8037145,K00520.01,K00520,thin,multi,posterior_available,False,missing_qc_reason,12.75934489,0.657,70.4,102.0,False,False,9.943804016090654,483,False,not_selected_by_diagnostic_ranking
6062088,K00658.02,K00658,thin,multi,posterior_available,False,missing_qc_reason,5.370639542,0.667,58.8,232.0,False,False,9.934734819085117,484,False,not_selected_by_diagnostic_ranking
8292840,K00260.03,K00260,thin,multi,posterior_available,False,missing_qc_reason,21.86965714,0.557,43.5,59.0,False,False,9.904281284123853,485,False,not_selected_by_diagnostic_ranking
8222813,K01069.02,K01069,thin,multi,posterior_available,False,missing_qc_reason,2.46697039,0.574,29.5,444.0,False,False,9.896877469469544,486,False,not_selected_by_diagnostic_ranking
8037145,K00520.03,K00520,thin,multi,posterior_available,False,missing_qc_reason,25.75274977,0.516,36.7,49.0,False,False,9.889962432573817,487,False,not_selected_by_diagnostic_ranking
6525946,K02093.02,K02093,thin,multi,posterior_available,False,missing_qc_reason,2.508116,0.472,18.3,426.0,False,False,9.879747405233353,488,False,not_selected_by_diagnostic_ranking
10656823,K00598.02,K00598,thin,multi,posterior_available,False,missing_qc_reason,34.0963441,0.386,21.5,36.0,False,False,9.839977594804202,489,False,not_selected_by_diagnostic_ranking
3554031,K01194.02,K01194,thin,multi,posterior_available,False,missing_qc_reason,14.8623076,0.324,14.4,57.0,False,False,9.834995124012343,490,False,not_selected_by_diagnostic_ranking
7289317,K02450.02,K02450,thin,multi,posterior_available,False,missing_qc_reason,7.1931193,0.296,10.7,176.0,False,False,9.82795676660184,491,False,not_selected_by_diagnostic_ranking
8564674,K02022.02,K02022,thin,multi,posterior_available,False,missing_qc_reason,12.2476121,0.116,6.8,103.0,False,False,9.814979166637997,492,False,not_selected_by_diagnostic_ranking
11295426,K00246.02,K00246,thin,multi,posterior_available,False,missing_qc_reason,9.60505976,0.54,32.2,131.0,False,False,9.798240940912246,493,False,not_selected_by_diagnostic_ranking
8218379,K01920.01,K01920,thin,multi,posterior_available,False,missing_qc_reason,16.57099265,0.55,40.9,78.0,False,False,9.759568370148406,494,False,not_selected_by_diagnostic_ranking
4741126,K01534.02,K01534,thin,multi,posterior_available,False,missing_qc_reason,7.63846084,0.405,16.6,167.0,False,False,9.732630169272296,495,False,not_selected_by_diagnostic_ranking
4349452,K00244.01,K00244,thin,multi,posterior_available,False,missing_qc_reason,12.720370263,0.787,485.5,111.0,False,False,9.72684345554779,496,False,not_selected_by_diagnostic_ranking
5706966,K01908.01,K01908,thin,multi,posterior_available,False,missing_qc_reason,12.55111099,0.519,33.2,107.0,False,False,9.627787161548781,497,False,not_selected_by_diagnostic_ranking
7747425,K01952.04,K01952,thin,multi,posterior_available,False,missing_qc_reason,42.4729078,0.361,22.8,30.0,False,False,9.624280941267509,498,False,not_selected_by_diagnostic_ranking
12256520,K02264.02,K02264,thin,multi,posterior_available,False,missing_qc_reason,7.25101997,0.314,12.2,178.0,False,False,9.615515032134542,499,False,not_selected_by_diagnostic_ranking
9883606,K04383.02,K04383,thin,multi,posterior_available,False,missing_qc_reason,2.58393841,0.229,8.5,495.0,False,False,9.599409980675846,500,False,not_selected_by_diagnostic_ranking
8218379,K01920.02,K01920,thin,multi,posterior_available,False,missing_qc_reason,10.1384691,0.207,9.1,130.0,False,False,9.576993460624987,501,False,not_selected_by_diagnostic_ranking
7109675,K00872.01,K00872,thin,multi,posterior_available,False,missing_qc_reason,33.60123371,0.67,247.9,39.0,False,False,9.571538934156017,502,False,not_selected_by_diagnostic_ranking
11823054,K00543.01,K00543,thin,multi,posterior_available,False,missing_qc_reason,4.302139338,0.652,65.5,307.0,False,False,9.561938398396212,503,False,not_selected_by_diagnostic_ranking
8344004,K00573.02,K00573,thin,multi,posterior_available,False,missing_qc_reason,2.06190864,0.537,27.9,617.0,False,False,9.558997069428003,504,False,not_selected_by_diagnostic_ranking
7447200,K00676.01,K00676,thin,multi,posterior_available,False,missing_qc_reason,7.972510087,0.739,206.7,166.0,False,False,9.55725503166284,505,False,not_selected_by_diagnostic_ranking
7107802,K02420.02,K02420,thin,multi,posterior_available,False,missing_qc_reason,5.4675514,0.27,10.4,236.0,False,False,9.552681284364542,506,False,not_selected_by_diagnostic_ranking
5706966,K01908.02,K01908,thin,multi,posterior_available,False,missing_qc_reason,24.0884178,0.376,21.0,52.0,False,False,9.51110829528292,507,False,not_selected_by_diagnostic_ranking
4725681,K00817.01,K00817,thin,multi,posterior_available,False,missing_qc_reason,23.96793669,0.416,27.5,43.0,False,False,9.498836060308417,508,False,not_selected_by_diagnostic_ranking
4914423,K00108.01,K00108,thin,multi,posterior_available,False,missing_qc_reason,15.96532718,0.674,144.2,84.0,False,False,9.496599914678225,509,False,not_selected_by_diagnostic_ranking
6932987,K01366.01,K01366,thin,multi,posterior_available,False,missing_qc_reason,19.25404023,0.548,50.7,71.0,False,False,9.475615286425475,510,False,not_selected_by_diagnostic_ranking
5794570,K02675.01,K02675,thin,multi,posterior_available,False,missing_qc_reason,5.448321078,0.614,55.1,245.0,False,False,9.4732277170719,511,False,not_selected_by_diagnostic_ranking
7040629,K00671.03,K00671,thin,multi,posterior_available,False,missing_qc_reason,16.25951967,0.374,19.6,72.0,False,False,9.436050816503837,512,False,not_selected_by_diagnostic_ranking
8950568,K02038.01,K02038,thin,multi,posterior_available,False,missing_qc_reason,8.30537702,0.489,28.5,158.0,False,False,9.431900530502507,513,False,not_selected_by_diagnostic_ranking
2832589,K01942.01,K01942,thin,multi,posterior_available,False,missing_qc_reason,10.84969477,0.55,43.5,124.0,False,False,9.430418684449489,514,False,not_selected_by_diagnostic_ranking
9963524,K00720.01,K00720,thin,multi,posterior_available,False,missing_qc_reason,5.69059163,0.573,45.5,185.0,False,False,9.430211888738212,515,False,not_selected_by_diagnostic_ranking
11069176,K02007.01,K02007,thin,multi,posterior_available,False,missing_qc_reason,15.3789014,0.359,17.6,90.0,False,False,9.41140549961742,516,False,not_selected_by_diagnostic_ranking
4164922,K03864.01,K03864,thin,multi,posterior_available,False,missing_qc_reason,1.210693626,0.597,41.6,881.0,False,False,9.407776924994815,517,False,not_selected_by_diagnostic_ranking
8753657,K00321.01,K00321,thin,multi,posterior_available,False,missing_qc_reason,2.426304127,0.694,97.0,555.0,False,False,9.395168690245246,518,False,not_selected_by_diagnostic_ranking
10723750,K00209.02,K00209,thin,multi,posterior_available,False,missing_qc_reason,18.79591276,0.695,282.3,67.0,False,False,9.362044115500122,519,False,not_selected_by_diagnostic_ranking
9634821,K02037.03,K02037,thin,multi,posterior_available,False,missing_qc_reason,8.56267266,0.335,15.2,132.0,False,False,9.35028004020426,520,False,not_selected_by_diagnostic_ranking
9757613,K00250.04,K00250,thin,multi,posterior_available,False,missing_qc_reason,46.82767725,0.393,32.4,28.0,False,False,9.333464209677668,521,False,not_selected_by_diagnostic_ranking
9909735,K01779.01,K01779,thin,multi,posterior_available,False,missing_qc_reason,4.66271902,0.485,28.2,233.0,False,False,9.271339667853965,522,False,not_selected_by_diagnostic_ranking
6221385,K06145.02,K06145,thin,multi,posterior_available,False,missing_qc_reason,32.657035,0.007,17.9,5.0,False,False,9.269330547470235,523,False,not_selected_by_diagnostic_ranking
11125613,K02485.02,K02485,thin,multi,posterior_available,False,missing_qc_reason,3.60082855,0.395,17.9,296.0,False,False,9.258432786189752,524,False,not_selected_by_diagnostic_ranking
10978763,K01931.02,K01931,thin,multi,posterior_available,False,missing_qc_reason,10.55840479,0.31,14.6,119.0,False,False,9.250937722930347,525,False,not_selected_by_diagnostic_ranking
8564587,K01270.01,K01270,thin,multi,posterior_available,False,missing_qc_reason,5.729317577,0.597,59.0,230.0,False,False,9.233158693012264,526,False,not_selected_by_diagnostic_ranking
7119481,K00566.02,K00566,thin,multi,posterior_available,False,missing_qc_reason,14.1573717,0.138,9.3,66.0,False,False,9.169173267632857,527,False,not_selected_by_diagnostic_ranking
10978763,K01931.01,K01931,thin,multi,posterior_available,False,missing_qc_reason,4.97760447,0.474,27.5,272.0,False,False,9.160189419573202,528,False,not_selected_by_diagnostic_ranking
9146018,K00584.01,K00584,thin,multi,posterior_available,False,missing_qc_reason,9.9267215,0.625,97.3,134.0,False,False,9.141427775329799,529,False,not_selected_by_diagnostic_ranking
9995771,K03470.02,K03470,thin,multi,posterior_available,False,missing_qc_reason,25.4337864,0.232,14.3,43.0,False,False,9.133844556805498,530,False,not_selected_by_diagnostic_ranking
3548044,K02194.02,K02194,thin,multi,posterior_available,False,missing_qc_reason,67.968656,0.317,27.3,22.0,False,False,9.129802175310868,531,False,not_selected_by_diagnostic_ranking
8158127,K01015.02,K01015,thin,multi,posterior_available,False,missing_qc_reason,4.08897299,0.374,19.0,162.0,False,False,9.113988878729621,532,False,not_selected_by_diagnostic_ranking
9349757,K03348.01,K03348,thin,multi,posterior_available,False,missing_qc_reason,36.4337867,0.25,16.2,37.0,False,False,9.113029823053106,533,False,not_selected_by_diagnostic_ranking
9967009,K03462.01,K03462,thin,multi,posterior_available,False,missing_qc_reason,12.4326997,0.212,11.5,86.0,False,False,9.09600597823027,534,False,not_selected_by_diagnostic_ranking
8120608,K00571.02,K00571,thin,multi,posterior_available,False,missing_qc_reason,13.3430025,0.517,47.1,99.0,False,False,9.089239078405454,535,False,not_selected_by_diagnostic_ranking
7908367,K06166.02,K06166,thin,multi,posterior_available,False,missing_qc_reason,6.6513189,0.064,15.3,9.0,False,False,9.086433258982469,536,False,not_selected_by_diagnostic_ranking
7595157,K00568.02,K00568,thin,multi,posterior_available,False,missing_qc_reason,2.358952404,0.385,17.3,549.0,False,False,9.085259968119772,537,False,not_selected_by_diagnostic_ranking
7040629,K00671.04,K00671,thin,multi,posterior_available,False,missing_qc_reason,11.1317901,0.342,18.2,105.0,False,False,9.083972382333489,538,False,not_selected_by_diagnostic_ranking
7134976,K00874.02,K00874,thin,multi,posterior_available,False,missing_qc_reason,11.18719905,0.387,21.9,117.0,False,False,9.068238758748931,539,False,not_selected_by_diagnostic_ranking
12600735,K00548.02,K00548,thin,multi,posterior_available,False,missing_qc_reason,6.0799457,0.097,7.3,219.0,False,False,9.048069480375538,540,False,not_selected_by_diagnostic_ranking
9026749,K02564.01,K02564,thin,multi,posterior_available,False,missing_qc_reason,66.5576728,0.254,21.3,22.0,False,False,9.0055210637305,541,False,not_selected_by_diagnostic_ranking
4077526,K01336.01,K01336,thin,multi,posterior_available,False,missing_qc_reason,10.21864532,0.416,26.6,107.0,False,False,9.004570160693069,542,False,not_selected_by_diagnostic_ranking
9451706,K00271.02,K00271,thin,multi,posterior_available,False,missing_qc_reason,29.39337161,0.512,69.7,48.0,False,False,8.958971823876997,543,False,not_selected_by_diagnostic_ranking
11657614,K03370.02,K03370,thin,multi,posterior_available,False,missing_qc_reason,5.94228603,0.097,7.5,228.0,False,False,8.935233611934738,544,False,not_selected_by_diagnostic_ranking
2837111,K01110.02,K01110,thin,multi,posterior_available,False,missing_qc_reason,3.71840884,0.192,9.6,338.0,False,False,8.91890053689945,545,False,not_selected_by_diagnostic_ranking
6209677,K01750.02,K01750,thin,multi,posterior_available,False,missing_qc_reason,2.53742164,0.285,12.8,500.0,False,False,8.887383539249432,546,False,not_selected_by_diagnostic_ranking
10872983,K00756.01,K00756,thin,multi,posterior_available,False,missing_qc_reason,11.09432054,0.538,66.5,95.0,False,False,8.858535710025018,547,False,not_selected_by_diagnostic_ranking
9347899,K00935.04,K00935,thin,multi,posterior_available,False,missing_qc_reason,9.61731426,0.331,18.2,137.0,False,False,8.852429967101715,548,False,not_selected_by_diagnostic_ranking
10577994,K00475.01,K00475,thin,multi,posterior_available,False,missing_qc_reason,8.1808949,0.521,48.7,166.0,False,False,8.852080106382784,549,False,not_selected_by_diagnostic_ranking
1432789,K00992.02,K00992,thin,multi,posterior_available,False,missing_qc_reason,4.57834367,0.232,11.4,275.0,False,False,8.846511466746449,550,False,not_selected_by_diagnostic_ranking
7134976,K00874.01,K00874,thin,multi,posterior_available,False,missing_qc_reason,4.601811819,0.567,60.8,295.0,False,False,8.817168389952467,551,False,not_selected_by_diagnostic_ranking
9655711,K06209.01,K06209,thin,multi,posterior_available,False,missing_qc_reason,12.7143635,0.071,9.9,35.0,False,False,8.756725771094315,552,False,not_selected_by_diagnostic_ranking
7678434,K00892.01,K00892,thin,multi,posterior_available,False,missing_qc_reason,10.37168928,0.537,64.5,128.0,False,False,8.744174701941946,553,False,not_selected_by_diagnostic_ranking
11810124,K03344.02,K03344,thin,multi,posterior_available,False,missing_qc_reason,3.63898953,0.32,16.0,368.0,False,False,8.721286035142686,554,False,not_selected_by_diagnostic_ranking
8709688,K03019.01,K03019,thin,multi,posterior_available,False,missing_qc_reason,4.17939037,0.317,16.1,319.0,False,False,8.714340373748122,555,False,not_selected_by_diagnostic_ranking
7109675,K00872.02,K00872,thin,multi,posterior_available,False,missing_qc_reason,6.76652928,0.429,29.2,194.0,False,False,8.709124209605765,556,False,not_selected_by_diagnostic_ranking
7119481,K00566.03,K00566,thin,multi,posterior_available,False,missing_qc_reason,42.068554,0.022,9.8,23.0,False,False,8.693909790570146,557,False,not_selected_by_diagnostic_ranking
8077137,K00274.02,K00274,thin,multi,posterior_available,False,missing_qc_reason,22.8030252,0.291,20.4,58.0,False,False,8.651138756297701,558,False,not_selected_by_diagnostic_ranking
11823054,K00543.02,K00543,thin,multi,posterior_available,False,missing_qc_reason,3.137845914,0.454,30.8,405.0,False,False,8.64065384578219,559,False,not_selected_by_diagnostic_ranking
6946199,K01359.01,K01359,thin,multi,posterior_available,False,missing_qc_reason,37.1011418,0.41,55.2,31.0,False,False,8.587962530558576,560,False,not_selected_by_diagnostic_ranking
10002866,K00723.02,K00723,thin,multi,posterior_available,False,missing_qc_reason,28.08185982,0.425,50.8,43.0,False,False,8.581053369657615,561,False,not_selected_by_diagnostic_ranking
9872283,K01815.01,K01815,thin,multi,posterior_available,False,missing_qc_reason,3.126861192,0.603,94.6,427.0,False,False,8.570224221377488,562,False,not_selected_by_diagnostic_ranking
10141900,K01082.03,K01082,thin,multi,posterior_available,False,missing_qc_reason,1.196548464,0.332,16.5,1071.0,False,False,8.54922580484938,563,False,not_selected_by_diagnostic_ranking
10350571,K01175.01,K01175,thin,multi,posterior_available,False,missing_qc_reason,31.5925809,0.283,25.5,34.0,False,False,8.505576023331784,564,False,not_selected_by_diagnostic_ranking
4563268,K00627.01,K00627,thin,multi,posterior_available,False,missing_qc_reason,7.75192755,0.546,77.3,175.0,False,False,8.490713384862778,565,False,not_selected_by_diagnostic_ranking
8753657,K00321.02,K00321,thin,multi,posterior_available,False,missing_qc_reason,4.62334491,0.388,25.2,261.0,False,False,8.483079825038152,566,False,not_selected_by_diagnostic_ranking
7512982,K01480.02,K01480,thin,multi,posterior_available,False,missing_qc_reason,7.00447892,0.139,9.9,193.0,False,False,8.466233012385976,567,False,not_selected_by_diagnostic_ranking
3217264,K00401.03,K00401,thin,multi,posterior_available,False,missing_qc_reason,55.3291399,0.209,21.8,23.0,False,False,8.45867350935194,568,False,not_selected_by_diagnostic_ranking
9466668,K00939.01,K00939,thin,multi,posterior_available,False,missing_qc_reason,3.388012244,0.433,30.6,397.0,False,False,8.447393243539432,569,False,not_selected_by_diagnostic_ranking
6209677,K01750.01,K01750,thin,multi,posterior_available,False,missing_qc_reason,7.76845639,0.353,23.6,173.0,False,False,8.407220769232797,570,False,not_selected_by_diagnostic_ranking
9093086,K06191.01,K06191,thin,multi,posterior_available,False,missing_qc_reason,9.7043379,0.07,8.6,134.0,False,False,8.383811820286095,571,False,not_selected_by_diagnostic_ranking
12256520,K02264.01,K02264,thin,multi,posterior_available,False,missing_qc_reason,33.2407985,0.231,20.4,38.0,False,False,8.360288639008102,572,False,not_selected_by_diagnostic_ranking
9962455,K02748.01,K02748,thin,multi,posterior_available,False,missing_qc_reason,23.1985852,0.305,28.2,42.0,False,False,8.359251385394465,573,False,not_selected_by_diagnostic_ranking
7515212,K00679.02,K00679,thin,multi,posterior_available,False,missing_qc_reason,16.2580276,0.131,11.5,76.0,False,False,8.354756915548693,574,False,not_selected_by_diagnostic_ranking
7603200,K00314.01,K00314,thin,multi,posterior_available,False,missing_qc_reason,13.78109471,0.545,112.8,98.0,False,False,8.343261487438985,575,False,not_selected_by_diagnostic_ranking
7366258,K00880.04,K00880,thin,multi,posterior_available,False,missing_qc_reason,2.382951591,0.479,41.4,515.0,False,False,8.339002010040277,576,False,not_selected_by_diagnostic_ranking
7455287,K00886.03,K00886,thin,multi,posterior_available,False,missing_qc_reason,20.99587872,0.228,18.2,55.0,False,False,8.316472034311438,577,False,not_selected_by_diagnostic_ranking
8094120,K04881.01,K04881,thin,multi,posterior_available,False,missing_qc_reason,5.6795377,0.196,12.5,225.0,False,False,8.283520916159047,578,False,not_selected_by_diagnostic_ranking
8480285,K00691.02,K00691,thin,multi,posterior_available,False,missing_qc_reason,16.2254975,0.273,20.3,81.0,False,False,8.280078727295864,579,False,not_selected_by_diagnostic_ranking
10489206,K00251.01,K00251,thin,multi,posterior_available,False,missing_qc_reason,4.164384505,0.59,132.1,253.0,False,False,8.26881216237271,580,False,not_selected_by_diagnostic_ranking
10000941,K04146.01,K04146,thin,multi,posterior_available,False,missing_qc_reason,3.50472344,0.309,18.4,384.0,False,False,8.262834404281397,581,False,not_selected_by_diagnostic_ranking
4770365,K01475.03,K01475,thin,multi,posterior_available,False,missing_qc_reason,4.72941177,0.236,14.6,236.0,False,False,8.245183780806256,582,False,not_selected_by_diagnostic_ranking
10916600,K02623.02,K02623,thin,multi,posterior_available,False,missing_qc_reason,4.02664625,0.094,8.9,314.0,False,False,8.208347879523009,583,False,not_selected_by_diagnostic_ranking
8222813,K01069.01,K01069,thin,multi,posterior_available,False,missing_qc_reason,8.70420525,0.5,74.0,132.0,False,False,8.195341054654875,584,False,not_selected_by_diagnostic_ranking
7419318,K00313.02,K00313,thin,multi,posterior_available,False,missing_qc_reason,8.43639829,0.51,76.8,156.0,False,False,8.182818091963627,585,False,not_selected_by_diagnostic_ranking
8616637,K00579.01,K00579,thin,multi,posterior_available,False,missing_qc_reason,2.019997006,0.502,52.1,665.0,False,False,8.178621360657038,586,False,not_selected_by_diagnostic_ranking
8613535,K02263.01,K02263,thin,multi,posterior_available,False,missing_qc_reason,29.9685917,0.282,26.5,47.0,False,False,8.163793364408003,587,False,not_selected_by_diagnostic_ranking
6520753,K04504.02,K04504,thin,multi,posterior_available,False,missing_qc_reason,8.119343,0.032,8.2,137.0,False,False,8.158660615412543,588,False,not_selected_by_diagnostic_ranking
8344004,K00573.01,K00573,thin,multi,posterior_available,False,missing_qc_reason,5.996533443,0.51,70.5,225.0,False,False,8.14863200336832,589,False,not_selected_by_diagnostic_ranking
12406807,K03091.02,K03091,thin,multi,posterior_available,False,missing_qc_reason,7.9069765,0.038,8.3,161.0,False,False,8.110211751245334,590,False,not_selected_by_diagnostic_ranking
7692093,K03337.01,K03337,thin,multi,posterior_available,False,missing_qc_reason,11.16622885,0.176,13.6,120.0,False,False,8.09613237464168,591,False,not_selected_by_diagnostic_ranking
9466668,K00939.02,K00939,thin,multi,posterior_available,False,missing_qc_reason,5.83909761,0.341,25.2,218.0,False,False,8.071380825926576,592,False,not_selected_by_diagnostic_ranking
9349757,K03348.02,K03348,thin,multi,posterior_available,False,missing_qc_reason,17.7189786,0.05,9.7,76.0,False,False,8.068691660032165,593,False,not_selected_by_diagnostic_ranking
9995771,K03470.01,K03470,thin,multi,posterior_available,False,missing_qc_reason,15.0617835,0.114,12.1,74.0,False,False,8.052072133198884,594,False,not_selected_by_diagnostic_ranking
10271806,K00733.02,K00733,thin,multi,posterior_available,False,missing_qc_reason,11.34934848,0.398,41.7,109.0,False,False,8.034974350633705,595,False,not_selected_by_diagnostic_ranking
6768616,K06765.01,K06765,thin,multi,posterior_available,False,missing_qc_reason,13.05609,0.097,10.8,105.0,False,False,8.031706267450378,596,False,not_selected_by_diagnostic_ranking
9634821,K02037.02,K02037,thin,multi,posterior_available,False,missing_qc_reason,5.47715718,0.244,16.7,207.0,False,False,8.02913588918088,597,False,not_selected_by_diagnostic_ranking
9285265,K03410.01,K03410,thin,multi,posterior_available,False,missing_qc_reason,16.5860329,0.167,14.6,80.0,False,False,8.022273214652031,598,False,not_selected_by_diagnostic_ranking
10717241,K00430.01,K00430,thin,multi,posterior_available,False,missing_qc_reason,12.37646897,0.468,81.2,83.0,False,False,7.99712640798928,599,False,not_selected_by_diagnostic_ranking
10426656,K01161.03,K01161,thin,multi,posterior_available,False,missing_qc_reason,2.97136658,0.349,25.6,328.0,False,False,7.995004705584707,600,False,not_selected_by_diagnostic_ranking
8804283,K01276.02,K01276,thin,multi,posterior_available,False,missing_qc_reason,13.26079792,0.22,17.6,97.0,False,False,7.98265911136158,601,False,not_selected_by_diagnostic_ranking
7265298,K02051.01,K02051,thin,multi,posterior_available,False,missing_qc_reason,25.7626846,0.327,38.0,47.0,False,False,7.973078337594196,602,False,not_selected_by_diagnostic_ranking
3559860,K03440.01,K03440,thin,multi,posterior_available,False,missing_qc_reason,33.0257179,0.044,12.2,31.0,False,False,7.9620363634064315,603,False,not_selected_by_diagnostic_ranking
2837111,K01110.01,K01110,thin,multi,posterior_available,False,missing_qc_reason,8.7348852,0.314,24.8,155.0,False,False,7.959315973414993,604,False,not_selected_by_diagnostic_ranking
5511659,K04541.02,K04541,thin,multi,posterior_available,False,missing_qc_reason,17.236085,0.04,10.4,56.0,False,False,7.938042939022544,605,False,not_selected_by_diagnostic_ranking
9883606,K04383.01,K04383,thin,multi,posterior_available,False,missing_qc_reason,4.34195312,0.118,10.6,304.0,False,False,7.896490503015916,606,False,not_selected_by_diagnostic_ranking
7119481,K00566.01,K00566,thin,multi,posterior_available,False,missing_qc_reason,25.85499978,0.265,31.7,35.0,False,False,7.892532676083973,607,False,not_selected_by_diagnostic_ranking
10141900,K01082.04,K01082,thin,multi,posterior_available,False,missing_qc_reason,9.6550473,0.124,12.2,117.0,False,False,7.890483670180731,608,False,not_selected_by_diagnostic_ranking
4548098,K04157.01,K04157,thin,multi,posterior_available,False,missing_qc_reason,3.82315697,0.064,8.9,352.0,False,False,7.877017022428935,609,False,not_selected_by_diagnostic_ranking
8564674,K02022.01,K02022,thin,multi,posterior_available,False,missing_qc_reason,5.92972237,0.048,8.9,225.0,False,False,7.8506818982065765,610,False,not_selected_by_diagnostic_ranking
6975129,K01628.03,K01628,thin,multi,posterior_available,False,missing_qc_reason,37.8404232,0.211,23.7,38.0,False,False,7.84045436139643,611,False,not_selected_by_diagnostic_ranking
8890150,K02650.01,K02650,thin,multi,posterior_available,False,missing_qc_reason,34.9897847,0.034,11.5,40.0,False,False,7.818817076280075,612,False,not_selected_by_diagnostic_ranking
4458082,K02303.01,K02303,thin,multi,posterior_available,False,missing_qc_reason,4.89336495,0.218,15.9,265.0,False,False,7.809993742589143,613,False,not_selected_by_diagnostic_ranking
8212002,K02593.02,K02593,thin,multi,posterior_available,False,missing_qc_reason,9.5539134,0.142,13.1,134.0,False,False,7.809658065536737,614,False,not_selected_by_diagnostic_ranking
6520753,K04504.01,K04504,thin,multi,posterior_available,False,missing_qc_reason,4.13029832,0.041,8.7,271.0,False,False,7.798091775438891,615,False,not_selected_by_diagnostic_ranking
10350571,K01175.02,K01175,thin,multi,posterior_available,False,missing_qc_reason,17.157236,0.238,23.6,61.0,False,False,7.777303647292051,616,False,not_selected_by_diagnostic_ranking
2854698,K00986.01,K00986,thin,multi,posterior_available,False,missing_qc_reason,8.18739443,0.377,38.4,166.0,False,False,7.773636647545847,617,False,not_selected_by_diagnostic_ranking
8247638,K00907.01,K00907,thin,multi,posterior_available,False,missing_qc_reason,16.51410989,0.395,55.9,76.0,False,False,7.772080550214168,618,False,not_selected_by_diagnostic_ranking
6705026,K03374.01,K03374,thin,multi,posterior_available,False,missing_qc_reason,9.5084871,0.143,13.3,139.0,False,False,7.762273900750788,619,False,not_selected_by_diagnostic_ranking
2716801,K03053.02,K03053,thin,multi,posterior_available,False,missing_qc_reason,9.4767057,0.003,8.6,133.0,False,False,7.717053364228855,620,False,not_selected_by_diagnostic_ranking
10717241,K00430.02,K00430,thin,multi,posterior_available,False,missing_qc_reason,9.340538,0.074,11.1,112.0,False,False,7.687913434399711,621,False,not_selected_by_diagnostic_ranking
8709688,K03019.02,K03019,thin,multi,posterior_available,False,missing_qc_reason,2.012094,0.066,9.1,632.0,False,False,7.687714083405824,622,False,not_selected_by_diagnostic_ranking
4563268,K00627.02,K00627,thin,multi,posterior_available,False,missing_qc_reason,4.16536757,0.348,30.4,311.0,False,False,7.674429227673801,623,False,not_selected_by_diagnostic_ranking
7376983,K01358.01,K01358,thin,multi,posterior_available,False,missing_qc_reason,5.644914154,0.445,63.9,199.0,False,False,7.660836621811008,624,False,not_selected_by_diagnostic_ranking
12406807,K03091.01,K03091,thin,multi,posterior_available,False,missing_qc_reason,17.067644,0.106,13.5,79.0,False,False,7.628398440444197,625,False,not_selected_by_diagnostic_ranking
8559644,K00139.02,K00139,thin,multi,posterior_available,False,missing_qc_reason,3.341799486,0.426,48.8,402.0,False,False,7.621746339623158,626,False,not_selected_by_diagnostic_ranking
8609450,K01278.02,K01278,thin,multi,posterior_available,False,missing_qc_reason,44.3471936,0.273,40.5,33.0,False,False,7.613473364830524,627,False,not_selected_by_diagnostic_ranking
4263293,K01895.02,K01895,thin,multi,posterior_available,False,missing_qc_reason,17.28116957,0.206,20.3,81.0,False,False,7.610078727295864,628,False,not_selected_by_diagnostic_ranking
5252423,K00825.02,K00825,thin,multi,posterior_available,False,missing_qc_reason,4.71510843,0.258,21.3,208.0,False,False,7.606889145455932,629,False,not_selected_by_diagnostic_ranking
8609450,K01278.04,K01278,thin,multi,posterior_available,False,missing_qc_reason,13.6396648,0.105,13.3,96.0,False,False,7.554705697230475,630,False,not_selected_by_diagnostic_ranking
8494142,K00370.01,K00370,thin,multi,posterior_available,False,missing_qc_reason,42.88247951,0.391,112.2,33.0,False,False,7.538913839680381,631,False,not_selected_by_diagnostic_ranking
12470844,K00790.02,K00790,thin,multi,posterior_available,False,missing_qc_reason,60.4189369,0.094,20.1,22.0,False,False,7.53300453101081,632,False,not_selected_by_diagnostic_ranking
4139816,K00812.01,K00812,thin,multi,posterior_available,False,missing_qc_reason,3.340218842,0.466,71.6,398.0,False,False,7.524852003352413,633,False,not_selected_by_diagnostic_ranking
4831728,K02739.02,K02739,thin,multi,posterior_available,False,missing_qc_reason,7.0956395,0.06,10.5,182.0,False,False,7.513383315144777,634,False,not_selected_by_diagnostic_ranking
4644952,K01805.02,K01805,thin,multi,posterior_available,False,missing_qc_reason,31.7821117,0.17,21.6,44.0,False,False,7.510871552008171,635,False,not_selected_by_diagnostic_ranking
9973109,K02018.02,K02018,thin,multi,posterior_available,False,missing_qc_reason,16.0988294,0.017,10.9,63.0,False,False,7.487706904851251,636,False,not_selected_by_diagnostic_ranking
8680979,K01891.01,K01891,thin,multi,posterior_available,False,missing_qc_reason,15.95541913,0.314,39.0,82.0,False,False,7.446878336850208,637,False,not_selected_by_diagnostic_ranking
5978559,K02321.01,K02321,thin,multi,posterior_available,False,missing_qc_reason,95.6114617,0.046,21.6,14.0,False,False,7.435927248243596,638,False,not_selected_by_diagnostic_ranking
7132798,K00220.02,K00220,thin,multi,posterior_available,False,missing_qc_reason,4.12511935,0.253,21.6,298.0,False,False,7.412599275482845,639,False,not_selected_by_diagnostic_ranking
9347899,K00935.03,K00935,thin,multi,posterior_available,False,missing_qc_reason,87.6476068,0.147,37.5,14.0,False,False,7.408598742835148,640,False,not_selected_by_diagnostic_ranking
8890783,K00464.01,K00464,thin,multi,posterior_available,False,missing_qc_reason,58.36205791,0.402,286.6,21.0,False,False,7.383565127276015,641,False,not_selected_by_diagnostic_ranking
6716545,K02906.01,K02906,thin,multi,posterior_available,False,missing_qc_reason,13.9093544,0.132,15.6,101.0,False,False,7.378734025628322,642,False,not_selected_by_diagnostic_ranking
11810124,K03344.01,K03344,thin,multi,posterior_available,False,missing_qc_reason,11.6044881,0.118,14.5,113.0,False,False,7.372978182772499,643,False,not_selected_by_diagnostic_ranking
4466677,K01338.01,K01338,thin,multi,posterior_available,False,missing_qc_reason,3.222975318,0.33,31.3,413.0,False,False,7.366917858320935,644,False,not_selected_by_diagnostic_ranking
8247638,K00907.04,K00907,thin,multi,posterior_available,False,missing_qc_reason,99.6415962,0.028,22.7,12.0,False,False,7.364506147559265,645,False,not_selected_by_diagnostic_ranking
3554031,K01194.03,K01194,thin,multi,posterior_available,False,missing_qc_reason,4.17634276,0.142,14.9,202.0,False,False,7.30487514623869,646,False,not_selected_by_diagnostic_ranking
9872283,K01815.02,K01815,thin,multi,posterior_available,False,missing_qc_reason,1.74610057,0.032,9.2,734.0,False,False,7.282911469220652,647,False,not_selected_by_diagnostic_ranking
9466668,K00939.03,K00939,thin,multi,posterior_available,False,missing_qc_reason,1.620467654,0.271,22.7,719.0,False,False,7.280691871925236,648,False,not_selected_by_diagnostic_ranking
12266636,K01522.02,K01522,thin,multi,posterior_available,False,missing_qc_reason,12.654896,0.009,10.4,103.0,False,False,7.277066007624716,649,False,not_selected_by_diagnostic_ranking
7870390,K00898.02,K00898,thin,multi,posterior_available,False,missing_qc_reason,5.169804269,0.351,41.4,256.0,False,False,7.243349360801046,650,False,not_selected_by_diagnostic_ranking
2854698,K00986.02,K00986,thin,multi,posterior_available,False,missing_qc_reason,76.0498163,0.015,17.4,19.0,False,False,7.23879035355946,651,False,not_selected_by_diagnostic_ranking
7050989,K00312.01,K00312,thin,multi,posterior_available,False,missing_qc_reason,11.57890926,0.359,54.8,119.0,False,False,7.208414631819708,652,False,not_selected_by_diagnostic_ranking
7673192,K02722.04,K02722,thin,multi,posterior_available,False,missing_qc_reason,8.92114318,0.12,15.3,127.0,False,False,7.2004564350652505,653,False,not_selected_by_diagnostic_ranking
7603200,K00314.02,K00314,thin,multi,posterior_available,False,missing_qc_reason,23.08902241,0.32,57.4,55.0,False,False,7.188218111668757,654,False,not_selected_by_diagnostic_ranking
4939346,K01873.02,K01873,thin,multi,posterior_available,False,missing_qc_reason,34.9168399,0.026,15.4,30.0,False,False,7.182213772726809,655,False,not_selected_by_diagnostic_ranking
9729691,K01751.02,K01751,thin,multi,posterior_available,False,missing_qc_reason,20.99757968,0.277,44.7,51.0,False,False,7.161692102005063,656,False,not_selected_by_diagnostic_ranking
7106173,K03083.03,K03083,thin,multi,posterior_available,False,missing_qc_reason,8.2942929,0.006,10.1,154.0,False,False,7.158990719300906,657,False,not_selected_by_diagnostic_ranking
9100953,K04500.01,K04500,thin,multi,posterior_available,False,missing_qc_reason,8.70179611,0.045,11.8,128.0,False,False,7.1561085738790045,658,False,not_selected_by_diagnostic_ranking
4263293,K01895.01,K01895,thin,multi,posterior_available,False,missing_qc_reason,8.45746636,0.209,21.8,164.0,False,False,7.154398178224223,659,False,not_selected_by_diagnostic_ranking
7040629,K00671.02,K00671,thin,multi,posterior_available,False,missing_qc_reason,7.46662068,0.255,27.4,165.0,False,False,7.149302543665874,660,False,not_selected_by_diagnostic_ranking
9836563,K04421.01,K04421,thin,multi,posterior_available,False,missing_qc_reason,4.72693131,0.065,11.5,283.0,False,False,7.14211654447365,661,False,not_selected_by_diagnostic_ranking
7673192,K02722.03,K02722,thin,multi,posterior_available,False,missing_qc_reason,4.02877097,0.193,18.6,311.0,False,False,7.134436934725425,662,False,not_selected_by_diagnostic_ranking
9530945,K00708.02,K00708,thin,multi,posterior_available,False,missing_qc_reason,7.69363627,0.366,55.1,168.0,False,False,7.125867901882421,663,False,not_selected_by_diagnostic_ranking
8212002,K02593.01,K02593,thin,multi,posterior_available,False,missing_qc_reason,14.7966306,0.182,22.4,89.0,False,False,7.105769153648943,664,False,not_selected_by_diagnostic_ranking
12206313,K02714.02,K02714,thin,multi,posterior_available,False,missing_qc_reason,47.3186631,0.189,36.2,28.0,False,False,7.103934841618804,665,False,not_selected_by_diagnostic_ranking
9782691,K00590.02,K00590,thin,multi,posterior_available,False,missing_qc_reason,50.6985408,0.137,30.1,23.0,False,False,7.100557223453194,666,False,not_selected_by_diagnostic_ranking
7512982,K01480.01,K01480,thin,multi,posterior_available,False,missing_qc_reason,20.38174802,0.295,46.8,67.0,False,False,7.095221174586483,667,False,not_selected_by_diagnostic_ranking
8680979,K01891.02,K01891,thin,multi,posterior_available,False,missing_qc_reason,8.25980352,0.161,18.3,154.0,False,False,7.091068786147225,668,False,not_selected_by_diagnostic_ranking
10098844,K02964.01,K02964,thin,multi,posterior_available,False,missing_qc_reason,47.4497134,0.016,16.9,24.0,False,False,7.066284006424514,669,False,not_selected_by_diagnostic_ranking
8874090,K01404.02,K01404,thin,multi,posterior_available,False,missing_qc_reason,18.9060921,0.004,11.9,69.0,False,False,7.0415688873821765,670,False,not_selected_by_diagnostic_ranking
5531576,K00837.01,K00837,thin,multi,posterior_available,False,missing_qc_reason,7.953547,0.3,38.4,166.0,False,False,7.0036366475458465,671,False,not_selected_by_diagnostic_ranking
7447200,K00676.02,K00676,thin,multi,posterior_available,False,missing_qc_reason,2.453236139,0.496,158.0,500.0,False,False,6.9983281638514185,672,False,not_selected_by_diagnostic_ranking
12366084,K00787.01,K00787,thin,multi,posterior_available,False,missing_qc_reason,4.431238488,0.405,71.1,302.0,False,False,6.997328894197837,673,False,not_selected_by_diagnostic_ranking
8257205,K01986.02,K01986,thin,multi,posterior_available,False,missing_qc_reason,7.12766417,0.125,16.0,187.0,False,False,6.9812724241271304,674,False,not_selected_by_diagnostic_ranking
12120307,K02597.03,K02597,thin,multi,posterior_available,False,missing_qc_reason,5.61357653,0.119,15.2,232.0,False,False,6.976423924724383,675,False,not_selected_by_diagnostic_ranking
10141900,K01082.02,K01082,thin,multi,posterior_available,False,missing_qc_reason,4.09667624,0.142,16.2,291.0,False,False,6.975250331760082,676,False,not_selected_by_diagnostic_ranking
10000941,K04146.02,K04146,thin,multi,posterior_available,False,missing_qc_reason,2.5738437,0.044,10.9,492.0,False,False,6.948660145487542,677,False,not_selected_by_diagnostic_ranking
12120307,K02597.02,K02597,thin,multi,posterior_available,False,missing_qc_reason,12.13070414,0.083,15.3,100.0,False,False,6.943099925649136,678,False,not_selected_by_diagnostic_ranking
9489524,K02029.02,K02029,thin,multi,posterior_available,False,missing_qc_reason,10.05550267,0.061,13.6,136.0,False,False,6.890754371178948,679,False,not_selected_by_diagnostic_ranking
9782691,K00590.01,K00590,thin,multi,posterior_available,False,missing_qc_reason,11.38840217,0.243,34.7,93.0,False,False,6.862150882055645,680,False,not_selected_by_diagnostic_ranking
8277797,K01820.02,K01820,thin,multi,posterior_available,False,missing_qc_reason,1.653889476,0.226,22.3,756.0,False,False,6.858931982602922,681,False,not_selected_by_diagnostic_ranking
9002538,K03196.01,K03196,thin,multi,posterior_available,False,missing_qc_reason,4.96061094,0.058,12.5,272.0,False,False,6.843193312083212,682,False,not_selected_by_diagnostic_ranking
9455556,K01396.02,K01396,thin,multi,posterior_available,False,missing_qc_reason,3.70122061,0.178,19.6,337.0,False,False,6.8422742252291,683,False,not_selected_by_diagnostic_ranking
7509886,K00678.02,K00678,thin,multi,posterior_available,False,missing_qc_reason,4.13852825,0.185,20.5,321.0,False,False,6.82540661517981,684,False,not_selected_by_diagnostic_ranking
6587280,K00857.01,K00857,thin,multi,posterior_available,False,missing_qc_reason,5.715425977,0.348,59.4,181.0,False,False,6.818290626785576,685,False,not_selected_by_diagnostic_ranking
6276791,K04477.02,K04477,thin,multi,posterior_available,False,missing_qc_reason,9.32867952,0.035,12.7,140.0,False,False,6.8072895873916535,686,False,not_selected_by_diagnostic_ranking
3247268,K01089.01,K01089,thin,multi,posterior_available,False,missing_qc_reason,86.67856052,0.291,318.3,13.0,False,False,6.804516632996071,687,False,not_selected_by_diagnostic_ranking
8609450,K01278.03,K01278,thin,multi,posterior_available,False,missing_qc_reason,9.2207691,0.037,13.2,137.0,False,False,6.729176483348564,688,False,not_selected_by_diagnostic_ranking
4757437,K00497.02,K00497,thin,multi,posterior_available,False,missing_qc_reason,4.42535097,0.177,22.1,230.0,False,False,6.683736771510958,689,False,not_selected_by_diagnostic_ranking
8150320,K00904.03,K00904,thin,multi,posterior_available,False,missing_qc_reason,42.1406089,0.045,21.6,28.0,False,False,6.643137194165488,690,False,not_selected_by_diagnostic_ranking
10328393,K01905.01,K01905,thin,multi,posterior_available,False,missing_qc_reason,7.62635494,0.237,32.5,176.0,False,False,6.632010438672527,691,False,not_selected_by_diagnostic_ranking
10730034,K01305.01,K01305,thin,multi,posterior_available,False,missing_qc_reason,2.633852528,0.204,23.3,506.0,False,False,6.627908176799595,692,False,not_selected_by_diagnostic_ranking
6152974,K00216.02,K00216,thin,multi,posterior_available,False,missing_qc_reason,7.51854537,0.13,19.4,173.0,False,False,6.601052013134703,693,False,not_selected_by_diagnostic_ranking
4385148,K02942.01,K02942,thin,multi,posterior_available,False,missing_qc_reason,13.84301228,0.052,17.5,60.0,False,False,6.59190888607338,694,False,not_selected_by_diagnostic_ranking
8628758,K01279.02,K01279,thin,multi,posterior_available,False,missing_qc_reason,9.65188331,0.122,19.8,138.0,False,False,6.5659222805136945,695,False,not_selected_by_diagnostic_ranking
8013439,K02352.02,K02352,thin,multi,posterior_available,False,missing_qc_reason,5.62904396,0.237,32.2,237.0,False,False,6.544106686712838,696,False,not_selected_by_diagnostic_ranking
10601284,K00749.02,K00749,thin,multi,posterior_available,False,missing_qc_reason,3.94105221,0.226,28.9,322.0,False,False,6.537604871596976,697,False,not_selected_by_diagnostic_ranking
7107802,K02420.01,K02420,thin,multi,posterior_available,False,missing_qc_reason,10.41728722,0.12,20.3,130.0,False,False,6.516025635491783,698,False,not_selected_by_diagnostic_ranking
11754553,K00775.03,K00775,thin,multi,posterior_available,False,missing_qc_reason,36.4454001,0.028,21.7,27.0,False,False,6.497888804709672,699,False,not_selected_by_diagnostic_ranking
10328393,K01905.02,K01905,thin,multi,posterior_available,False,missing_qc_reason,15.99560373,0.088,20.0,79.0,False,False,6.477223855925604,700,False,not_selected_by_diagnostic_ranking
7287995,K00877.02,K00877,thin,multi,posterior_available,False,missing_qc_reason,12.03987488,0.286,57.6,106.0,False,False,6.4665172458309135,701,False,not_selected_by_diagnostic_ranking
10601284,K00749.03,K00749,thin,multi,posterior_available,False,missing_qc_reason,8.10904807,0.025,14.1,141.0,False,False,6.418388333979594,702,False,not_selected_by_diagnostic_ranking
8890924,K04269.02,K04269,thin,multi,posterior_available,False,missing_qc_reason,4.4408541,0.005,12.0,302.0,False,False,6.398938029544694,703,False,not_selected_by_diagnostic_ranking
12120307,K02597.01,K02597,thin,multi,posterior_available,False,missing_qc_reason,8.00504749,0.054,15.6,165.0,False,False,6.382195779579856,704,False,not_selected_by_diagnostic_ranking
4831728,K02739.01,K02739,thin,multi,posterior_available,False,missing_qc_reason,10.10773789,0.151,25.3,136.0,False,False,6.343706788150264,705,False,not_selected_by_diagnostic_ranking
10328393,K01905.03,K01905,thin,multi,posterior_available,False,missing_qc_reason,34.2115022,0.034,20.7,39.0,False,False,6.337151360689451,706,False,not_selected_by_diagnostic_ranking
10426656,K01161.01,K01161,thin,multi,posterior_available,False,missing_qc_reason,6.05729966,0.219,35.1,180.0,False,False,6.311153882778819,707,False,not_selected_by_diagnostic_ranking
4939346,K01873.01,K01873,thin,multi,posterior_available,False,missing_qc_reason,71.3116598,0.035,43.4,12.0,False,False,6.272635049542711,708,False,not_selected_by_diagnostic_ranking
8120608,K00571.04,K00571,thin,multi,posterior_available,False,missing_qc_reason,22.40777833,0.147,33.9,54.0,False,False,6.265854567743174,709,False,not_selected_by_diagnostic_ranking
5351250,K00408.04,K00408,thin,multi,posterior_available,False,missing_qc_reason,3.42806306,0.082,16.6,347.0,False,False,6.265635063833178,710,False,not_selected_by_diagnostic_ranking
8167996,K01867.03,K01867,thin,multi,posterior_available,False,missing_qc_reason,5.21230171,0.187,29.3,235.0,False,False,6.217172742739273,711,False,not_selected_by_diagnostic_ranking
3937519,K00221.02,K00221,thin,multi,posterior_available,False,missing_qc_reason,5.89661966,0.039,15.3,209.0,False,False,6.19481438951521,712,False,not_selected_by_diagnostic_ranking
9602613,K02612.01,K02612,thin,multi,posterior_available,False,missing_qc_reason,4.61225043,0.012,13.7,228.0,False,False,6.185698448115514,713,False,not_selected_by_diagnostic_ranking
7747425,K01952.03,K01952,thin,multi,posterior_available,False,missing_qc_reason,5.19559398,0.054,16.0,240.0,False,False,6.185497224367903,714,False,not_selected_by_diagnostic_ranking
8611832,K02414.01,K02414,thin,multi,posterior_available,False,missing_qc_reason,22.5968256,0.062,22.2,60.0,False,False,6.155758048515895,715,False,not_selected_by_diagnostic_ranking
11360805,K02422.01,K02422,thin,multi,posterior_available,False,missing_qc_reason,26.7838935,0.036,20.9,50.0,False,False,6.148999954971166,716,False,not_selected_by_diagnostic_ranking
3348082,K01196.02,K01196,thin,multi,posterior_available,False,missing_qc_reason,11.63486009,0.053,18.4,110.0,False,False,6.145986630447162,717,False,not_selected_by_diagnostic_ranking
10730034,K01305.02,K01305,thin,multi,posterior_available,False,missing_qc_reason,6.18670882,0.013,14.3,202.0,False,False,6.122456398209743,718,False,not_selected_by_diagnostic_ranking
3230805,K03068.01,K03068,thin,multi,posterior_available,False,missing_qc_reason,3.91679553,0.007,13.2,350.0,False,False,6.109341309456652,719,False,not_selected_by_diagnostic_ranking
10141900,K01082.01,K01082,thin,multi,posterior_available,False,missing_qc_reason,6.50327035,0.08,19.0,200.0,False,False,6.095421458597782,720,False,not_selected_by_diagnostic_ranking
8247638,K00907.03,K00907,thin,multi,posterior_available,False,missing_qc_reason,4.79090809,0.11,21.2,242.0,False,False,6.08654677416392,721,False,not_selected_by_diagnostic_ranking
7287995,K00877.01,K00877,thin,multi,posterior_available,False,missing_qc_reason,5.95489993,0.327,87.2,226.0,False,False,6.076954789628336,722,False,not_selected_by_diagnostic_ranking
10973664,K00601.01,K00601,thin,multi,posterior_available,False,missing_qc_reason,5.40426917,0.229,40.5,243.0,False,False,6.074197104373129,723,False,not_selected_by_diagnostic_ranking
4139816,K00812.03,K00812,thin,multi,posterior_available,False,missing_qc_reason,46.1842039,0.013,26.0,25.0,False,False,6.052322702763681,724,False,not_selected_by_diagnostic_ranking
8150320,K00904.02,K00904,thin,multi,posterior_available,False,missing_qc_reason,27.9541337,0.063,25.4,48.0,False,False,6.04175462363679,725,False,not_selected_by_diagnostic_ranking
6062088,K00658.03,K00658,thin,multi,posterior_available,False,missing_qc_reason,11.32977062,0.036,18.5,115.0,False,False,5.942410357993086,726,False,not_selected_by_diagnostic_ranking
10271806,K00733.03,K00733,thin,multi,posterior_available,False,missing_qc_reason,3.13295351,0.135,23.9,402.0,False,False,5.9397694166999475,727,False,not_selected_by_diagnostic_ranking
9605514,K00945.01,K00945,thin,multi,posterior_available,False,missing_qc_reason,25.8474958,0.054,27.3,42.0,False,False,5.910828511375683,728,False,not_selected_by_diagnostic_ranking
6152974,K00216.01,K00216,thin,multi,posterior_available,False,missing_qc_reason,20.172024672,0.334,226.8,65.0,False,False,5.908379134041411,729,False,not_selected_by_diagnostic_ranking
8733898,K02842.03,K02842,thin,multi,posterior_available,False,missing_qc_reason,3.036208739,0.111,26.0,154.0,False,False,5.838145666789061,730,False,not_selected_by_diagnostic_ranking
8613535,K02263.02,K02263,thin,multi,posterior_available,False,missing_qc_reason,9.47850818,0.112,26.7,141.0,False,False,5.832716919647437,731,False,not_selected_by_diagnostic_ranking
2165002,K00999.01,K00999,thin,multi,posterior_available,False,missing_qc_reason,16.56806842,0.164,41.9,83.0,False,False,5.827390061984208,732,False,not_selected_by_diagnostic_ranking
10978763,K01931.03,K01931,thin,multi,posterior_available,False,missing_qc_reason,6.98800953,0.024,17.1,179.0,False,False,5.823943426818681,733,False,not_selected_by_diagnostic_ranking
8689373,K00921.02,K00921,thin,multi,posterior_available,False,missing_qc_reason,18.11993039,0.206,60.7,70.0,False,False,5.822286425582493,734,False,not_selected_by_diagnostic_ranking
3234843,K03057.02,K03057,thin,multi,posterior_available,False,missing_qc_reason,10.61368712,0.024,18.9,106.0,False,False,5.811722924639626,735,False,not_selected_by_diagnostic_ranking
9605514,K00945.02,K00945,thin,multi,posterior_available,False,missing_qc_reason,40.715561,0.008,28.9,25.0,False,False,5.800326659021623,736,False,not_selected_by_diagnostic_ranking
11090556,K02977.01,K02977,thin,multi,posterior_available,False,missing_qc_reason,2.7881793,0.058,17.7,483.0,False,False,5.788842640608573,737,False,not_selected_by_diagnostic_ranking
4770365,K01475.02,K01475,thin,multi,posterior_available,False,missing_qc_reason,9.51220046,0.133,31.9,121.0,False,False,5.780162068073465,738,False,not_selected_by_diagnostic_ranking
7603200,K00314.03,K00314,thin,multi,posterior_available,False,missing_qc_reason,10.31282204,0.061,22.0,122.0,False,False,5.779371787537395,739,False,not_selected_by_diagnostic_ranking
9590976,K00710.01,K00710,thin,multi,posterior_available,False,missing_qc_reason,5.37493289,0.228,49.0,255.0,False,False,5.763367148228006,740,False,not_selected_by_diagnostic_ranking
7376983,K01358.03,K01358,thin,multi,posterior_available,False,missing_qc_reason,3.64830183,0.063,19.9,282.0,False,False,5.708849730797617,741,False,not_selected_by_diagnostic_ranking
9886361,K02732.02,K02732,thin,multi,posterior_available,False,missing_qc_reason,13.61165024,0.112,31.6,95.0,False,False,5.703818686909255,742,False,not_selected_by_diagnostic_ranking
10586004,K00275.02,K00275,thin,multi,posterior_available,False,missing_qc_reason,82.2001239,0.001,47.9,13.0,False,False,5.673264066386818,743,False,not_selected_by_diagnostic_ranking
9873254,K00717.01,K00717,thin,multi,posterior_available,False,missing_qc_reason,14.70749512,0.127,36.3,88.0,False,False,5.655534233324513,744,False,not_selected_by_diagnostic_ranking
8874090,K01404.01,K01404,thin,multi,posterior_available,False,missing_qc_reason,13.32389352,0.073,25.9,102.0,False,False,5.650035002435971,745,False,not_selected_by_diagnostic_ranking
10797460,K00752.01,K00752,thin,multi,posterior_available,False,missing_qc_reason,9.48803557,0.146,35.8,142.0,False,False,5.641812710621067,746,False,not_selected_by_diagnostic_ranking
7609553,K02924.01,K02924,thin,multi,posterior_available,False,missing_qc_reason,2.279523364,0.033,16.7,584.0,False,False,5.637890786625148,747,False,not_selected_by_diagnostic_ranking
3661886,K02279.01,K02279,thin,multi,posterior_available,False,missing_qc_reason,27.0142622,0.009,25.5,40.0,False,False,5.631729001990887,748,False,not_selected_by_diagnostic_ranking
4665571,K02393.01,K02393,thin,multi,posterior_available,False,missing_qc_reason,4.60300256,0.072,22.2,225.0,False,False,5.631430266446756,749,False,not_selected_by_diagnostic_ranking
7455287,K00886.01,K00886,thin,multi,posterior_available,False,missing_qc_reason,8.01078456,0.192,48.5,168.0,False,False,5.563349384281412,750,False,not_selected_by_diagnostic_ranking
4249725,K00222.02,K00222,thin,multi,posterior_available,False,missing_qc_reason,12.7945474,0.18,54.1,94.0,False,False,5.550559959520648,751,False,not_selected_by_diagnostic_ranking
8804845,K02039.01,K02039,thin,multi,posterior_available,False,missing_qc_reason,5.42586901,0.1,26.1,250.0,False,False,5.547256995465032,752,False,not_selected_by_diagnostic_ranking
3218908,K01108.02,K01108,thin,multi,posterior_available,False,missing_qc_reason,1.475323222,0.136,27.2,877.0,False,False,5.532500950963439,753,False,not_selected_by_diagnostic_ranking
8505670,K00912.01,K00912,thin,multi,posterior_available,False,missing_qc_reason,10.8484518,0.21,64.5,122.0,False,False,5.495648685883947,754,False,not_selected_by_diagnostic_ranking
9347899,K00935.02,K00935,thin,multi,posterior_available,False,missing_qc_reason,42.63427848,0.142,78.7,32.0,False,False,5.44222744762628,755,False,not_selected_by_diagnostic_ranking
11918099,K00780.01,K00780,thin,multi,posterior_available,False,missing_qc_reason,2.337437946,0.28,82.4,578.0,False,False,5.41920841160001,756,False,not_selected_by_diagnostic_ranking
3541946,K00624.01,K00624,thin,multi,posterior_available,False,missing_qc_reason,17.79001678,0.182,67.2,75.0,False,False,5.414450720750584,757,False,not_selected_by_diagnostic_ranking
3554031,K01194.01,K01194,thin,multi,posterior_available,False,missing_qc_reason,8.70798309,0.063,28.1,100.0,False,False,5.402913389522725,758,False,not_selected_by_diagnostic_ranking
7663405,K01519.01,K01519,thin,multi,posterior_available,False,missing_qc_reason,5.1443645,0.031,20.2,261.0,False,False,5.3789260554900205,759,False,not_selected_by_diagnostic_ranking
7366258,K00880.03,K00880,thin,multi,posterior_available,False,missing_qc_reason,5.902245782,0.209,59.3,220.0,False,False,5.361383445354096,760,False,not_selected_by_diagnostic_ranking
7376983,K01358.04,K01358,thin,multi,posterior_available,False,missing_qc_reason,2.345863002,0.035,19.6,428.0,False,False,5.350907759049088,761,False,not_selected_by_diagnostic_ranking
8292840,K00260.01,K00260,thin,multi,posterior_available,False,missing_qc_reason,10.49566303,0.16,48.7,128.0,False,False,5.349813057159636,762,False,not_selected_by_diagnostic_ranking
10157458,K01083.01,K01083,thin,multi,posterior_available,False,missing_qc_reason,7.33685101,0.018,21.6,140.0,False,False,5.328469083847868,763,False,not_selected_by_diagnostic_ranking
7366258,K00880.02,K00880,thin,multi,posterior_available,False,missing_qc_reason,51.53997972,0.183,155.5,28.0,False,False,5.323676244575387,764,False,not_selected_by_diagnostic_ranking
10055126,K01608.01,K01608,thin,multi,posterior_available,False,missing_qc_reason,9.17617167,0.107,34.3,146.0,False,False,5.312544772414921,765,False,not_selected_by_diagnostic_ranking
8008206,K00569.02,K00569,thin,multi,posterior_available,False,missing_qc_reason,1.632916419,0.136,31.0,807.0,False,False,5.30412271243988,766,False,not_selected_by_diagnostic_ranking
9590976,K00710.03,K00710,thin,multi,posterior_available,False,missing_qc_reason,3.88688862,0.035,20.8,312.0,False,False,5.301428613607443,767,False,not_selected_by_diagnostic_ranking
11086270,K00124.02,K00124,thin,multi,posterior_available,False,missing_qc_reason,31.71981013,0.125,63.1,44.0,False,False,5.275322441841021,768,False,not_selected_by_diagnostic_ranking
8689373,K00921.01,K00921,thin,multi,posterior_available,False,missing_qc_reason,10.28194593,0.168,55.0,126.0,False,False,5.267670256227716,769,False,not_selected_by_diagnostic_ranking
5364071,K00248.04,K00248,thin,multi,posterior_available,False,missing_qc_reason,18.59611518,0.014,27.6,61.0,False,False,5.227303737463365,770,False,not_selected_by_diagnostic_ranking
4741126,K01534.01,K01534,thin,multi,posterior_available,False,missing_qc_reason,20.4222447,0.059,34.7,65.0,False,False,5.225546533217305,771,False,not_selected_by_diagnostic_ranking
10910878,K00757.02,K00757,thin,multi,posterior_available,False,missing_qc_reason,41.19725502,0.045,51.2,26.0,False,False,5.206246323256578,772,False,not_selected_by_diagnostic_ranking
7050989,K00312.02,K00312,thin,multi,posterior_available,False,missing_qc_reason,16.39926461,0.115,46.4,82.0,False,False,5.190416358321983,773,False,not_selected_by_diagnostic_ranking
11361646,K00330.02,K00330,thin,multi,posterior_available,False,missing_qc_reason,1.88899036,0.011,18.2,661.0,False,False,5.187027230177161,774,False,not_selected_by_diagnostic_ranking
9823519,K02793.02,K02793,thin,multi,posterior_available,False,missing_qc_reason,1.766789509,0.066,26.7,273.0,False,False,5.13579253124972,775,False,not_selected_by_diagnostic_ranking
1432789,K00992.01,K00992,thin,multi,posterior_available,False,missing_qc_reason,9.93146307,0.037,26.2,137.0,False,False,5.131680983539578,776,False,not_selected_by_diagnostic_ranking
10878263,K00341.02,K00341,thin,multi,posterior_available,False,missing_qc_reason,4.699652821,0.135,41.6,219.0,False,False,5.126605743129697,777,False,not_selected_by_diagnostic_ranking
5640085,K00448.02,K00448,thin,multi,posterior_available,False,missing_qc_reason,43.5859419,0.011,38.9,31.0,False,False,5.112729859242078,778,False,not_selected_by_diagnostic_ranking
9787239,K00952.04,K00952,thin,multi,posterior_available,False,missing_qc_reason,2.896005211,0.082,28.6,345.0,False,False,5.098169862091994,779,False,not_selected_by_diagnostic_ranking
9451706,K00271.01,K00271,thin,multi,posterior_available,False,missing_qc_reason,48.6303805,0.034,53.9,25.0,False,False,5.0641788264159775,780,False,not_selected_by_diagnostic_ranking
3240158,K01106.01,K01106,thin,multi,posterior_available,False,missing_qc_reason,7.42608123,0.097,37.5,180.0,False,False,4.981342316210834,781,False,not_selected_by_diagnostic_ranking
11754553,K00775.01,K00775,thin,multi,posterior_available,False,missing_qc_reason,16.38489988,0.001,28.9,65.0,False,False,4.9706740049137075,782,False,not_selected_by_diagnostic_ranking
12058204,K02218.01,K02218,thin,multi,posterior_available,False,missing_qc_reason,5.53533152,0.051,27.5,240.0,False,False,4.969347581350272,783,False,not_selected_by_diagnostic_ranking
9455556,K01396.01,K01396,thin,multi,posterior_available,False,missing_qc_reason,6.62643441,0.111,40.6,194.0,False,False,4.966782261489461,784,False,not_selected_by_diagnostic_ranking
8022489,K02674.03,K02674,thin,multi,posterior_available,False,missing_qc_reason,2.53573284,0.054,25.5,524.0,False,False,4.937442200237217,785,False,not_selected_by_diagnostic_ranking
8077137,K00274.01,K00274,thin,multi,posterior_available,False,missing_qc_reason,15.0896415,0.02,29.5,91.0,False,False,4.930583308315212,786,False,not_selected_by_diagnostic_ranking
6948054,K00869.02,K00869,thin,multi,posterior_available,False,missing_qc_reason,36.2761238,0.035,45.5,39.0,False,False,4.916278804695276,787,False,not_selected_by_diagnostic_ranking
10130039,K01909.02,K01909,thin,multi,posterior_available,False,missing_qc_reason,5.47033376,0.074,32.7,231.0,False,False,4.895438778873114,788,False,not_selected_by_diagnostic_ranking
6949607,K00870.01,K00870,thin,multi,posterior_available,False,missing_qc_reason,5.912273234,0.17,62.8,227.0,False,False,4.8874956372253155,789,False,not_selected_by_diagnostic_ranking
8612275,K02111.01,K02111,thin,multi,posterior_available,False,missing_qc_reason,3.289726319,0.052,27.0,407.0,False,False,4.864683391694115,790,False,not_selected_by_diagnostic_ranking
6383785,K00239.02,K00239,thin,multi,posterior_available,False,missing_qc_reason,3.62275506,0.007,22.3,343.0,False,False,4.845184746032307,791,False,not_selected_by_diagnostic_ranking
8120608,K00571.03,K00571,thin,multi,posterior_available,False,missing_qc_reason,3.886795001,0.119,41.8,332.0,False,False,4.832262424397182,792,False,not_selected_by_diagnostic_ranking
5364071,K00248.03,K00248,thin,multi,posterior_available,False,missing_qc_reason,2.576571021,0.187,63.6,499.0,False,False,4.82551079391344,793,False,not_selected_by_diagnostic_ranking
12066335,K00784.01,K00784,thin,multi,posterior_available,False,missing_qc_reason,19.27153892,0.031,37.1,67.0,False,False,4.815239960078644,794,False,not_selected_by_diagnostic_ranking
5640085,K00448.01,K00448,thin,multi,posterior_available,False,missing_qc_reason,10.13958818,0.078,40.3,128.0,False,False,4.814368885536064,795,False,not_selected_by_diagnostic_ranking
10878263,K00341.01,K00341,thin,multi,posterior_available,False,missing_qc_reason,7.170710381,0.188,89.3,152.0,False,False,4.807538846738238,796,False,not_selected_by_diagnostic_ranking
5531576,K00837.02,K00837,thin,multi,posterior_available,False,missing_qc_reason,4.14451656,0.004,22.8,316.0,False,False,4.791083033379967,797,False,not_selected_by_diagnostic_ranking
7376983,K01358.02,K01358,thin,multi,posterior_available,False,missing_qc_reason,8.74292005,0.025,30.7,122.0,False,False,4.764971838847353,798,False,not_selected_by_diagnostic_ranking
11361646,K00330.01,K00330,thin,multi,posterior_available,False,missing_qc_reason,7.97420583,0.128,55.1,171.0,False,False,4.739070264973834,799,False,not_selected_by_diagnostic_ranking
10910878,K00757.03,K00757,thin,multi,posterior_available,False,missing_qc_reason,6.252962249,0.105,47.1,167.0,False,False,4.738024495680377,800,False,not_selected_by_diagnostic_ranking
6948054,K00869.04,K00869,thin,multi,posterior_available,False,missing_qc_reason,3.219814777,0.06,30.5,391.0,False,False,4.727151579124914,801,False,not_selected_by_diagnostic_ranking
7455287,K00886.02,K00886,thin,multi,posterior_available,False,missing_qc_reason,12.07134205,0.014,31.0,112.0,False,False,4.6770172230585665,802,False,not_selected_by_diagnostic_ranking
6975129,K01628.02,K01628,thin,multi,posterior_available,False,missing_qc_reason,1.772451066,0.006,22.4,741.0,False,False,4.653130452827905,803,False,not_selected_by_diagnostic_ranking
8564587,K01270.02,K01270,thin,multi,posterior_available,False,missing_qc_reason,11.60908533,0.03,34.1,117.0,False,False,4.649439053295756,804,False,not_selected_by_diagnostic_ranking
8609450,K01278.01,K01278,thin,multi,posterior_available,False,missing_qc_reason,24.8056775,0.007,39.4,52.0,False,False,4.643015429948903,805,False,not_selected_by_diagnostic_ranking
7747425,K01952.01,K01952,thin,multi,posterior_available,False,missing_qc_reason,8.0103929,0.045,34.6,166.0,False,False,4.626252530296562,806,False,not_selected_by_diagnostic_ranking
12600735,K00548.01,K00548,thin,multi,posterior_available,False,missing_qc_reason,21.30020491,0.075,58.1,65.0,False,False,4.6142150223340135,807,False,not_selected_by_diagnostic_ranking
1871056,K01001.01,K01001,thin,multi,posterior_available,False,missing_qc_reason,40.8065333,0.016,54.8,34.0,False,False,4.576701986216584,808,False,not_selected_by_diagnostic_ranking
8804283,K01276.01,K01276,thin,multi,posterior_available,False,missing_qc_reason,22.79020351,0.036,47.7,58.0,False,False,4.568879280351021,809,False,not_selected_by_diagnostic_ranking
3541946,K00624.03,K00624,thin,multi,posterior_available,False,missing_qc_reason,1.311842968,0.121,44.2,992.0,False,False,4.535784505481411,810,False,not_selected_by_diagnostic_ranking
5252423,K00825.01,K00825,thin,multi,posterior_available,False,missing_qc_reason,8.10363271,0.047,39.3,131.0,False,False,4.53402019277452,811,False,not_selected_by_diagnostic_ranking
8644288,K00137.02,K00137,thin,multi,posterior_available,False,missing_qc_reason,14.85890852,0.255,456.8,93.0,False,False,4.522717019241286,812,False,not_selected_by_diagnostic_ranking
11401755,K00277.02,K00277,thin,multi,posterior_available,False,missing_qc_reason,13.84984567,0.012,35.2,94.0,False,False,4.5224205585750035,813,False,not_selected_by_diagnostic_ranking
11754553,K00775.02,K00775,thin,multi,posterior_available,False,missing_qc_reason,7.8774163,0.041,38.7,135.0,False,False,4.4856151136266185,814,False,not_selected_by_diagnostic_ranking
9787239,K00952.03,K00952,thin,multi,posterior_available,False,missing_qc_reason,22.78078241,0.008,46.4,47.0,False,False,4.474751012552463,815,False,not_selected_by_diagnostic_ranking
9823519,K02793.01,K02793,thin,multi,posterior_available,False,missing_qc_reason,4.49686066,0.018,37.0,114.0,False,False,4.40456555768884,816,False,not_selected_by_diagnostic_ranking
7870390,K00898.01,K00898,thin,multi,posterior_available,False,missing_qc_reason,9.7704486,0.09,58.0,135.0,False,False,4.386791623018321,817,False,not_selected_by_diagnostic_ranking
5735762,K00148.03,K00148,thin,multi,posterior_available,False,missing_qc_reason,42.89645024,0.007,66.8,30.0,False,False,4.3427857795125355,818,False,not_selected_by_diagnostic_ranking
9886361,K02732.01,K02732,thin,multi,posterior_available,False,missing_qc_reason,7.03146295,0.014,33.8,193.0,False,False,4.299920331517602,819,False,not_selected_by_diagnostic_ranking
3656121,K00386.01,K00386,thin,multi,posterior_available,False,missing_qc_reason,31.1588249,0.029,73.6,36.0,False,False,4.287928687267451,820,False,not_selected_by_diagnostic_ranking
5735762,K00148.02,K00148,thin,multi,posterior_available,False,missing_qc_reason,9.673958488,0.194,178.0,140.0,False,False,4.28421763272024,821,False,not_selected_by_diagnostic_ranking
11122894,K01426.01,K01426,thin,multi,posterior_available,False,missing_qc_reason,38.86848956,0.028,73.4,36.0,False,False,4.281102632945021,822,False,not_selected_by_diagnostic_ranking
7831264,K00171.01,K00171,thin,multi,posterior_available,False,missing_qc_reason,5.968724048,0.166,107.1,225.0,False,False,4.259236785508162,823,False,not_selected_by_diagnostic_ranking
11192998,K00481.03,K00481,thin,multi,posterior_available,False,missing_qc_reason,34.25951418,0.008,66.1,34.0,False,False,4.254952765092604,824,False,not_selected_by_diagnostic_ranking
10130039,K01909.01,K01909,thin,multi,posterior_available,False,missing_qc_reason,12.75800092,0.011,41.7,106.0,False,False,4.178433927769818,825,False,not_selected_by_diagnostic_ranking
11018648,K00759.01,K00759,thin,multi,posterior_available,False,missing_qc_reason,32.62876672,0.021,80.0,34.0,False,False,4.161053828924878,826,False,not_selected_by_diagnostic_ranking
10601284,K00749.01,K00749,thin,multi,posterior_available,False,missing_qc_reason,5.349553819,0.092,60.6,247.0,False,False,4.125459740669317,827,False,not_selected_by_diagnostic_ranking
7373451,K00881.01,K00881,thin,multi,posterior_available,False,missing_qc_reason,21.02250608,0.036,62.4,67.0,False,False,4.113542861272219,828,False,not_selected_by_diagnostic_ranking
8158127,K01015.01,K01015,thin,multi,posterior_available,False,missing_qc_reason,9.42889884,0.011,50.4,75.0,False,False,4.081881387474306,829,False,not_selected_by_diagnostic_ranking
8120608,K00571.01,K00571,thin,multi,posterior_available,False,missing_qc_reason,7.26731094,0.043,47.8,179.0,False,False,4.070219363453795,830,False,not_selected_by_diagnostic_ranking
8628758,K01279.01,K01279,thin,multi,posterior_available,False,missing_qc_reason,14.37457572,0.035,55.2,95.0,False,False,4.067887862375982,831,False,not_selected_by_diagnostic_ranking
9787239,K00952.02,K00952,thin,multi,posterior_available,False,missing_qc_reason,8.75209691,0.017,44.8,121.0,False,False,4.067162432426893,832,False,not_selected_by_diagnostic_ranking
7269974,K00456.02,K00456,thin,multi,posterior_available,False,missing_qc_reason,4.309381978,0.034,42.3,302.0,False,False,3.9905393644113865,833,False,not_selected_by_diagnostic_ranking
8277797,K01820.01,K01820,thin,multi,posterior_available,False,missing_qc_reason,4.33722007,0.053,47.9,309.0,False,False,3.988643209249247,834,False,not_selected_by_diagnostic_ranking
9757613,K00250.03,K00250,thin,multi,posterior_available,False,missing_qc_reason,3.543919702,0.022,38.2,360.0,False,False,3.982970285147598,835,False,not_selected_by_diagnostic_ranking
4757437,K00497.01,K00497,thin,multi,posterior_available,False,missing_qc_reason,13.19322809,0.005,50.9,84.0,False,False,3.9443993107849864,836,False,not_selected_by_diagnostic_ranking
8167996,K01867.01,K01867,thin,multi,posterior_available,False,missing_qc_reason,2.549562652,0.047,43.7,526.0,False,False,3.931465824277205,837,False,not_selected_by_diagnostic_ranking
5351250,K00408.02,K00408,thin,multi,posterior_available,False,missing_qc_reason,12.56096618,0.022,55.1,100.0,False,False,3.914351152071961,838,False,not_selected_by_diagnostic_ranking
12470844,K00790.01,K00790,thin,multi,posterior_available,False,missing_qc_reason,8.47237911,0.022,47.6,159.0,False,False,3.9119067639803866,839,False,not_selected_by_diagnostic_ranking
4770365,K01475.01,K01475,thin,multi,posterior_available,False,missing_qc_reason,1.609321941,0.016,35.3,751.0,False,False,3.8911263219641192,840,False,not_selected_by_diagnostic_ranking
7366258,K00880.01,K00880,thin,multi,posterior_available,False,missing_qc_reason,26.44439337,0.03,88.0,53.0,False,False,3.8056128030429948,841,False,not_selected_by_diagnostic_ranking
10586004,K00275.01,K00275,thin,multi,posterior_available,False,missing_qc_reason,15.79196594,0.032,77.3,69.0,False,False,3.7986429697020143,842,False,not_selected_by_diagnostic_ranking
7040629,K00671.01,K00671,thin,multi,posterior_available,False,missing_qc_reason,4.22865217,0.009,41.5,313.0,False,False,3.7598355217695527,843,False,not_selected_by_diagnostic_ranking
9347899,K00935.01,K00935,thin,multi,posterior_available,False,missing_qc_reason,20.86021229,0.066,117.0,67.0,False,False,3.730695097647149,844,False,not_selected_by_diagnostic_ranking
5113822,K00638.01,K00638,thin,multi,posterior_available,False,missing_qc_reason,23.6421965,0.022,97.2,46.0,False,False,3.723021626382919,845,False,not_selected_by_diagnostic_ranking
8480285,K00691.01,K00691,thin,multi,posterior_available,False,missing_qc_reason,29.66631669,0.019,95.3,46.0,False,False,3.7131439874655765,846,False,not_selected_by_diagnostic_ranking
9787239,K00952.01,K00952,thin,multi,posterior_available,False,missing_qc_reason,5.90127815,0.03,56.6,176.0,False,False,3.712187248201162,847,False,not_selected_by_diagnostic_ranking
6948054,K00869.01,K00869,thin,multi,posterior_available,False,missing_qc_reason,7.49018305,0.02,53.0,178.0,False,False,3.696742967969642,848,False,not_selected_by_diagnostic_ranking
6949607,K00870.02,K00870,thin,multi,posterior_available,False,missing_qc_reason,8.98581901,0.008,51.8,145.0,False,False,3.689304870421042,849,False,not_selected_by_diagnostic_ranking
5351250,K00408.01,K00408,thin,multi,posterior_available,False,missing_qc_reason,7.381980206,0.096,101.6,181.0,False,False,3.687483621578529,850,False,not_selected_by_diagnostic_ranking
11773022,K00620.01,K00620,thin,multi,posterior_available,False,missing_qc_reason,45.15535633,0.063,285.1,29.0,False,False,3.6714433502564088,851,False,not_selected_by_diagnostic_ranking
10843590,K00431.01,K00431,thin,multi,posterior_available,False,missing_qc_reason,18.87022157,0.013,72.7,71.0,False,False,3.6624293882947834,852,False,not_selected_by_diagnostic_ranking
11086270,K00124.01,K00124,thin,multi,posterior_available,False,missing_qc_reason,12.69104387,0.008,60.2,108.0,False,False,3.619946759781712,853,False,not_selected_by_diagnostic_ranking
9729691,K01751.01,K01751,thin,multi,posterior_available,False,missing_qc_reason,8.689301216,0.029,70.9,126.0,False,False,3.556107413993465,854,False,not_selected_by_diagnostic_ranking
2438264,K00440.01,K00440,thin,multi,posterior_available,False,missing_qc_reason,15.90688891,0.014,75.0,86.0,False,False,3.527728808792887,855,False,not_selected_by_diagnostic_ranking
9530945,K00708.01,K00708,thin,multi,posterior_available,False,missing_qc_reason,17.40665216,0.022,85.7,76.0,False,False,3.527505611902749,856,False,not_selected_by_diagnostic_ranking
8733898,K02842.01,K02842,thin,multi,posterior_available,False,missing_qc_reason,1.565412613,0.003,48.6,336.0,False,False,3.4444212783362156,857,False,not_selected_by_diagnostic_ranking
10656823,K00598.01,K00598,thin,multi,posterior_available,False,missing_qc_reason,8.30783912,0.019,66.4,164.0,False,False,3.42527227781211,858,False,not_selected_by_diagnostic_ranking
3217264,K00401.01,K00401,thin,multi,posterior_available,False,missing_qc_reason,29.19899219,0.043,171.0,49.0,False,False,3.388009654375174,859,False,not_selected_by_diagnostic_ranking
10723750,K00209.01,K00209,thin,multi,posterior_available,False,missing_qc_reason,50.79034648,0.058,508.8,29.0,False,False,3.3236120094354047,860,False,not_selected_by_diagnostic_ranking
5094751,K00123.02,K00123,thin,multi,posterior_available,False,missing_qc_reason,21.22261195,0.02,114.9,64.0,False,False,3.3158210194411297,861,False,not_selected_by_diagnostic_ranking
10910878,K00757.01,K00757,thin,multi,posterior_available,False,missing_qc_reason,16.06864674,0.052,161.9,69.0,False,False,3.2956921422145773,862,False,not_selected_by_diagnostic_ranking
7269974,K00456.01,K00456,thin,multi,posterior_available,False,missing_qc_reason,13.69942266,0.03,120.0,97.0,False,False,3.1410880234841727,863,False,not_selected_by_diagnostic_ranking
7440748,K00457.01,K00457,thin,multi,posterior_available,False,missing_qc_reason,4.9213639,0.026,77.7,273.0,False,False,3.134149115272562,864,False,not_selected_by_diagnostic_ranking
9757613,K00250.01,K00250,thin,multi,posterior_available,False,missing_qc_reason,12.282998287,0.047,137.2,110.0,False,False,3.1309320311518687,865,False,not_selected_by_diagnostic_ranking
8692861,K00172.01,K00172,thin,multi,posterior_available,False,missing_qc_reason,13.7223682,0.009,97.9,97.0,False,False,3.1266828116650247,866,False,not_selected_by_diagnostic_ranking
5364071,K00248.01,K00248,thin,multi,posterior_available,False,missing_qc_reason,7.203855862,0.037,101.1,186.0,False,False,3.0923255011600874,867,False,not_selected_by_diagnostic_ranking
8008067,K00316.01,K00316,thin,multi,posterior_available,False,missing_qc_reason,15.77111067,0.009,123.2,87.0,False,False,2.9639874602289127,868,False,not_selected_by_diagnostic_ranking
11192998,K00481.01,K00481,thin,multi,posterior_available,False,missing_qc_reason,7.650243513,0.014,98.8,178.0,False,False,2.901640780459696,869,False,not_selected_by_diagnostic_ranking
4249725,K00222.01,K00222,thin,multi,posterior_available,False,missing_qc_reason,6.312508525,0.029,112.5,215.0,False,False,2.8576124226346002,870,False,not_selected_by_diagnostic_ranking
8890783,K00464.02,K00464,thin,multi,posterior_available,False,missing_qc_reason,5.350156114,0.008,87.1,250.0,False,False,2.855449349773304,871,False,not_selected_by_diagnostic_ranking
6029239,K00304.01,K00304,thin,multi,posterior_available,False,missing_qc_reason,8.512037736,0.005,102.2,158.0,False,False,2.8239137547980566,872,False,not_selected_by_diagnostic_ranking
11401755,K00277.01,K00277,thin,multi,posterior_available,False,missing_qc_reason,16.23191704,0.017,194.9,81.0,False,False,2.713708238892846,873,False,not_selected_by_diagnostic_ranking
11192998,K00481.02,K00481,thin,multi,posterior_available,False,missing_qc_reason,1.55400389,0.016,82.1,836.0,False,False,2.71314225801329,874,False,not_selected_by_diagnostic_ranking
5735762,K00148.01,K00148,thin,multi,posterior_available,False,missing_qc_reason,4.77800306,0.02,115.4,274.0,False,False,2.6658966516658147,875,False,not_selected_by_diagnostic_ranking
6383785,K00239.01,K00239,thin,multi,posterior_available,False,missing_qc_reason,5.640676975,0.033,145.9,242.0,False,False,2.6286032684444125,876,False,not_selected_by_diagnostic_ranking
8644288,K00137.01,K00137,thin,multi,posterior_available,False,missing_qc_reason,7.641567589,0.027,437.5,175.0,False,False,1.9821118334859693,877,False,not_selected_by_diagnostic_ranking
7132798,K00220.01,K00220,thin,multi,posterior_available,False,missing_qc_reason,2.422084188,0.058,423.7,551.0,False,False,1.9776439829316586,878,False,not_selected_by_diagnostic_ranking
4349452,K00244.02,K00244,thin,multi,posterior_available,False,missing_qc_reason,6.238535444,0.008,274.5,210.0,False,False,1.977208839909268,879,False,not_selected_by_diagnostic_ranking
11295426,K00246.01,K00246,thin,multi,posterior_available,False,missing_qc_reason,5.398752862,0.015,289.6,252.0,False,False,1.955192025154383,880,False,not_selected_by_diagnostic_ranking
3937519,K00221.01,K00221,thin,multi,posterior_available,False,missing_qc_reason,3.413036353,0.046,480.7,398.0,False,False,1.873460728394536,881,False,not_selected_by_diagnostic_ranking
10905239,K00046.01,K00046,thin,multi,posterior_available,False,missing_qc_reason,3.487688776,0.026,350.6,386.0,False,False,1.8371164184016646,882,False,not_selected_by_diagnostic_ranking
10019708,K00199.01,K00199,thin,multi,posterior_available,False,missing_qc_reason,3.268695042,0.065,1429.9,413.0,False,False,1.6709722101364854,883,False,not_selected_by_diagnostic_ranking
